index,page_url,saved_html,saved_pdf,title,doi,abstract,journal,publication_date,pdf_url,authors,paragraph_count,word_count_est,crossref_query,crossref_publisher,crossref_container_title,crossref_score,crossref_abstract,error
1,https://doi.org/10.1029/2002gl015207,D:\CQUPT\self_file\competition\gjsschool2026\B题\赛题主要文件夹\问题四\外部数据抓取\raw\papers_html\Just_a_moment_5a4cb0b4c4.html,,Just a moment...,,,,,,[],0,0,lightning remanent magnetization,American Geophysical Union (AGU),Geophysical Research Letters,31.104351,"The impact of lightning is permanently recorded in struck material by a secondary magnetization called “lightning induced remanent magnetization” (LIRM). We introduce an original rock magnetic method based on alternating field demagnetization to define both the geometry and the intensity of the peak lightning magnetic field. It also provides positive evidence than a material has effectively been struck. On a schoolyard tree struck by lightning, we were able to locate the impact to within a few centimeters, to prove that it was a vertical negative current and to estimate a peak current intensity of 99 ± 7 kA. This value is 14 kA higher than the one provided by Meteorage lightning detection network and offers an independent calibration.",
2,https://doi.org/10.22541/essoar.176005203.38057263/v1,D:\CQUPT\self_file\competition\gjsschool2026\B题\赛题主要文件夹\问题四\外部数据抓取\raw\papers_html\Just_a_moment_e557a3837b.html,,Just a moment...,,,,,,[],0,0,lightning remanent magnetization,Wiley,,30.822655,,
3,https://doi.org/10.3133/b1083e,D:\CQUPT\self_file\competition\gjsschool2026\B题\赛题主要文件夹\问题四\外部数据抓取\raw\papers_html\Anomalous_remanent_magnetization_of_basalt_5a1d9fec77.html,D:\CQUPT\self_file\competition\gjsschool2026\B题\赛题主要文件夹\问题四\外部数据抓取\raw\papers_pdf\Anomalous_remanent_magnetization_of_basalt_5a1d9fec77.pdf,Anomalous remanent magnetization of basalt,10.3133/b1083E,,Bulletin,1960,https://pubs.usgs.gov/bul/1083e/report.pdf,"[""Allan Cox""]",7,0,lightning remanent magnetization,US Geological Survey,,30.483727,,
4,https://doi.org/10.1002/(sici)1520-6416(199806)123:4<41::aid-eej6>3.0.co;2-o,D:\CQUPT\self_file\competition\gjsschool2026\B题\赛题主要文件夹\问题四\外部数据抓取\raw\papers_html\Just_a_moment_7169be88b7.html,,Just a moment...,,,,,,[],0,0,lightning remanent magnetization,Wiley,Electrical Engineering in Japan,30.165272,,
5,https://doi.org/10.1093/gji/ggt230,D:\CQUPT\self_file\competition\gjsschool2026\B题\赛题主要文件夹\问题四\外部数据抓取\raw\papers_html\Just_a_moment_fb116efc47.html,,Just a moment...,,,,,,[],0,0,lightning remanent magnetization,Oxford University Press (OUP),Geophysical Journal International,29.664116,,
6,https://doi.org/10.22541/essoar.169945514.44942099/v1,D:\CQUPT\self_file\competition\gjsschool2026\B题\赛题主要文件夹\问题四\外部数据抓取\raw\papers_html\Just_a_moment_204e38720a.html,,Just a moment...,,,,,,[],0,0,lightning remanent magnetization,Wiley,,29.557867,,
7,https://doi.org/10.22541/essoar.177316864.44350310/v1,D:\CQUPT\self_file\competition\gjsschool2026\B题\赛题主要文件夹\问题四\外部数据抓取\raw\papers_html\Just_a_moment_2b42c0d2ac.html,,Just a moment...,,,,,,[],0,0,lightning remanent magnetization,Wiley,,29.204613,,
8,https://doi.org/10.3133/b1203a,D:\CQUPT\self_file\competition\gjsschool2026\B题\赛题主要文件夹\问题四\外部数据抓取\raw\papers_html\Measurement_of_the_remanent_magnetization_of_igneous_rocks_a16cefbc24.html,D:\CQUPT\self_file\competition\gjsschool2026\B题\赛题主要文件夹\问题四\外部数据抓取\raw\papers_pdf\Measurement_of_the_remanent_magnetization_of_igneous_rocks_a16cefbc24.pdf,Measurement of the remanent magnetization of igneous rocks,10.3133/b1203A,,Bulletin,1965,https://pubs.usgs.gov/bul/1203a/report.pdf,"[""Richard Rayman Doell"", ""Allan Cox""]",7,0,lightning remanent magnetization,US Geological Survey,,28.779617,,
9,https://doi.org/10.1126/science.170.3958.628,D:\CQUPT\self_file\competition\gjsschool2026\B题\赛题主要文件夹\问题四\外部数据抓取\raw\papers_html\Just_a_moment_fd1465f09a.html,,Just a moment...,,,,,,[],0,0,lightning remanent magnetization,American Association for the Advancement of Science (AAAS),Science,28.562578,"Recent studies have shown that the remanent magnetization carried by an extrusive igneous rock may not be entirely thermal remanent magnetization (TRM). Some may be thermochemical remanent magnetization (TCRM) acquired by the rock at temperatures at least as low as 300°C during oxidation of the contained titanomagnetite grains. Results from a study of a set of basaltic samples from one locality indicate that the intensity of TCRM acquired by a sample in a known magnetic field is equal to that of TRM subsequently produced in the same sample in the same field. On the assumption that the samples we studied are not magnetically unique, we tentatively conclude that paleointensity studies are valid in spite of the presence of TCRM, as long as the rock acquired the magnetization during the initial cooling.",
10,https://doi.org/10.22564/19cisbgf2025.565,,,Investigating if Lightning-Induced Remanent Magnetization can Explain the Martian Magnetic Anomalies,10.22564/19cisbgf2025.565,,,,,,,,,,,,,'utf-8' codec can't decode byte 0xe2 in position 13: invalid continuation byte
11,https://doi.org/10.1111/j.1365-246x.1980.tb04862.x,D:\CQUPT\self_file\competition\gjsschool2026\B题\赛题主要文件夹\问题四\外部数据抓取\raw\papers_html\Just_a_moment_060338e500.html,,Just a moment...,,,,,,[],0,0,lightning remanent magnetization,Oxford University Press (OUP),Geophysical Journal International,27.979717,,
12,https://doi.org/10.1038/s41598-019-41265-3,D:\CQUPT\self_file\competition\gjsschool2026\B题\赛题主要文件夹\问题四\外部数据抓取\raw\papers_html\Effects_of_Lightning_on_the_Magnetic_Properties_of_Volcanic_Ash_11f4099d5a.html,D:\CQUPT\self_file\competition\gjsschool2026\B题\赛题主要文件夹\问题四\外部数据抓取\raw\papers_pdf\Effects_of_Lightning_on_the_Magnetic_Properties_of_Volcanic_Ash_11f4099d5a.pdf,Effects of Lightning on the Magnetic Properties of Volcanic Ash,10.1038/s41598-019-41265-3,"High-current impulse experiments were performed on volcanic ash samples to determine the magnetic effects that may result from the occurrence of volcanic lightning during explosive eruptions. Pseudo-ash was manufactured through milling and sieving of eruptive deposits with different bulk compositions and mineral contents. By comparing pre- and post-experimental samples, it was found that the saturation (i.e., maximum possible) magnetization increased, and coercivity (i.e., ability to withstand demagnetization) decreased. The increase in saturation magnetization was greater for compositionally evolved samples compared to more primitive samples subjected to equivalent currents. Changes in remanent (i.e., residual) magnetization do not correlate with composition, and show wide variability. Variations in magnetic properties were generally more significant when samples were subjected to higher peak currents as higher currents affect a greater proportion of the subjected sample. The electrons introduced by the current impulse cause reduction and devolatilization of the ash grains, changing their structural, mineralogical, and magnetic properties.",Scientific Reports,,https://www.nature.com/articles/s41598-019-41265-3.pdf,"[""Genareau, Kimberly"", ""Hong, Yang-Ki"", ""Lee, Woncheol"", ""Choi, Minyeong"", ""Rostaghi-Chalaki, Mojtaba"", ""Gharghabi, Pedram"", ""Gafford, James"", ""Klüss, Joni""]",167,158,lightning magnetic properties volcanic ash,Springer Science and Business Media LLC,Scientific Reports,32.515694,"Abstract High-current impulse experiments were performed on volcanic ash samples to determine the magnetic effects that may result from the occurrence of volcanic lightning during explosive eruptions. Pseudo-ash was manufactured through milling and sieving of eruptive deposits with different bulk compositions and mineral contents. By comparing pre- and post-experimental samples, it was found that the saturation (i.e., maximum possible) magnetization increased, and coercivity (i.e., ability to withstand demagnetization) decreased. The increase in saturation magnetization was greater for compositionally evolved samples compared to more primitive samples subjected to equivalent currents. Changes in remanent (i.e., residual) magnetization do not correlate with composition, and show wide variability. Variations in magnetic properties were generally more significant when samples were subjected to higher peak currents as higher currents affect a greater proportion of the subjected sample. The electrons introduced by the current impulse cause reduction and devolatilization of the ash grains, changing their structural, mineralogical, and magnetic properties.",
13,https://doi.org/10.32858/temblor.088,D:\CQUPT\self_file\competition\gjsschool2026\B题\赛题主要文件夹\问题四\外部数据抓取\raw\papers_html\Volcanic_lightning_helps_aviators_avoid_hazardous_ash_Temblor_net_0ba0c2a3c1.html,,Volcanic lightning helps aviators avoid hazardous ash - Temblor.net,,,,,,[],47,0,lightning magnetic properties volcanic ash,Temblor,Temblor,30.194649,,
14,https://doi.org/10.1126/science.aab0276,D:\CQUPT\self_file\competition\gjsschool2026\B题\赛题主要文件夹\问题四\外部数据抓取\raw\papers_html\Just_a_moment_1a5f0255f1.html,,Just a moment...,,,,,,[],0,0,lightning magnetic properties volcanic ash,American Association for the Advancement of Science (AAAS),Science,29.35265,,
15,https://doi.org/10.5194/egusphere-egu2020-8328,D:\CQUPT\self_file\competition\gjsschool2026\B题\赛题主要文件夹\问题四\外部数据抓取\raw\papers_html\Prebiotic_synthesis_in_volcanic_discharges_lightning_porous_ash_and_volcanic_gas_atmospheres_91754090dd.html,D:\CQUPT\self_file\competition\gjsschool2026\B题\赛题主要文件夹\问题四\外部数据抓取\raw\papers_pdf\Prebiotic_synthesis_in_volcanic_discharges_lightning_porous_ash_and_volcanic_gas_atmospheres_91754090dd.pdf,"Prebiotic synthesis in volcanic discharges: lightning, porous ash and volcanic gas atmospheres",https://doi.org/10.5194/egusphere-egu2020-8328,,,2020-03-09,https://egu2020.eu/EGU2019-survey-results.pdf,"[""Christina Springsklee"", ""Thomas Steiner"", ""Thomas Geisberger"", ""Bettina Scheu"", ""Claudia Huber"", ""Wolfgang Eisenreich"", ""Corrado Cimarelli"", ""Donald Bruce Dingwell""]",9,0,lightning magnetic properties volcanic ash,Copernicus GmbH,,28.165789,"&amp;lt;p&amp;gt;The emergence of the first organic molecules as a fundamental step in the prebiotic assembly of life remains enigmatic. Lightning has been considered as a potential energy source for the synthesis for first organic molecules. The iconic abiotic synthesis experiments: the discharge experiments performed in 1953 by Miller and Urey [1] under simulated reducing atmosphere conditions were conducted in the absence of any geomaterial substrate. Further, new views about the composition of the Early Earth&amp;amp;#8217;s atmosphere have been developed which require a revisiting of the Miller experiment.&amp;lt;/p&amp;gt;&amp;lt;p&amp;gt;Volcanic lightning associated with volcanism provides a possible energy source, a variety of different volcanic gases and possible catalysts to synthesize a variety of primitive organic molecules. Volcanic ash particles are known for their porosity, high surface area and significant surface reactivity. Volcanic plumes themselves provide a high variety of volcanic gases including, but not limited to reducing ones, and therefore may enlarge the spectrum for possibly available gas compositions in the Early Earth atmosphere.&amp;lt;/p&amp;gt;&amp;lt;p&amp;gt;Recent laboratory studies have successfully recreated near-vent volcanic lightning under laboratory conditions [2,3]. We will present first insights from volcanic discharge experiments under different atmospheric compositions, varying in CO&amp;lt;sub&amp;gt;2&amp;lt;/sub&amp;gt;, and N&amp;lt;sub&amp;gt;2&amp;lt;/sub&amp;gt; composition to mimic some first Early Earth conditions. Special focus is given to the role of ash particles as a catalyst and container as well as the influence of gas composition on the yield of organic compounds.&amp;lt;/p&amp;gt;&amp;lt;p&amp;gt;&amp;amp;#160;&amp;lt;/p&amp;gt;&amp;lt;p&amp;gt;[1] Miller, S.L. (1953). A production of amino acids under possible primitive earth conditions. Science, 117, 528-529. &amp;amp;#160;&amp;lt;/p&amp;gt;&amp;lt;p&amp;gt;[2] Cimarelli, C., Alatorre-Ibarg&amp;amp;#252;engoitia, M.A., Kueppers, U., Scheu, B. and Dingwell, D.B. (2014). Experimental generation of volcanic lightening. Geology, 42, 79-82.&amp;lt;/p&amp;gt;&amp;lt;p&amp;gt;[3] Gaudin, D. and Cimarelli, C. (2019). The electrification of volcanic jets and controlling parameters: A laboratory study. EPSL, 513, 69-80.&amp;lt;/p&amp;gt;&amp;lt;p&amp;gt;&amp;amp;#160;&amp;lt;/p&amp;gt;",
16,https://doi.org/10.1016/s0166-2481(08)70264-2,D:\CQUPT\self_file\competition\gjsschool2026\B题\赛题主要文件夹\问题四\外部数据抓取\raw\papers_html\Redirecting_e61a3a118c.html,,Redirecting,,,,,,[],0,0,lightning magnetic properties volcanic ash,Elsevier,Developments in Soil Science,26.646715,,
17,https://doi.org/10.1016/s0166-2481(08)70263-0,D:\CQUPT\self_file\competition\gjsschool2026\B题\赛题主要文件夹\问题四\外部数据抓取\raw\papers_html\Redirecting_479cf59add.html,,Redirecting,,,,,,[],0,0,lightning magnetic properties volcanic ash,Elsevier,Developments in Soil Science,26.561123,,
18,https://doi.org/10.1016/s0166-2481(08)70265-4,D:\CQUPT\self_file\competition\gjsschool2026\B题\赛题主要文件夹\问题四\外部数据抓取\raw\papers_html\Redirecting_dc9c89d0f9.html,,Redirecting,,,,,,[],0,0,lightning magnetic properties volcanic ash,Elsevier,Developments in Soil Science,26.502424,,
19,https://doi.org/10.1016/s0166-2481(08)70266-6,D:\CQUPT\self_file\competition\gjsschool2026\B题\赛题主要文件夹\问题四\外部数据抓取\raw\papers_html\Redirecting_73efd69eee.html,,Redirecting,,,,,,[],0,0,lightning magnetic properties volcanic ash,Elsevier,Developments in Soil Science,26.350224,,
20,https://doi.org/10.1016/s0166-2481(08)70268-x,D:\CQUPT\self_file\competition\gjsschool2026\B题\赛题主要文件夹\问题四\外部数据抓取\raw\papers_html\Redirecting_3a3bb65fb7.html,,Redirecting,,,,,,[],0,0,lightning magnetic properties volcanic ash,Elsevier,Developments in Soil Science,26.28082,,
21,https://doi.org/10.1016/s0166-2481(08)70267-8,D:\CQUPT\self_file\competition\gjsschool2026\B题\赛题主要文件夹\问题四\外部数据抓取\raw\papers_html\Redirecting_d4c7d6a101.html,,Redirecting,,,,,,[],0,0,lightning magnetic properties volcanic ash,Elsevier,Developments in Soil Science,26.24975,,
22,https://doi.org/10.1016/s0166-2481(08)70269-1,D:\CQUPT\self_file\competition\gjsschool2026\B题\赛题主要文件夹\问题四\外部数据抓取\raw\papers_html\Redirecting_dbd1554ec6.html,,Redirecting,,,,,,[],0,0,lightning magnetic properties volcanic ash,Elsevier,Developments in Soil Science,26.095194,,
23,https://doi.org/10.5038/volcanic_lightning_home,,,Volcanic Lightning Research Data Collection,10.5038/volcanic_lightning_home,,,,,,,,,,,,,"Failed to perform, curl: (28) Failed to connect to digital.lib.usf.edu port 443 after 21042 ms: Could not connect to server. See https://curl.se/libcurl/c/libcurl-errors.html first for more details."
24,https://doi.org/10.1016/s0166-2481(08)70262-9,D:\CQUPT\self_file\competition\gjsschool2026\B题\赛题主要文件夹\问题四\外部数据抓取\raw\papers_html\Redirecting_cfe6f94b60.html,,Redirecting,,,,,,[],0,0,lightning magnetic properties volcanic ash,Elsevier,Developments in Soil Science,25.850086,,
25,https://doi.org/10.1016/s0166-2481(08)x7013-8,D:\CQUPT\self_file\competition\gjsschool2026\B题\赛题主要文件夹\问题四\外部数据抓取\raw\papers_html\Redirecting_a585b8f4fc.html,,Redirecting,,,,,,[],0,0,lightning magnetic properties volcanic ash,Elsevier,Developments in Soil Science,25.513542,,
26,https://doi.org/10.1016/b978-0-08-100405-0.00017-3,D:\CQUPT\self_file\competition\gjsschool2026\B题\赛题主要文件夹\问题四\外部数据抓取\raw\papers_html\Redirecting_f56dd495e3.html,,Redirecting,,,,,,[],0,0,lightning magnetic properties volcanic ash,Elsevier,Volcanic Ash,25.375912,,
27,https://doi.org/10.1016/b978-0-08-100405-0.00015-x,D:\CQUPT\self_file\competition\gjsschool2026\B题\赛题主要文件夹\问题四\外部数据抓取\raw\papers_html\Redirecting_176ca374b9.html,,Redirecting,,,,,,[],0,0,lightning magnetic properties volcanic ash,Elsevier,Volcanic Ash,25.34745,,
28,https://doi.org/10.5194/gi-3-135-2014,D:\CQUPT\self_file\competition\gjsschool2026\B题\赛题主要文件夹\问题四\外部数据抓取\raw\papers_html\Protection_against_lightning_at_a_geomagnetic_observatory_7d1d935f03.html,D:\CQUPT\self_file\competition\gjsschool2026\B题\赛题主要文件夹\问题四\外部数据抓取\raw\papers_pdf\Protection_against_lightning_at_a_geomagnetic_observatory_7d1d935f03.pdf,Protection against lightning at a geomagnetic observatory,https://doi.org/10.5194/gi-3-135-2014,"Abstract. The Sinji Vrh Geomagnetic Observatory was built on the brow of Gora, the mountain above Ajdovščina, which is a part of Trnovo plateau, and all over Europe one can hardly find an area which is more often struck by lightning than this southwestern part of Slovenia. When the humid air masses of a storm front hit the edge of Gora, they rise up more than 1000 m in a very short time, and this causes an additional electrical charge of stormy clouds. The reliability of operations performed in every section of the observatory could be increased by understanding the formation of lightning in a thunderstorm cloud and the application of already-proven methods of protection against a stroke of lightning and against its secondary effects. To reach this goal the following groups of experts have to cooperate: experts in the field of protection against lightning, constructors and manufacturers of equipment and observatory managers.","Geoscientific Instrumentation, Methods and Data Systems",2014/08/27,https://gi.copernicus.org/articles/3/135/2014/gi-3-135-2014.pdf,"[""Čop, R."", ""Milev, G."", ""Deželjin, D."", ""Kosmač, J.""]",5,154,geomagnetic anomaly lightning observatory,Copernicus GmbH,"Geoscientific Instrumentation, Methods and Data Systems",26.802856,"Abstract. The Sinji Vrh Geomagnetic Observatory was built on the brow of Gora, the mountain above Ajdovščina, which is a part of Trnovo plateau, and all over Europe one can hardly find an area which is more often struck by lightning than this southwestern part of Slovenia. When the humid air masses of a storm front hit the edge of Gora, they rise up more than 1000 m in a very short time, and this causes an additional electrical charge of stormy clouds. The reliability of operations performed in every section of the observatory could be increased by understanding the formation of lightning in a thunderstorm cloud and the application of already-proven methods of protection against a stroke of lightning and against its secondary effects. To reach this goal the following groups of experts have to cooperate: experts in the field of protection against lightning, constructors and manufacturers of equipment and observatory managers.",
29,https://doi.org/10.5194/gid-4-213-2014,D:\CQUPT\self_file\competition\gjsschool2026\B题\赛题主要文件夹\问题四\外部数据抓取\raw\papers_html\Protection_against_lightning_at_a_geomagnetic_observatory_5a72ee3ccf.html,D:\CQUPT\self_file\competition\gjsschool2026\B题\赛题主要文件夹\问题四\外部数据抓取\raw\papers_pdf\Protection_against_lightning_at_a_geomagnetic_observatory_5a72ee3ccf.pdf,Protection against lightning at a geomagnetic observatory,https://doi.org/10.5194/gi-3-135-2014,"Abstract. The Sinji Vrh Geomagnetic Observatory was built on the brow of Gora, the mountain above Ajdovščina, which is a part of Trnovo plateau, and all over Europe one can hardly find an area which is more often struck by lightning than this southwestern part of Slovenia. When the humid air masses of a storm front hit the edge of Gora, they rise up more than 1000 m in a very short time, and this causes an additional electrical charge of stormy clouds. The reliability of operations performed in every section of the observatory could be increased by understanding the formation of lightning in a thunderstorm cloud and the application of already-proven methods of protection against a stroke of lightning and against its secondary effects. To reach this goal the following groups of experts have to cooperate: experts in the field of protection against lightning, constructors and manufacturers of equipment and observatory managers.","Geoscientific Instrumentation, Methods and Data Systems",2014/08/27,https://gi.copernicus.org/articles/3/135/2014/gi-3-135-2014.pdf,"[""Čop, R."", ""Milev, G."", ""Deželjin, D."", ""Kosmač, J.""]",4,154,geomagnetic anomaly lightning observatory,Copernicus GmbH,,33.43277,"Abstract. The Sinji Vrh Geomagnetic Observatory was built on the brow of the mountain Gora, above Ajdovščina, and all over Europe one may hardly find an area which is more often struck by lightning than this south-western part of Slovenia. When the humid air masses of a storm front hit the edge of Gora, they rise up more than 1000 m in a very short time, and this causes the additional electrical charge of stormy clouds. The reliability of operations performed in the every building of observatory could be increased by understanding the formation of lightning in the thunderstorm cloud, the application of already proven methods of protection against a strike of lightning and against its secondary effects. To reach this goal the following groups of experts have to co-operate: the experts in the field of protection against lightening phenomenon, the constructors and manufacturers of equipment and the observatory managers.",
30,https://doi.org/10.1186/bf03352687,D:\CQUPT\self_file\competition\gjsschool2026\B题\赛题主要文件夹\问题四\外部数据抓取\raw\papers_html\A_geomagnetic_total_intensity_anomaly_originated_from_lightning_induced_isothermal_remanent_magnetization_case_of_the_Ya_73c6de2340.html,D:\CQUPT\self_file\competition\gjsschool2026\B题\赛题主要文件夹\问题四\外部数据抓取\raw\papers_pdf\A_geomagnetic_total_intensity_anomaly_originated_from_lightning_induced_isothermal_remanent_magnetization_case_of_the_Ya_73c6de2340.pdf,"A geomagnetic total intensity anomaly originated from lightning-induced isothermal remanent magnetization: case of the Yatsugatake Magnetic Observatory, central Japan",10.1186/BF03352687,"Magnetic total intensity anomaly maps of the Yatsugatake Magnetic Observatory, central Japan, in 1975, 1982 and 2005 are examined. The magnetic environment","Earth, Planets and Space",2007/03,https://link.springer.com/content/pdf/10.1186/BF03352687.pdf,"[""Shimizu, Hisayoshi"", ""Koyama, Takao"", ""Koyama, Shigeru"", ""Utada, Hisashi""]",55,22,geomagnetic anomaly lightning observatory,Springer Science and Business Media LLC,"Earth, Planets and Space",30.9717,"Abstract Magnetic total intensity anomaly maps of the Yatsugatake Magnetic Observatory, central Japan, in 1975, 1982 and 2005 are examined. The magnetic environment seems to be stable during this period except for the appearance of an anomalous thin patch-pair in the middle part of the observatory sometime between 1975 and 1982. The peak-to-peak amplitude of the patch-pair is about 80 nT at 2 m above ground level. The magnetization induced by the horizontal electric current in the ground due to the lightning which hit the observatory area in July 1981 is a probable cause for the patch-pair. Modeling confirmed that the characteristics of the patch-pair are well reproduced by model magnetizations that represent lightning-induced isothermal remanent magnetization acquired from horizontal lightning electric current in the ground. The required maximum magnetization to explain the peak-to-peak amplitude of the patch-pair is estimated to be in the range of 10 to 40 A/m.",
31,https://doi.org/10.2205/kli2011,D:\CQUPT\self_file\competition\gjsschool2026\B题\赛题主要文件夹\问题四\外部数据抓取\raw\papers_html\Geomagnetic_data_recorded_at_Geomagnetic_Observatory_Klimovskaya_IAGA_code_KLI_Earth_Science_DataBase_ESDB_project_3f6b9189e3.html,,Geomagnetic data recorded at Geomagnetic Observatory Klimovskaya (IAGA code: KLI) - Earth Science DataBase - ESDB project,,Geomagnetic Observatory Klimovskaya (IAGA code: KLI),,,,[],7,6,geomagnetic anomaly lightning observatory,Geophysical Center RAS,,27.56395,,
32,https://doi.org/10.2205/mhv2023,D:\CQUPT\self_file\competition\gjsschool2026\B题\赛题主要文件夹\问题四\外部数据抓取\raw\papers_html\Geomagnetic_data_recorded_at_Geomagnetic_Observatory_Mikhnevo_IAGA_code_MHV_Earth_Science_DataBase_ESDB_project_f26c60d1e6.html,,Geomagnetic data recorded at Geomagnetic Observatory Mikhnevo (IAGA code: MHV) - Earth Science DataBase - ESDB project,,"Mikhnevo (MHV) geomagnetic database A. Soloviev1,2,&nbsp;R. Krasnoperov1,&nbsp;D. Kudin1, A. Grudnev1,2, S. Turuntaev3, I. Ryakhovsky3 1Geophysical Center RAS, Moscow, Russia; 2Schmidt Institute of Physics of the Earth, RAS, Moscow,",,,,[],11,34,geomagnetic anomaly lightning observatory,Geophysical Center RAS,,27.479996,,
33,https://doi.org/10.2205/glk2020,D:\CQUPT\self_file\competition\gjsschool2026\B题\赛题主要文件夹\问题四\外部数据抓取\raw\papers_html\Geomagnetic_data_recorded_at_Geomagnetic_Observatory_Gyulagarak_IAGA_code_GLK_Earth_Science_DataBase_ESDB_project_2ac1a442a7.html,,Geomagnetic data recorded at Geomagnetic Observatory Gyulagarak (IAGA code: GLK) - Earth Science DataBase - ESDB project,,"GLK geomagnetic database A. Soloviev1,2, B. Dzeboev1, J. Karapetyan1,3, A. Grudnev1, D. Kudin1, R. Sidorov1, M. Nisilevich1, R. Krasnoperov1 1Geophysical Center RAS, Moscow, Russia; 2Schmidt Institute of Physics of the Earth, Russian Academy of",,,,[],12,36,geomagnetic anomaly lightning observatory,Geophysical Center RAS,,27.35381,,
34,https://doi.org/10.2205/spg2020,D:\CQUPT\self_file\competition\gjsschool2026\B题\赛题主要文件夹\问题四\外部数据抓取\raw\papers_html\2020_definitive_data_from_geomagnetic_observatory_Saint_Petersburg_IAGA_code_SPG_minute_values_of_X_Y_Z_components_and_t_8af18f272f.html,,"2020 definitive data from geomagnetic observatory Saint Petersburg (IAGA code: SPG): minute values of X, Y, Z components and total intensity F of the Earth's magnetic field - Earth Science DataBase - ESDB project",,"A. Soloviev1,2, Y. Kopytenko3, A. Kotikov1,3, D. Kudin1,4, R. Sidorov1, M. Matveev1,51Geophysical Center RAS, Moscow, Russia;2Schmidt Institute of Physics of the Earth, Russian Academy of Sciences, Moscow, Russia;3Pushkov Institute of Terrestrial",,,,[],12,37,geomagnetic anomaly lightning observatory,Geophysical Center RAS,,27.23689,,
35,https://doi.org/10.2205/spg2012,D:\CQUPT\self_file\competition\gjsschool2026\B题\赛题主要文件夹\问题四\外部数据抓取\raw\papers_html\Geomagnetic_data_recorded_at_Geomagnetic_Observatory_Saint_Petersburg_IAGA_code_SPG_Earth_Science_DataBase_ESDB_project_ba1ba8d4bb.html,,Geomagnetic data recorded at Geomagnetic Observatory Saint Petersburg (IAGA code: SPG) - Earth Science DataBase - ESDB project,,Geomagnetic Observatory Saint Petersburg (IAGA code: SPG),,,,[],7,7,geomagnetic anomaly lightning observatory,Geophysical Center RAS,,27.164349,,
36,https://doi.org/10.29327/1737054.20-3,,,"Geomagnetic Observations at Kandilli Observatory, Türkiye",10.29327/1737054.20-3,,,,,,,,,,,,,"Failed to perform, curl: (60) SSL certificate problem: unable to get local issuer certificate. See https://curl.se/libcurl/c/libcurl-errors.html first for more details."
37,https://doi.org/10.2205/spg2017,D:\CQUPT\self_file\competition\gjsschool2026\B题\赛题主要文件夹\问题四\外部数据抓取\raw\papers_html\Analytical_Geomagnetic_Data_Center_Data_Products_Download_60d8825063.html,,Analytical Geomagnetic Data Center - Data Products - Download,,Interactive access to the data from the geomagnetic observatories in Russia and the near abroad. Automated system of data quality control.,,,,[],1,21,geomagnetic anomaly lightning observatory,Geophysical Center RAS,,27.0106,,
38,https://doi.org/10.29327/1737054.20-2,,,Trelew (TRW) Geomagnetic Observatory – History and Evolution,10.29327/1737054.20-2,,,,,,,,,,,,,"Failed to perform, curl: (60) SSL certificate problem: unable to get local issuer certificate. See https://curl.se/libcurl/c/libcurl-errors.html first for more details."
39,https://doi.org/10.29327/1737054.20-26,,,Stability Study of the Villa Remedios Geomagnetic Observatory (VRE),10.29327/1737054.20-26,,,,,,,,,,,,,"Failed to perform, curl: (60) SSL certificate problem: unable to get local issuer certificate. See https://curl.se/libcurl/c/libcurl-errors.html first for more details."
40,https://doi.org/10.32008/geolinks2019/b1/v1/01,D:\CQUPT\self_file\competition\gjsschool2026\B题\赛题主要文件夹\问题四\外部数据抓取\raw\papers_html\geolinks_info_3a63215722.html,,geolinks.info,,,,,,[],0,0,geomagnetic anomaly lightning observatory,SAIMA CONSULT LTD,GEOLINKS 2019 Conference Proceedings,26.383823,,
41,https://doi.org/10.29327/1737054.20-5,,,The Geomagnetic Prospecting Campaign to Install the First Magnetic Observatory of Honduras,10.29327/1737054.20-5,,,,,,,,,,,,,"Failed to perform, curl: (60) SSL certificate problem: unable to get local issuer certificate. See https://curl.se/libcurl/c/libcurl-errors.html first for more details."
42,https://doi.org/10.29327/1737054.20-36,,,Evaluation of Activity Indices by Weighted Value at Teoloyucan Geomagnetic Observatory,10.29327/1737054.20-36,,,,,,,,,,,,,"Failed to perform, curl: (60) SSL certificate problem: unable to get local issuer certificate. See https://curl.se/libcurl/c/libcurl-errors.html first for more details."
43,https://doi.org/10.1007/978-94-009-5283-6_7,D:\CQUPT\self_file\competition\gjsschool2026\B题\赛题主要文件夹\问题四\外部数据抓取\raw\papers_html\Geomagnetic_Absolute_Measurements_with_a_Nuclear_Resonance_Theodolite_at_the_Adolf_Schmidt_Observatory_in_Niemegk_1235ea3b07.html,D:\CQUPT\self_file\competition\gjsschool2026\B题\赛题主要文件夹\问题四\外部数据抓取\raw\papers_pdf\Geomagnetic_Absolute_Measurements_with_a_Nuclear_Resonance_Theodolite_at_the_Adolf_Schmidt_Observatory_in_Niemegk_1235ea3b07.pdf,Geomagnetic Absolute Measurements with a Nuclear Resonance Theodolite at the Adolf Schmidt Observatory in Niemegk,10.1007/978-94-009-5283-6_7,"The instrumentation for getting digital minute values of the components F, Z, and Y of geomagnetic variations which has been successfully operated at the Adolf Schmidt Observatory for some years was, in 1982, completed by an absolute device based on the nuclear...",,1984,https://link.springer.com/content/pdf/10.1007/978-94-009-5283-6_7.pdf,"[""Auster, V.""]",27,42,geomagnetic anomaly lightning observatory,Springer Netherlands,Geomagnetic and Observatory and Survey Practice,25.580257,,
44,https://doi.org/10.2183/pjab.78.1,D:\CQUPT\self_file\competition\gjsschool2026\B题\赛题主要文件夹\问题四\外部数据抓取\raw\papers_html\Remanent_magnetization_as_a_fossil_of_lightning_current_7839315b70.html,D:\CQUPT\self_file\competition\gjsschool2026\B题\赛题主要文件夹\问题四\外部数据抓取\raw\papers_pdf\Remanent_magnetization_as_a_fossil_of_lightning_current_7839315b70.pdf,Remanent magnetization as a fossil of lightning current,10.2183/pjab.78.1,Access full-text academic articles: J-STAGE is an online platform for Japanese academic journals.,"Proceedings of the Japan Academy, Series B",2002,https://www.jstage.jst.go.jp/article/pjab1977/78/1/78_1_1/_pdf,"[""Hideo SAKAI"", ""Kaname YONEZAWA""]",8,15,fossil of lightning current remanent magnetization,Japan Academy,"Proceedings of the Japan Academy, Series B",37.016838,,
45,https://doi.org/10.1541/ieejpes.133.694,D:\CQUPT\self_file\competition\gjsschool2026\B题\赛题主要文件夹\问题四\外部数据抓取\raw\papers_html\Propagation_of_Lightning_Current_Studied_by_Remanent_Magnetization_9635959db1.html,D:\CQUPT\self_file\competition\gjsschool2026\B题\赛题主要文件夹\问题四\外部数据抓取\raw\papers_pdf\Propagation_of_Lightning_Current_Studied_by_Remanent_Magnetization_9635959db1.pdf,Propagation of Lightning Current Studied by Remanent Magnetization,10.1541/ieejpes.133.694,Access full-text academic articles: J-STAGE is an online platform for Japanese academic journals.,IEEJ Transactions on Power and Energy,2013/09/01,https://www.jstage.jst.go.jp/article/ieejpes/133/9/133_694/_pdf,"[""Hideo Sakai"", ""Kaname Yonezawa"", ""Yoshihiro Kouno"", ""Takatoshi Shindo""]",11,15,fossil of lightning current remanent magnetization,Institute of Electrical Engineers of Japan (IEE Japan),IEEJ Transactions on Power and Energy,32.354828,,
46,https://doi.org/10.1016/j.tecto.2023.230177,D:\CQUPT\self_file\competition\gjsschool2026\B题\赛题主要文件夹\问题四\外部数据抓取\raw\papers_html\Redirecting_794bcf7214.html,,Redirecting,,,,,,[],0,0,fossil of lightning current remanent magnetization,Elsevier BV,Tectonophysics,28.9825,,
47,https://doi.org/10.1002/eej.22484,D:\CQUPT\self_file\competition\gjsschool2026\B题\赛题主要文件夹\问题四\外部数据抓取\raw\papers_html\Just_a_moment_9b81b31d89.html,,Just a moment...,,,,,,[],0,0,propagation lightning current remanent magnetization,Wiley,Electrical Engineering in Japan,31.207684,"Summary In our previous studies, we showed that the remanent magnetization of materials could be used to analyze lightning currents at ground level. In this study, using an IG (Impulse Generator) current as a model of lightning, we used remanent magnetization to investigate the underground propagation of IG currents. For this purpose, we dug a square hole with a side length of 80 cm and a depth of 13 cm and placed in it magnetic samples prepared using sea sand. After injecting an IG current of 530 A underground, the magnetization of these samples was measured. The directional distribution of magnetization was successfully used to analyze the circular magnetic field induced by the IG current and its transit point. Then the underground path of the IG current was determined to a depth of 12 cm. The current path was inclined by approximately 9 ° from the vertical direction, which may be attributed to a ground conductor being located east of the experimental area. To relate the magnetization intensity and the distance from the IG current, an inverse square relation was applied outside the area close to the transit point of the current. From the results obtained in this study, we conclude that the method using the remanent magnetization is useful for elucidating the polarity, intensity, and path of both IG and lightning currents underground. Further, the method of using remanent magnetization as a record of lightning currents may contribute to the development of an effective earth conductor for limiting damage caused by lightning. © 2013 Wiley Periodicals, Inc. Electr Eng Jpn, 185(4): 1–8, 2013; Published online in Wiley Online Library ( wileyonlinelibrary.com ). DOI 10.1002/eej.22484",
48,https://doi.org/10.1049/oap-cired.2017.1352,D:\CQUPT\self_file\competition\gjsschool2026\B题\赛题主要文件夹\问题四\外部数据抓取\raw\papers_html\Just_a_moment_e5ed1b3690.html,,Just a moment...,,,,,,[],0,0,lightning induced magnetic anomaly open access,Institution of Engineering and Technology (IET),CIRED - Open Access Proceedings Journal,22.98269,,
49,https://doi.org/10.1109/access.2025.3631695,D:\CQUPT\self_file\competition\gjsschool2026\B题\赛题主要文件夹\问题四\外部数据抓取\raw\papers_html\Simulated_Analysis_and_Protection_Optimization_Induced_Lightning_Overvoltage_of_Port_Crane_Festoon_Cables_IEEE_Journals_9a8f393485.html,,Simulated Analysis and Protection Optimization Induced Lightning Overvoltage of Port Crane Festoon Cables | IEEE Journals & Magazine | IEEE Xplore,,,,,,[],1,0,lightning induced magnetic anomaly open access,Institute of Electrical and Electronics Engineers (IEEE),IEEE Access,22.937693,,
50,https://doi.org/10.1190/1.1442765,D:\CQUPT\self_file\competition\gjsschool2026\B题\赛题主要文件夹\问题四\外部数据抓取\raw\papers_html\Drilling_induced_isothermal_remanent_magnetization_3b106349c4.html,,Drilling-induced isothermal remanent magnetization,,Choose from multiple link options via Crossref,,,,[],0,7,lightning induced isothermal remanent magnetization,Society of Exploration Geophysicists,Geophysics,39.320545,"Abstract The recovery of core samples is important in petroleum exploration, mineral exploration, and scientific drilling projects; and often complete orientation of the samples (azimuth and plunge) is desirable. Recovered cores are usually not azimuthally oriented because of the costs associated with deployment and operation of downhole orientation tools. Inexpensive paleomagnetic orientation methods have been used with considerable success in the borehole environment (Van der Voo and Watts, 1978; Kodama, 1984; Bleakly et al., 1985a, b; Evans and Mailol, 1986; Layer et al., 1988; McWilliams and Pinto, 1988). In some cases, the technique has been hampered by secondary magnetizations associated with the drillstring and/or coring tool, magnetizations which have partially or completely overprinted the primary and secondary magnetizations used for orientation.",
51,https://doi.org/10.1007/978-1-4020-4423-6_192,D:\CQUPT\self_file\competition\gjsschool2026\B题\赛题主要文件夹\问题四\外部数据抓取\raw\papers_html\Magnetization_Isothermal_Remanent_165a90c91b.html,D:\CQUPT\self_file\competition\gjsschool2026\B题\赛题主要文件夹\问题四\外部数据抓取\raw\papers_pdf\Magnetization_Isothermal_Remanent_165a90c91b.pdf,"Magnetization, Isothermal Remanent",10.1007/978-1-4020-4423-6_192,"'Magnetization, Isothermal Remanent' published in 'Encyclopedia of Geomagnetism and Paleomagnetism'",,2007,https://link.springer.com/content/pdf/10.1007/978-1-4020-4423-6_192.pdf,"[""Jackson, Mike""]",144,10,lightning induced isothermal remanent magnetization,Springer Netherlands,Encyclopedia of Geomagnetism and Paleomagnetism,38.3317,,
52,https://doi.org/10.1007/978-3-642-41714-6_91991,D:\CQUPT\self_file\competition\gjsschool2026\B题\赛题主要文件夹\问题四\外部数据抓取\raw\papers_html\isothermal_remanent_magnetization_94f75480ef.html,D:\CQUPT\self_file\competition\gjsschool2026\B题\赛题主要文件夹\问题四\外部数据抓取\raw\papers_pdf\isothermal_remanent_magnetization_94f75480ef.pdf,isothermal remanent magnetization,10.1007/978-3-642-41714-6_91991,'isothermal remanent magnetization' published in 'Dictionary Geotechnical Engineering/Wörterbuch GeoTechnik',,2014,https://link.springer.com/content/pdf/10.1007/978-3-642-41714-6_91991.pdf,[],22,10,lightning induced isothermal remanent magnetization,Springer Berlin Heidelberg,Dictionary Geotechnical Engineering/Wörterbuch GeoTechnik,37.448387,,
53,https://doi.org/10.1007/10201909_71,D:\CQUPT\self_file\competition\gjsschool2026\B题\赛题主要文件夹\问题四\外部数据抓取\raw\papers_html\10_1007_10201909_71_9fb26028e8.html,,,,,,,,[],0,0,lightning induced isothermal remanent magnetization,Springer-Verlag,Landolt-Börnstein - Group V Geophysics,34.813835,,
54,https://doi.org/10.4236/ijg.2015.66048,D:\CQUPT\self_file\competition\gjsschool2026\B题\赛题主要文件夹\问题四\外部数据抓取\raw\papers_html\The_Effect_of_Measuring_Magnetic_Susceptibility_of_Water_Samples_by_Starting_with_Isothermal_Remanent_Magnetization_IRM_6a1acbf1fa.html,D:\CQUPT\self_file\competition\gjsschool2026\B题\赛题主要文件夹\问题四\外部数据抓取\raw\papers_pdf\The_Effect_of_Measuring_Magnetic_Susceptibility_of_Water_Samples_by_Starting_with_Isothermal_Remanent_Magnetization_IRM_6a1acbf1fa.pdf,The Effect of Measuring Magnetic Susceptibility of Water Samples by Starting with Isothermal Remanent Magnetization (IRM) before Anhysteretic Remanent Magnetization (ARM),10.4236/ijg.2015.66048,"Estimating magnetic properties of water samples by first measuring the Anhysteretic Remanent Magnetization (ARM) before Isothermal Remanent Magnetization (IRM) is induced has been costly due to the discard of samples measured by staring with the latter before the former. However, no clear understanding exists on the effect of measuring magnetic properties values by first inducing IRM before ARM. This study explored the effect of measuring concentration related parameters (χlf, χfd and χARM), a mineral related parameter (S-300) and grain size parameters (χfd% and χARM/SIRM ratio) fromwater samples by starting with IRM before ARM. Forty three surface water samples were collected from the estuarine of Yangtze River (China) with the aim of measuring magnetic characteristics by starting with IRM before ARM. The results indicated that, measuring magnetic properties by either starting with ARM or IRM led to similar values for χlf, χfd, χfd%, χARM, S-300 and χARM/SIRM ratio (p > 0.05). These results imply that, measuring concentrationrelated parameters does not necessarily require measuring ARM first and then IRM. Researchers can start by measuring any parameter between ARM and IRM without affecting the final results of the water samples, but with proper demagnetization when started with IRM.",International Journal of Geosciences,2015/06/25,https://content.scirp.org/pdf/ijg_2015062516014389.pdf,"[""Maureen Kapute Mzuza"", ""Samwel Mchele Limbu""]",43,199,lightning induced isothermal remanent magnetization,"Scientific Research Publishing, Inc.",International Journal of Geosciences,33.90176,,
55,https://doi.org/10.1016/0148-9062(90)90623-a,D:\CQUPT\self_file\competition\gjsschool2026\B题\赛题主要文件夹\问题四\外部数据抓取\raw\papers_html\Redirecting_8bd09a9eca.html,,Redirecting,,,,,,[],0,0,lightning induced isothermal remanent magnetization,Elsevier BV,International Journal of Rock Mechanics and Mining Sciences &amp; Geomechanics Abstracts,32.446968,,
56,,,,,,,,,,,,,,,,,,'url'
57,https://doi.org/10.1515/9783112496503-057,D:\CQUPT\self_file\competition\gjsschool2026\B题\赛题主要文件夹\问题四\外部数据抓取\raw\papers_html\10_1515_9783112496503_057_08a84ce40a.html,,,,,,,,[],0,0,geomagnetic observatory lightning remanent magnetization,De Gruyter,November 16,34.266792,,
58,https://doi.org/10.1007/978-94-010-9825-0_14,D:\CQUPT\self_file\competition\gjsschool2026\B题\赛题主要文件夹\问题四\外部数据抓取\raw\papers_html\Effect_of_Uniaxial_Stress_upon_Remanent_Magnetization_Stress_Cycling_and_Domain_State_Dependence_06d9f1ae48.html,D:\CQUPT\self_file\competition\gjsschool2026\B题\赛题主要文件夹\问题四\外部数据抓取\raw\papers_pdf\Effect_of_Uniaxial_Stress_upon_Remanent_Magnetization_Stress_Cycling_and_Domain_State_Dependence_06d9f1ae48.pdf,Effect of Uniaxial Stress upon Remanent Magnetization: Stress Cycling and Domain State Dependence,10.1007/978-94-010-9825-0_14,"Polycrystalline magnetite and rock samples have been subjected to uniaxial compression and stress cycling at room temperature. The changes in the components of remanent magnetization were recorded continuously as a function of stress, and the changes in direction and...",,1979,https://link.springer.com/content/pdf/10.1007/978-94-010-9825-0_14.pdf,"[""Revol, Jacques"", ""Day, Ron"", ""Fuller, Michael""]",57,39,geomagnetic observatory lightning remanent magnetization,Springer Netherlands,Tectonomagnetics and Local Geomagnetic Field Variations,30.070177,,
59,https://doi.org/10.1002/pssa.2210140155,D:\CQUPT\self_file\competition\gjsschool2026\B题\赛题主要文件夹\问题四\外部数据抓取\raw\papers_html\Just_a_moment_920226ac4f.html,,Just a moment...,,,,,,[],0,0,geomagnetic observatory lightning remanent magnetization,Wiley,Physica Status Solidi (a),29.227993,,
60,https://doi.org/10.1002/(SICI)1520-6416(199806)123:4%3C41::AID-EEJ6%3E3.0.CO;2-O,D:\CQUPT\self_file\competition\gjsschool2026\B题\赛题主要文件夹\问题四\外部数据抓取\raw\papers_html\Just_a_moment_c7c3b7cc62.html,,Just a moment...,,,,,,[],0,0,manual_seed,,,,,
61,https://doi.org/10.1111/J.1365-246X.1982.TB04918.X,D:\CQUPT\self_file\competition\gjsschool2026\B题\赛题主要文件夹\问题四\外部数据抓取\raw\papers_html\Just_a_moment_3a4de32f59.html,,Just a moment...,,,,,,[],0,0,manual_seed,,,,,
62,https://doi.org/10.1111/J.1365-246X.1989.TB02294.X,D:\CQUPT\self_file\competition\gjsschool2026\B题\赛题主要文件夹\问题四\外部数据抓取\raw\papers_html\Just_a_moment_d2d9401d29.html,,Just a moment...,,,,,,[],0,0,manual_seed,,,,,
63,https://doi.org/10.1029/jb092ib08p08077,D:\CQUPT\self_file\competition\gjsschool2026\B题\赛题主要文件夹\问题四\外部数据抓取\raw\papers_html\Just_a_moment_c85830b600.html,,Just a moment...,,,,,,[],0,0,manual_seed,,,,,
64,https://doi.org/10.1029/92JB01026,D:\CQUPT\self_file\competition\gjsschool2026\B题\赛题主要文件夹\问题四\外部数据抓取\raw\papers_html\Just_a_moment_3b949e6019.html,,Just a moment...,,,,,,[],0,0,manual_seed,,,,,
65,https://doi.org/10.1029/91JB01975,D:\CQUPT\self_file\competition\gjsschool2026\B题\赛题主要文件夹\问题四\外部数据抓取\raw\papers_html\Just_a_moment_525671860c.html,,Just a moment...,,,,,,[],0,0,manual_seed,,,,,
66,https://doi.org/10.1029/2023GL107105,D:\CQUPT\self_file\competition\gjsschool2026\B题\赛题主要文件夹\问题四\外部数据抓取\raw\papers_html\Just_a_moment_ce88b267f6.html,,Just a moment...,,,,,,[],0,0,manual_seed,,,,,
67,https://doi.org/10.1038/243027A0,D:\CQUPT\self_file\competition\gjsschool2026\B题\赛题主要文件夹\问题四\外部数据抓取\raw\papers_html\Viscous_Remanent_Magnetization_in_Oceanic_Basalts_2647c0f093.html,D:\CQUPT\self_file\competition\gjsschool2026\B题\赛题主要文件夹\问题四\外部数据抓取\raw\papers_pdf\Viscous_Remanent_Magnetization_in_Oceanic_Basalts_2647c0f093.pdf,Viscous Remanent Magnetization in Oceanic Basalts,10.1038/243027a0,"THE magnetic properties of the basalts which form layer 2 of the oceanic lithosphere are important because of their relevance to the hypothesis1 of seafloor spreading. Most studies of these magnetic properties have been carried out on basalts obtained from dredge hauls taken predominantly from ocean ridge systems and fracture zones. These constitute special areas of the oceanic crust where the sediment cover is negligible. It is of interest to compare the magnetic properties of the dredged basalts with samples recovered from holes drilled through the overlying sediments into the basaltic layer at places distant from ridge axes. Samples obtained from the abandoned Mohole project and, more recently, from the Deep Sea Drilling Project (DSDP) possessed magnetic properties similar to those of dredged basalts2,3. Here I describe highly unstable magnetic characteristics found in basalts from DSDP hole 57.",Nature,1973/05,https://www.nature.com/articles/243027a0.pdf,"[""LOWRIE, WILLIAM""]",72,139,manual_seed,,,,,
68,https://doi.org/10.1038/197444A0,D:\CQUPT\self_file\competition\gjsschool2026\B题\赛题主要文件夹\问题四\外部数据抓取\raw\papers_html\Demonstration_of_the_Production_of_A_New_Type_of_Remanent_Magnetization_Inversed_Type_of_Thermo_Remanent_Magnetization_819fae6b04.html,D:\CQUPT\self_file\competition\gjsschool2026\B题\赛题主要文件夹\问题四\外部数据抓取\raw\papers_pdf\Demonstration_of_the_Production_of_A_New_Type_of_Remanent_Magnetization_Inversed_Type_of_Thermo_Remanent_Magnetization_819fae6b04.pdf,Demonstration of the Production of A New Type of Remanent Magnetization: Inversed Type of Thermo-Remanent Magnetization,10.1038/197444a0,,Nature,1963/02,https://www.nature.com/articles/197444a0.pdf,"[""NAGATA, TAKESI"", ""OZIMA, MINORU"", ""YAMA-AI, MITUKO""]",40,0,manual_seed,,,,,
69,https://doi.org/10.1038/197476A0,D:\CQUPT\self_file\competition\gjsschool2026\B题\赛题主要文件夹\问题四\外部数据抓取\raw\papers_html\Thermo_chemical_Remanent_Magnetization_of_Rocks_f330b58723.html,D:\CQUPT\self_file\competition\gjsschool2026\B题\赛题主要文件夹\问题四\外部数据抓取\raw\papers_pdf\Thermo_chemical_Remanent_Magnetization_of_Rocks_f330b58723.pdf,Thermo-chemical Remanent Magnetization of Rocks,10.1038/197476a0,"WHEN titanomagnetites, xFe2TiO4·(1-x)Fe3O4, are heated in the atmosphere at a certain high temperature, they are oxidized, becoming solid solutions of titanomagnetites and titanomaghæmites, yFeTiO3·(l-y)Fe2O3 having a spinal crystal structure1–4.",Nature,1963/02,https://www.nature.com/articles/197476a0.pdf,"[""NAGATA, TAKESI"", ""KOBAYASHI, KAZUO""]",46,36,manual_seed,,,,,
70,https://doi.org/10.1038/237274A0,D:\CQUPT\self_file\competition\gjsschool2026\B题\赛题主要文件夹\问题四\外部数据抓取\raw\papers_html\Remanent_Magnetization_in_Meteorites_a02bf9a17d.html,D:\CQUPT\self_file\competition\gjsschool2026\B题\赛题主要文件夹\问题四\外部数据抓取\raw\papers_pdf\Remanent_Magnetization_in_Meteorites_a02bf9a17d.pdf,Remanent Magnetization in Meteorites,10.1038/237274a0,"ALTHOUGH the existence of natural remanent magnetization in meteorites has been taken as evidence for a primaeval magnetic field in the original bodies—presumably of asteroidal dimensions—from which meteorites formed1, it seems surprising that an asteroidal core (∼ 100 km diameter as an upper limit) can sustain convective motions efficient enough to produce the magnetic field, ∼ 10−1 to 1 G, required by the NRM measurements2. Moreover, recent data suggest that iron meteorites are not necessarily fragments of a much larger core, as had been supposed, but formed as small bodies embedded in a silicate matrix3. As there is no other obvious internal mechanism for generating NRM, could an external mechanism be responsible? During the early history of the solar system, the magnetic field of the Sun may have been much more intense than it is at present, possibly ∼ 100 G (ref. 4), and the rotation of the Sun may have been much more rapid. A recent estimate for solar spin damping by the solar wind gives an e-folding time ∼2.2×109 yr (ref, 5). There are two mechanisms by which NRM could have been created in meteorites under these conditions.",Nature,1972/06,https://www.nature.com/articles/237274a0.pdf,"[""MEADOWS, A. J.""]",60,193,manual_seed,,,,,
71,https://doi.org/10.1063/1.4863490,D:\CQUPT\self_file\competition\gjsschool2026\B题\赛题主要文件夹\问题四\外部数据抓取\raw\papers_html\Just_a_moment_ebb4d6052a.html,,Just a moment...,,,,,,[],0,0,manual_seed,,,,,
72,https://doi.org/10.1190/1.1487055,D:\CQUPT\self_file\competition\gjsschool2026\B题\赛题主要文件夹\问题四\外部数据抓取\raw\papers_html\Mapping_remanent_magnetization_using_the_local_phase_4b98083e43.html,,Mapping remanent magnetization using the local phase,,Choose from multiple link options via Crossref,,,,[],0,7,manual_seed,,,,,
73,https://doi.org/10.1029/2022JB024151,D:\CQUPT\self_file\competition\gjsschool2026\B题\赛题主要文件夹\问题四\外部数据抓取\raw\papers_html\Just_a_moment_51bbefe949.html,,Just a moment...,,,,,,[],0,0,manual_seed,,,,,
