sample_type,sample_id,delay_days,observed_magnetism_mt,retention_ratio,dynamic_threshold_mt,m0_hat_mt,static_threshold_mt,support_gap_mt
小号铁钉,1,1,2.1788,0.875958,0.875958,2.487333,1.0,1.487333
小号铁钉,1,2,1.9523,0.808559,0.808559,2.414542,1.0,1.414542
小号铁钉,1,3,1.7493,0.745802,0.745802,2.34553,1.0,1.34553
小号铁钉,1,4,1.6555,0.698656,0.698656,2.36955,1.0,1.36955
小号铁钉,1,5,1.5628,0.651078,0.651078,2.400327,1.0,1.400327
小号铁钉,1,6,1.4781,0.616501,0.616501,2.397562,1.0,1.397562
小号铁钉,1,7,1.3985,0.57979,0.57979,2.412079,1.0,1.412079
小号铁钉,1,8,1.3258,0.553038,0.553038,2.397304,1.0,1.397304
小号铁钉,1,9,1.251,0.516667,0.516667,2.421288,1.0,1.421288
小号铁钉,1,10,1.1781,0.474942,0.474942,2.480511,1.0,1.480511
小号铁钉,1,11,1.1079,0.432305,0.432305,2.562776,1.0,1.562776
小号铁钉,1,12,1.0437,0.396366,0.396366,2.633174,1.0,1.633174
小号铁钉,1,13,0.9911,0.389712,0.389712,2.543158,1.0,1.543158
小号铁钉,1,14,0.9371,0.369112,0.369112,2.538795,1.0,1.538795
小号铁钉,1,15,0.8838,0.345197,0.345197,2.560277,1.0,1.560277
小号铁钉,1,22,0.4879,0.212358,0.212358,2.297533,1.0,1.297533
小号铁钉,1,30,0.2638,0.111506,0.111506,2.365802,1.0,1.365802
小号铁钉,1,37,0.1678,0.071699,0.071699,2.340329,1.0,1.340329
小号铁钉,1,44,0.1009,0.041917,0.041917,2.407113,1.0,1.407113
小号铁钉,1,51,0.0602,0.022821,0.022821,2.637914,1.0,1.637914
小号铁钉,1,58,0.0263,0.011383,0.011383,2.31056,1.0,1.31056
小号铁钉,1,90,0.0014,0.00058,0.00058,2.413728,1.0,1.413728
小号铁钉,2,1,3.3088,0.875958,0.875958,3.777349,1.0,2.777349
小号铁钉,2,2,2.9648,0.808559,0.808559,3.66677,1.0,2.66677
小号铁钉,2,3,2.6566,0.745802,0.745802,3.562073,1.0,2.562073
小号铁钉,2,4,2.5142,0.698656,0.698656,3.598624,1.0,2.598624
小号铁钉,2,5,2.3734,0.651078,0.651078,3.645339,1.0,2.645339
小号铁钉,2,6,2.2448,0.616501,0.616501,3.641193,1.0,2.641193
小号铁钉,2,7,2.1238,0.57979,0.57979,3.663049,1.0,2.663049
小号铁钉,2,8,2.0134,0.553038,0.553038,3.640618,1.0,2.640618
小号铁钉,2,9,1.8998,0.516667,0.516667,3.677029,1.0,2.677029
小号铁钉,2,10,1.7892,0.474942,0.474942,3.767193,1.0,2.767193
小号铁钉,2,11,1.6825,0.432305,0.432305,3.891931,1.0,2.891931
小号铁钉,2,12,1.585,0.396366,0.396366,3.998832,1.0,2.998832
小号铁钉,2,13,1.5051,0.389712,0.389712,3.86208,1.0,2.86208
小号铁钉,2,14,1.4231,0.369112,0.369112,3.855468,1.0,2.855468
小号铁钉,2,15,1.3422,0.345197,0.345197,3.888214,1.0,2.888214
小号铁钉,2,22,0.741,0.212358,0.212358,3.489386,1.0,2.489386
小号铁钉,2,30,0.4007,0.111506,0.111506,3.593544,1.0,2.593544
小号铁钉,2,37,0.2548,0.071699,0.071699,3.55373,1.0,2.55373
小号铁钉,2,44,0.1533,0.041917,0.041917,3.65719,1.0,2.65719
小号铁钉,2,51,0.0915,0.022821,0.022821,4.009454,1.0,3.009454
小号铁钉,2,58,0.04,0.011383,0.011383,3.514159,1.0,2.514159
小号铁钉,2,90,0.0022,0.00058,0.00058,3.793002,1.0,2.793002
小号铁钉,3,1,2.8798,0.875958,0.875958,3.2876,1.0,2.2876
小号铁钉,3,2,2.5805,0.808559,0.808559,3.19148,1.0,2.19148
小号铁钉,3,3,2.3122,0.745802,0.745802,3.100288,1.0,2.100288
小号铁钉,3,4,2.1882,0.698656,0.698656,3.132014,1.0,2.132014
小号铁钉,3,5,2.0657,0.651078,0.651078,3.172739,1.0,2.172739
小号铁钉,3,6,1.9538,0.616501,0.616501,3.169175,1.0,2.169175
小号铁钉,3,7,1.8484,0.57979,0.57979,3.188049,1.0,2.188049
小号铁钉,3,8,1.7524,0.553038,0.553038,3.16868,1.0,2.16868
小号铁钉,3,9,1.6535,0.516667,0.516667,3.20032,1.0,2.20032
小号铁钉,3,10,1.5572,0.474942,0.474942,3.278713,1.0,2.278713
小号铁钉,3,11,1.4643,0.432305,0.432305,3.387194,1.0,2.387194
小号铁钉,3,12,1.3795,0.396366,0.396366,3.480371,1.0,2.480371
小号铁钉,3,13,1.31,0.389712,0.389712,3.361454,1.0,2.361454
小号铁钉,3,14,1.2386,0.369112,0.369112,3.35562,1.0,2.35562
小号铁钉,3,15,1.1682,0.345197,0.345197,3.384154,1.0,2.384154
小号铁钉,3,22,0.6449,0.212358,0.212358,3.036849,1.0,2.036849
小号铁钉,3,30,0.3487,0.111506,0.111506,3.1272,1.0,2.1272
小号铁钉,3,37,0.2217,0.071699,0.071699,3.09208,1.0,2.09208
小号铁钉,3,44,0.1334,0.041917,0.041917,3.182447,1.0,2.182447
小号铁钉,3,51,0.0796,0.022821,0.022821,3.488006,1.0,2.488006
小号铁钉,3,58,0.0348,0.011383,0.011383,3.057319,1.0,2.057319
小号铁钉,3,90,0.0019,0.00058,0.00058,3.275774,1.0,2.275774
小号铁钉,4,1,2.6183,0.875958,0.875958,2.989069,1.0,1.989069
小号铁钉,4,2,2.3461,0.808559,0.808559,2.901582,1.0,1.901582
小号铁钉,4,3,2.1023,0.745802,0.745802,2.818846,1.0,1.818846
小号铁钉,4,4,1.9895,0.698656,0.698656,2.84761,1.0,1.84761
小号铁钉,4,5,1.8781,0.651078,0.651078,2.884601,1.0,1.884601
小号铁钉,4,6,1.7763,0.616501,0.616501,2.88126,1.0,1.88126
小号铁钉,4,7,1.6806,0.57979,0.57979,2.898634,1.0,1.898634
小号铁钉,4,8,1.5932,0.553038,0.553038,2.880815,1.0,1.880815
小号铁钉,4,9,1.5033,0.516667,0.516667,2.90961,1.0,1.90961
小号铁钉,4,10,1.4158,0.474942,0.474942,2.980992,1.0,1.980992
小号铁钉,4,11,1.3314,0.432305,0.432305,3.079772,1.0,2.079772
小号铁钉,4,12,1.2543,0.396366,0.396366,3.164501,1.0,2.164501
小号铁钉,4,13,1.191,0.389712,0.389712,3.056101,1.0,2.056101
小号铁钉,4,14,1.1261,0.369112,0.369112,3.050834,1.0,2.050834
小号铁钉,4,15,1.0621,0.345197,0.345197,3.076793,1.0,2.076793
小号铁钉,4,22,0.5864,0.212358,0.212358,2.761371,1.0,1.761371
小号铁钉,4,30,0.3171,0.111506,0.111506,2.843806,1.0,1.843806
小号铁钉,4,37,0.2016,0.071699,0.071699,2.811742,1.0,1.811742
小号铁钉,4,44,0.1213,0.041917,0.041917,2.893784,1.0,1.893784
小号铁钉,4,51,0.0724,0.022821,0.022821,3.172508,1.0,2.172508
小号铁钉,4,58,0.0317,0.011383,0.011383,2.784971,1.0,1.784971
小号铁钉,4,90,0.0017,0.00058,0.00058,2.930956,1.0,1.930956
小号铁钉,5,1,1.7502,0.875958,0.875958,1.99804,1.0,0.99804
小号铁钉,5,2,1.5683,0.808559,0.808559,1.939623,1.0,0.939623
小号铁钉,5,3,1.4052,0.745802,0.745802,1.884147,1.0,0.884147
小号铁钉,5,4,1.3299,0.698656,0.698656,1.903512,1.0,0.903512
小号铁钉,5,5,1.2554,0.651078,0.651078,1.928187,1.0,0.928187
小号铁钉,5,6,1.1874,0.616501,0.616501,1.92603,1.0,0.92603
小号铁钉,5,7,1.1234,0.57979,0.57979,1.937597,1.0,0.937597
小号铁钉,5,8,1.065,0.553038,0.553038,1.925727,1.0,0.925727
小号铁钉,5,9,1.0049,0.516667,0.516667,1.944966,1.0,0.944966
小号铁钉,5,10,0.9464,0.474942,0.474942,1.992662,1.0,0.992662
小号铁钉,5,11,0.8899,0.432305,0.432305,2.058502,1.0,1.058502
小号铁钉,5,12,0.8384,0.396366,0.396366,2.115218,1.0,1.115218
小号铁钉,5,13,0.7961,0.389712,0.389712,2.042789,1.0,1.042789
小号铁钉,5,14,0.7528,0.369112,0.369112,2.039489,1.0,1.039489
小号铁钉,5,15,0.7099,0.345197,0.345197,2.056507,1.0,1.056507
小号铁钉,5,22,0.392,0.212358,0.212358,1.845937,1.0,0.845937
小号铁钉,5,30,0.2119,0.111506,0.111506,1.900354,1.0,0.900354
小号铁钉,5,37,0.1348,0.071699,0.071699,1.880074,1.0,0.880074
小号铁钉,5,44,0.0811,0.041917,0.041917,1.934756,1.0,0.934756
小号铁钉,5,51,0.0484,0.022821,0.022821,2.120848,1.0,1.120848
小号铁钉,5,58,0.0212,0.011383,0.011383,1.862504,1.0,0.862504
小号铁钉,5,90,0.0012,0.00058,0.00058,2.06891,1.0,1.06891
小号铁钉,6,1,1.7501,0.875958,0.875958,1.997926,1.0,0.997926
小号铁钉,6,2,1.5682,0.808559,0.808559,1.9395,1.0,0.9395
小号铁钉,6,3,1.4052,0.745802,0.745802,1.884147,1.0,0.884147
小号铁钉,6,4,1.3298,0.698656,0.698656,1.903369,1.0,0.903369
小号铁钉,6,5,1.2554,0.651078,0.651078,1.928187,1.0,0.928187
小号铁钉,6,6,1.1874,0.616501,0.616501,1.92603,1.0,0.92603
小号铁钉,6,7,1.1233,0.57979,0.57979,1.937425,1.0,0.937425
小号铁钉,6,8,1.065,0.553038,0.553038,1.925727,1.0,0.925727
小号铁钉,6,9,1.0049,0.516667,0.516667,1.944966,1.0,0.944966
小号铁钉,6,10,0.9464,0.474942,0.474942,1.992662,1.0,0.992662
小号铁钉,6,11,0.8899,0.432305,0.432305,2.058502,1.0,1.058502
小号铁钉,6,12,0.8384,0.396366,0.396366,2.115218,1.0,1.115218
小号铁钉,6,13,0.7961,0.389712,0.389712,2.042789,1.0,1.042789
小号铁钉,6,14,0.7527,0.369112,0.369112,2.039218,1.0,1.039218
小号铁钉,6,15,0.7099,0.345197,0.345197,2.056507,1.0,1.056507
小号铁钉,6,22,0.3919,0.212358,0.212358,1.845466,1.0,0.845466
小号铁钉,6,30,0.2119,0.111506,0.111506,1.900354,1.0,0.900354
小号铁钉,6,37,0.1348,0.071699,0.071699,1.880074,1.0,0.880074
小号铁钉,6,44,0.0811,0.041917,0.041917,1.934756,1.0,0.934756
小号铁钉,6,51,0.0484,0.022821,0.022821,2.120848,1.0,1.120848
小号铁钉,6,58,0.0212,0.011383,0.011383,1.862504,1.0,0.862504
小号铁钉,6,90,0.0012,0.00058,0.00058,2.06891,1.0,1.06891
小号铁钉,7,1,1.5581,0.875958,0.875958,1.778738,1.0,0.778738
小号铁钉,7,2,1.3961,0.808559,0.808559,1.726652,1.0,0.726652
小号铁钉,7,3,1.251,0.745802,0.745802,1.67739,1.0,0.67739
小号铁钉,7,4,1.1839,0.698656,0.698656,1.694539,1.0,0.694539
小号铁钉,7,5,1.1176,0.651078,0.651078,1.716538,1.0,0.716538
小号铁钉,7,6,1.0571,0.616501,0.616501,1.714676,1.0,0.714676
小号铁钉,7,7,1.0001,0.57979,0.57979,1.724934,1.0,0.724934
小号铁钉,7,8,0.9481,0.553038,0.553038,1.714349,1.0,0.714349
小号铁钉,7,9,0.8946,0.516667,0.516667,1.731482,1.0,0.731482
小号铁钉,7,10,0.8425,0.474942,0.474942,1.773899,1.0,0.773899
小号铁钉,7,11,0.7923,0.432305,0.432305,1.832735,1.0,0.832735
小号铁钉,7,12,0.7464,0.396366,0.396366,1.883109,1.0,0.883109
小号铁钉,7,13,0.7088,0.389712,0.389712,1.818778,1.0,0.818778
小号铁钉,7,14,0.6701,0.369112,0.369112,1.815438,1.0,0.815438
小号铁钉,7,15,0.632,0.345197,0.345197,1.830838,1.0,0.830838
小号铁钉,7,22,0.3489,0.212358,0.212358,1.642978,1.0,0.642978
小号铁钉,7,30,0.1887,0.111506,0.111506,1.692293,1.0,0.692293
小号铁钉,7,37,0.12,0.071699,0.071699,1.673656,1.0,0.673656
小号铁钉,7,44,0.0722,0.041917,0.041917,1.722434,1.0,0.722434
小号铁钉,7,51,0.0431,0.022821,0.022821,1.888606,1.0,0.888606
小号铁钉,7,58,0.0188,0.011383,0.011383,1.651655,1.0,0.651655
小号铁钉,7,90,0.001,0.00058,0.00058,1.724092,1.0,0.724092
小号铁钉,8,1,3.143,0.875958,0.875958,3.588071,1.0,2.588071
小号铁钉,8,2,2.8163,0.808559,0.808559,3.48311,1.0,2.48311
小号铁钉,8,3,2.5235,0.745802,0.745802,3.383607,1.0,2.383607
小号铁钉,8,4,2.3882,0.698656,0.698656,3.418277,1.0,2.418277
小号铁钉,8,5,2.2545,0.651078,0.651078,3.462719,1.0,2.462719
小号铁钉,8,6,2.1323,0.616501,0.616501,3.458712,1.0,2.458712
小号铁钉,8,7,2.0173,0.57979,0.57979,3.479361,1.0,2.479361
小号铁钉,8,8,1.9125,0.553038,0.553038,3.458172,1.0,2.458172
小号铁钉,8,9,1.8046,0.516667,0.516667,3.492771,1.0,2.492771
小号铁钉,8,10,1.6995,0.474942,0.474942,3.578328,1.0,2.578328
小号铁钉,8,11,1.5981,0.432305,0.432305,3.696698,1.0,2.696698
小号铁钉,8,12,1.5056,0.396366,0.396366,3.798512,1.0,2.798512
小号铁钉,8,13,1.4297,0.389712,0.389712,3.668604,1.0,2.668604
小号铁钉,8,14,1.3518,0.369112,0.369112,3.662302,1.0,2.662302
小号铁钉,8,15,1.2749,0.345197,0.345197,3.693253,1.0,2.693253
小号铁钉,8,22,0.7039,0.212358,0.212358,3.314682,1.0,2.314682
小号铁钉,8,30,0.3806,0.111506,0.111506,3.413284,1.0,2.413284
小号铁钉,8,37,0.242,0.071699,0.071699,3.375206,1.0,2.375206
小号铁钉,8,44,0.1456,0.041917,0.041917,3.473495,1.0,2.473495
小号铁钉,8,51,0.0869,0.022821,0.022821,3.807886,1.0,2.807886
小号铁钉,8,58,0.038,0.011383,0.011383,3.338451,1.0,2.338451
小号铁钉,8,90,0.0021,0.00058,0.00058,3.620592,1.0,2.620592
小号铁钉,9,1,2.6231,0.875958,0.875958,2.994549,1.0,1.994549
小号铁钉,9,2,2.3505,0.808559,0.808559,2.907023,1.0,1.907023
小号铁钉,9,3,2.1061,0.745802,0.745802,2.823941,1.0,1.823941
小号铁钉,9,4,1.9932,0.698656,0.698656,2.852906,1.0,1.852906
小号铁钉,9,5,1.8816,0.651078,0.651078,2.889977,1.0,1.889977
小号铁钉,9,6,1.7796,0.616501,0.616501,2.886612,1.0,1.886612
小号铁钉,9,7,1.6837,0.57979,0.57979,2.903981,1.0,1.903981
小号铁钉,9,8,1.5962,0.553038,0.553038,2.88624,1.0,1.88624
小号铁钉,9,9,1.5061,0.516667,0.516667,2.91503,1.0,1.91503
小号铁钉,9,10,1.4184,0.474942,0.474942,2.986467,1.0,1.986467
小号铁钉,9,11,1.3338,0.432305,0.432305,3.085324,1.0,2.085324
小号铁钉,9,12,1.2566,0.396366,0.396366,3.170304,1.0,2.170304
小号铁钉,9,13,1.1932,0.389712,0.389712,3.061746,1.0,2.061746
小号铁钉,9,14,1.1282,0.369112,0.369112,3.056524,1.0,2.056524
小号铁钉,9,15,1.064,0.345197,0.345197,3.082297,1.0,2.082297
小号铁钉,9,22,0.5875,0.212358,0.212358,2.766551,1.0,1.766551
小号铁钉,9,30,0.3176,0.111506,0.111506,2.84829,1.0,1.84829
小号铁钉,9,37,0.202,0.071699,0.071699,2.817321,1.0,1.817321
小号铁钉,9,44,0.1215,0.041917,0.041917,2.898555,1.0,1.898555
小号铁钉,9,51,0.0725,0.022821,0.022821,3.17689,1.0,2.17689
小号铁钉,9,58,0.0317,0.011383,0.011383,2.784971,1.0,1.784971
小号铁钉,9,90,0.0017,0.00058,0.00058,2.930956,1.0,1.930956
小号铁钉,10,1,2.8329,0.875958,0.875958,3.234058,1.0,2.234058
小号铁钉,10,2,2.5384,0.808559,0.808559,3.139412,1.0,2.139412
小号铁钉,10,3,2.2745,0.745802,0.745802,3.049739,1.0,2.049739
小号铁钉,10,4,2.1526,0.698656,0.698656,3.081059,1.0,2.081059
小号铁钉,10,5,2.0321,0.651078,0.651078,3.121132,1.0,2.121132
小号铁钉,10,6,1.9219,0.616501,0.616501,3.117431,1.0,2.117431
小号铁钉,10,7,1.8183,0.57979,0.57979,3.136134,1.0,2.136134
小号铁钉,10,8,1.7238,0.553038,0.553038,3.116965,1.0,2.116965
小号铁钉,10,9,1.6265,0.516667,0.516667,3.148062,1.0,2.148062
小号铁钉,10,10,1.5319,0.474942,0.474942,3.225443,1.0,2.225443
小号铁钉,10,11,1.4405,0.432305,0.432305,3.332141,1.0,2.332141
小号铁钉,10,12,1.3571,0.396366,0.396366,3.423858,1.0,2.423858
小号铁钉,10,13,1.2886,0.389712,0.389712,3.306542,1.0,2.306542
小号铁钉,10,14,1.2184,0.369112,0.369112,3.300894,1.0,2.300894
小号铁钉,10,15,1.1491,0.345197,0.345197,3.328823,1.0,2.328823
小号铁钉,10,22,0.6344,0.212358,0.212358,2.987404,1.0,1.987404
小号铁钉,10,30,0.343,0.111506,0.111506,3.076081,1.0,2.076081
小号铁钉,10,37,0.2181,0.071699,0.071699,3.04187,1.0,2.04187
小号铁钉,10,44,0.1313,0.041917,0.041917,3.132348,1.0,2.132348
小号铁钉,10,51,0.0783,0.022821,0.022821,3.431041,1.0,2.431041
小号铁钉,10,58,0.0342,0.011383,0.011383,3.004606,1.0,2.004606
小号铁钉,10,90,0.0019,0.00058,0.00058,3.275774,1.0,2.275774
小号铁钉,11,1,1.4846,0.875958,0.875958,1.69483,1.0,0.69483
小号铁钉,11,2,1.3302,0.808559,0.808559,1.645149,1.0,0.645149
小号铁钉,11,3,1.192,0.745802,0.745802,1.59828,1.0,0.59828
小号铁钉,11,4,1.128,0.698656,0.698656,1.614528,1.0,0.614528
小号铁钉,11,5,1.0649,0.651078,0.651078,1.635595,1.0,0.635595
小号铁钉,11,6,1.0072,0.616501,0.616501,1.633736,1.0,0.633736
小号铁钉,11,7,0.9529,0.57979,0.57979,1.643525,1.0,0.643525
小号铁钉,11,8,0.9034,0.553038,0.553038,1.633523,1.0,0.633523
小号铁钉,11,9,0.8524,0.516667,0.516667,1.649805,1.0,0.649805
小号铁钉,11,10,0.8028,0.474942,0.474942,1.69031,1.0,0.69031
小号铁钉,11,11,0.7549,0.432305,0.432305,1.746222,1.0,0.746222
小号铁钉,11,12,0.7112,0.396366,0.396366,1.794302,1.0,0.794302
小号铁钉,11,13,0.6753,0.389712,0.389712,1.732817,1.0,0.732817
小号铁钉,11,14,0.6385,0.369112,0.369112,1.729827,1.0,0.729827
小号铁钉,11,15,0.6022,0.345197,0.345197,1.744511,1.0,0.744511
小号铁钉,11,22,0.3325,0.212358,0.212358,1.56575,1.0,0.56575
小号铁钉,11,30,0.1798,0.111506,0.111506,1.612476,1.0,0.612476
小号铁钉,11,37,0.1143,0.071699,0.071699,1.594157,1.0,0.594157
小号铁钉,11,44,0.0688,0.041917,0.041917,1.641322,1.0,0.641322
小号铁钉,11,51,0.041,0.022821,0.022821,1.796586,1.0,0.796586
小号铁钉,11,58,0.0179,0.011383,0.011383,1.572586,1.0,0.572586
小号铁钉,11,90,0.001,0.00058,0.00058,1.724092,1.0,0.724092
小号铁钉,12,1,3.3464,0.875958,0.875958,3.820273,1.0,2.820273
小号铁钉,12,2,2.9986,0.808559,0.808559,3.708573,1.0,2.708573
小号铁钉,12,3,2.6869,0.745802,0.745802,3.602701,1.0,2.602701
小号铁钉,12,4,2.5428,0.698656,0.698656,3.639559,1.0,2.639559
小号铁钉,12,5,2.4004,0.651078,0.651078,3.686809,1.0,2.686809
小号铁钉,12,6,2.2703,0.616501,0.616501,3.682556,1.0,2.682556
小号铁钉,12,7,2.1479,0.57979,0.57979,3.704615,1.0,2.704615
小号铁钉,12,8,2.0363,0.553038,0.553038,3.682026,1.0,2.682026
小号铁钉,12,9,1.9214,0.516667,0.516667,3.718836,1.0,2.718836
小号铁钉,12,10,1.8095,0.474942,0.474942,3.809935,1.0,2.809935
小号铁钉,12,11,1.7016,0.432305,0.432305,3.936113,1.0,2.936113
小号铁钉,12,12,1.6031,0.396366,0.396366,4.044497,1.0,3.044497
小号铁钉,12,13,1.5222,0.389712,0.389712,3.905958,1.0,2.905958
小号铁钉,12,14,1.4393,0.369112,0.369112,3.899357,1.0,2.899357
小号铁钉,12,15,1.3574,0.345197,0.345197,3.932247,1.0,2.932247
小号铁钉,12,22,0.7494,0.212358,0.212358,3.528942,1.0,2.528942
小号铁钉,12,30,0.4052,0.111506,0.111506,3.633901,1.0,2.633901
小号铁钉,12,37,0.2577,0.071699,0.071699,3.594176,1.0,2.594176
小号铁钉,12,44,0.155,0.041917,0.041917,3.697746,1.0,2.697746
小号铁钉,12,51,0.0925,0.022821,0.022821,4.053273,1.0,3.053273
小号铁钉,12,58,0.0405,0.011383,0.011383,3.558086,1.0,2.558086
小号铁钉,12,90,0.0022,0.00058,0.00058,3.793002,1.0,2.793002
小号铁钉,13,1,3.0768,0.875958,0.875958,3.512496,1.0,2.512496
小号铁钉,13,2,2.757,0.808559,0.808559,3.40977,1.0,2.40977
小号铁钉,13,3,2.4704,0.745802,0.745802,3.312409,1.0,2.312409
小号铁钉,13,4,2.3379,0.698656,0.698656,3.346282,1.0,2.346282
小号铁钉,13,5,2.207,0.651078,0.651078,3.389763,1.0,2.389763
小号铁钉,13,6,2.0874,0.616501,0.616501,3.385881,1.0,2.385881
小号铁钉,13,7,1.9749,0.57979,0.57979,3.406232,1.0,2.406232
小号铁钉,13,8,1.8722,0.553038,0.553038,3.385301,1.0,2.385301
小号铁钉,13,9,1.7666,0.516667,0.516667,3.419223,1.0,2.419223
小号铁钉,13,10,1.6638,0.474942,0.474942,3.503161,1.0,2.503161
小号铁钉,13,11,1.5645,0.432305,0.432305,3.618975,1.0,2.618975
小号铁钉,13,12,1.4739,0.396366,0.396366,3.718535,1.0,2.718535
小号铁钉,13,13,1.3996,0.389712,0.389712,3.591367,1.0,2.591367
小号铁钉,13,14,1.3233,0.369112,0.369112,3.58509,1.0,2.58509
小号铁钉,13,15,1.2481,0.345197,0.345197,3.615616,1.0,2.615616
小号铁钉,13,22,0.6891,0.212358,0.212358,3.244988,1.0,2.244988
小号铁钉,13,30,0.3726,0.111506,0.111506,3.341539,1.0,2.341539
小号铁钉,13,37,0.2369,0.071699,0.071699,3.304076,1.0,2.304076
小号铁钉,13,44,0.1426,0.041917,0.041917,3.401926,1.0,2.401926
小号铁钉,13,51,0.085,0.022821,0.022821,3.724629,1.0,2.724629
小号铁钉,13,58,0.0372,0.011383,0.011383,3.268168,1.0,2.268168
小号铁钉,13,90,0.002,0.00058,0.00058,3.448183,1.0,2.448183
小号铁钉,14,1,1.8606,0.875958,0.875958,2.124074,1.0,1.124074
小号铁钉,14,2,1.6672,0.808559,0.808559,2.06194,1.0,1.06194
小号铁钉,14,3,1.4939,0.745802,0.745802,2.00308,1.0,1.00308
小号铁钉,14,4,1.4138,0.698656,0.698656,2.0236,1.0,1.0236
小号铁钉,14,5,1.3347,0.651078,0.651078,2.049985,1.0,1.049985
小号铁钉,14,6,1.2623,0.616501,0.616501,2.047522,1.0,1.047522
小号铁钉,14,7,1.1943,0.57979,0.57979,2.059883,1.0,1.059883
小号铁钉,14,8,1.1322,0.553038,0.553038,2.047238,1.0,1.047238
小号铁钉,14,9,1.0683,0.516667,0.516667,2.067676,1.0,1.067676
小号铁钉,14,10,1.0061,0.474942,0.474942,2.118362,1.0,1.118362
小号铁钉,14,11,0.9461,0.432305,0.432305,2.188503,1.0,1.188503
小号铁钉,14,12,0.8913,0.396366,0.396366,2.248681,1.0,1.248681
小号铁钉,14,13,0.8464,0.389712,0.389712,2.171859,1.0,1.171859
小号铁钉,14,14,0.8003,0.369112,0.369112,2.168176,1.0,1.168176
小号铁钉,14,15,0.7547,0.345197,0.345197,2.186287,1.0,1.186287
小号铁钉,14,22,0.4167,0.212358,0.212358,1.96225,1.0,0.96225
小号铁钉,14,30,0.2253,0.111506,0.111506,2.020528,1.0,1.020528
小号铁钉,14,37,0.1433,0.071699,0.071699,1.998624,1.0,0.998624
小号铁钉,14,44,0.0862,0.041917,0.041917,2.056424,1.0,1.056424
小号铁钉,14,51,0.0514,0.022821,0.022821,2.252305,1.0,1.252305
小号铁钉,14,58,0.0225,0.011383,0.011383,1.976715,1.0,0.976715
小号铁钉,14,90,0.0012,0.00058,0.00058,2.06891,1.0,1.06891
小号铁钉,15,1,1.8008,0.875958,0.875958,2.055806,1.0,1.055806
小号铁钉,15,2,1.6136,0.808559,0.808559,1.995649,1.0,0.995649
小号铁钉,15,3,1.4459,0.745802,0.745802,1.938719,1.0,0.938719
小号铁钉,15,4,1.3683,0.698656,0.698656,1.958475,1.0,0.958475
小号铁钉,15,5,1.2917,0.651078,0.651078,1.983941,1.0,0.983941
小号铁钉,15,6,1.2217,0.616501,0.616501,1.981667,1.0,0.981667
小号铁钉,15,7,1.1559,0.57979,0.57979,1.993652,1.0,0.993652
小号铁钉,15,8,1.0958,0.553038,0.553038,1.981419,1.0,0.981419
小号铁钉,15,9,1.0339,0.516667,0.516667,2.001095,1.0,1.001095
小号铁钉,15,10,0.9738,0.474942,0.474942,2.050353,1.0,1.050353
小号铁钉,15,11,0.9157,0.432305,0.432305,2.118182,1.0,1.118182
小号铁钉,15,12,0.8626,0.396366,0.396366,2.176273,1.0,1.176273
小号铁钉,15,13,0.8192,0.389712,0.389712,2.102064,1.0,1.102064
小号铁钉,15,14,0.7745,0.369112,0.369112,2.098278,1.0,1.098278
小号铁钉,15,15,0.7305,0.345197,0.345197,2.116183,1.0,1.116183
小号铁钉,15,22,0.4033,0.212358,0.212358,1.899149,1.0,0.899149
小号铁钉,15,30,0.2181,0.111506,0.111506,1.955957,1.0,0.955957
小号铁钉,15,37,0.1387,0.071699,0.071699,1.934467,1.0,0.934467
小号铁钉,15,44,0.0834,0.041917,0.041917,1.989626,1.0,0.989626
小号铁钉,15,51,0.0498,0.022821,0.022821,2.182195,1.0,1.182195
小号铁钉,15,58,0.0218,0.011383,0.011383,1.915217,1.0,0.915217
小号铁钉,15,90,0.0012,0.00058,0.00058,2.06891,1.0,1.06891
小号铁钉,16,1,1.8039,0.875958,0.875958,2.059345,1.0,1.059345
小号铁钉,16,2,1.6164,0.808559,0.808559,1.999112,1.0,0.999112
小号铁钉,16,3,1.4484,0.745802,0.745802,1.942071,1.0,0.942071
小号铁钉,16,4,1.3707,0.698656,0.698656,1.96191,1.0,0.96191
小号铁钉,16,5,1.294,0.651078,0.651078,1.987473,1.0,0.987473
小号铁钉,16,6,1.2238,0.616501,0.616501,1.985073,1.0,0.985073
小号铁钉,16,7,1.1578,0.57979,0.57979,1.996929,1.0,0.996929
小号铁钉,16,8,1.0977,0.553038,0.553038,1.984855,1.0,0.984855
小号铁钉,16,9,1.0357,0.516667,0.516667,2.004579,1.0,1.004579
小号铁钉,16,10,0.9754,0.474942,0.474942,2.053722,1.0,1.053722
小号铁钉,16,11,0.9172,0.432305,0.432305,2.121652,1.0,1.121652
小号铁钉,16,12,0.8641,0.396366,0.396366,2.180057,1.0,1.180057
小号铁钉,16,13,0.8206,0.389712,0.389712,2.105656,1.0,1.105656
小号铁钉,16,14,0.7759,0.369112,0.369112,2.102071,1.0,1.102071
小号铁钉,16,15,0.7317,0.345197,0.345197,2.119659,1.0,1.119659
小号铁钉,16,22,0.404,0.212358,0.212358,1.902445,1.0,0.902445
小号铁钉,16,30,0.2184,0.111506,0.111506,1.958648,1.0,0.958648
小号铁钉,16,37,0.1389,0.071699,0.071699,1.937257,1.0,0.937257
小号铁钉,16,44,0.0836,0.041917,0.041917,1.994397,1.0,0.994397
小号铁钉,16,51,0.0499,0.022821,0.022821,2.186577,1.0,1.186577
小号铁钉,16,58,0.0218,0.011383,0.011383,1.915217,1.0,0.915217
小号铁钉,16,90,0.0012,0.00058,0.00058,2.06891,1.0,1.06891
小号铁钉,17,1,2.0409,0.875958,0.875958,2.329906,1.0,1.329906
小号铁钉,17,2,1.8287,0.808559,0.808559,2.261678,1.0,1.261678
小号铁钉,17,3,1.6386,0.745802,0.745802,2.197099,1.0,1.197099
小号铁钉,17,4,1.5508,0.698656,0.698656,2.21969,1.0,1.21969
小号铁钉,17,5,1.4639,0.651078,0.651078,2.248425,1.0,1.248425
小号铁钉,17,6,1.3846,0.616501,0.616501,2.2459,1.0,1.2459
小号铁钉,17,7,1.31,0.57979,0.57979,2.259438,1.0,1.259438
小号铁钉,17,8,1.2419,0.553038,0.553038,2.245597,1.0,1.245597
小号铁钉,17,9,1.1718,0.516667,0.516667,2.267998,1.0,1.267998
小号铁钉,17,10,1.1036,0.474942,0.474942,2.32365,1.0,1.32365
小号铁钉,17,11,1.0378,0.432305,0.432305,2.400622,1.0,1.400622
小号铁钉,17,12,0.9777,0.396366,0.396366,2.466661,1.0,1.466661
小号铁钉,17,13,0.9284,0.389712,0.389712,2.38227,1.0,1.38227
小号铁钉,17,14,0.8778,0.369112,0.369112,2.378139,1.0,1.378139
小号铁钉,17,15,0.8279,0.345197,0.345197,2.39834,1.0,1.39834
小号铁钉,17,22,0.4571,0.212358,0.212358,2.152495,1.0,1.152495
小号铁钉,17,30,0.2471,0.111506,0.111506,2.216034,1.0,1.216034
小号铁钉,17,37,0.1571,0.071699,0.071699,2.191095,1.0,1.191095
小号铁钉,17,44,0.0946,0.041917,0.041917,2.256818,1.0,1.256818
小号铁钉,17,51,0.0564,0.022821,0.022821,2.471401,1.0,1.471401
小号铁钉,17,58,0.0247,0.011383,0.011383,2.169993,1.0,1.169993
小号铁钉,17,90,0.0014,0.00058,0.00058,2.413728,1.0,1.413728
小号铁钉,18,1,2.4734,0.875958,0.875958,2.823651,1.0,1.823651
小号铁钉,18,2,2.2163,0.808559,0.808559,2.741049,1.0,1.741049
小号铁钉,18,3,1.9859,0.745802,0.745802,2.662772,1.0,1.662772
小号铁钉,18,4,1.8794,0.698656,0.698656,2.690022,1.0,1.690022
小号铁钉,18,5,1.7742,0.651078,0.651078,2.725019,1.0,1.725019
小号铁钉,18,6,1.678,0.616501,0.616501,2.721811,1.0,1.721811
小号铁钉,18,7,1.5876,0.57979,0.57979,2.738231,1.0,1.738231
小号铁钉,18,8,1.505,0.553038,0.553038,2.721332,1.0,1.721332
小号铁钉,18,9,1.4201,0.516667,0.516667,2.748578,1.0,1.748578
小号铁钉,18,10,1.3374,0.474942,0.474942,2.81592,1.0,1.81592
小号铁钉,18,11,1.2577,0.432305,0.432305,2.909291,1.0,1.909291
小号铁钉,18,12,1.1848,0.396366,0.396366,2.989158,1.0,1.989158
小号铁钉,18,13,1.1251,0.389712,0.389712,2.887002,1.0,1.887002
小号铁钉,18,14,1.0638,0.369112,0.369112,2.882051,1.0,1.882051
小号铁钉,18,15,1.0033,0.345197,0.345197,2.906456,1.0,1.906456
小号铁钉,18,22,0.5539,0.212358,0.212358,2.608328,1.0,1.608328
小号铁钉,18,30,0.2995,0.111506,0.111506,2.685966,1.0,1.685966
小号铁钉,18,37,0.1904,0.071699,0.071699,2.655534,1.0,1.655534
小号铁钉,18,44,0.1146,0.041917,0.041917,2.733946,1.0,1.733946
小号铁钉,18,51,0.0684,0.022821,0.022821,2.997231,1.0,1.997231
小号铁钉,18,58,0.0299,0.011383,0.011383,2.626834,1.0,1.626834
小号铁钉,18,90,0.0016,0.00058,0.00058,2.758547,1.0,1.758547
小号铁钉,19,1,2.2913,0.875958,0.875958,2.615764,1.0,1.615764
小号铁钉,19,2,2.0532,0.808559,0.808559,2.539332,1.0,1.539332
小号铁钉,19,3,1.8397,0.745802,0.745802,2.466742,1.0,1.466742
小号铁钉,19,4,1.7411,0.698656,0.698656,2.492071,1.0,1.492071
小号铁钉,19,5,1.6436,0.651078,0.651078,2.524429,1.0,1.524429
小号铁钉,19,6,1.5545,0.616501,0.616501,2.521487,1.0,1.521487
小号铁钉,19,7,1.4707,0.57979,0.57979,2.536607,1.0,1.536607
小号铁钉,19,8,1.3943,0.553038,0.553038,2.521165,1.0,1.521165
小号铁钉,19,9,1.3156,0.516667,0.516667,2.54632,1.0,1.54632
小号铁钉,19,10,1.239,0.474942,0.474942,2.608737,1.0,1.608737
小号铁钉,19,11,1.1651,0.432305,0.432305,2.69509,1.0,1.69509
小号铁钉,19,12,1.0976,0.396366,0.396366,2.76916,1.0,1.76916
小号铁钉,19,13,1.0423,0.389712,0.389712,2.674537,1.0,1.674537
小号铁钉,19,14,0.9855,0.369112,0.369112,2.66992,1.0,1.66992
小号铁钉,19,15,0.9295,0.345197,0.345197,2.692665,1.0,1.692665
小号铁钉,19,22,0.5132,0.212358,0.212358,2.416671,1.0,1.416671
小号铁钉,19,30,0.2775,0.111506,0.111506,2.488666,1.0,1.488666
小号铁钉,19,37,0.1764,0.071699,0.071699,2.460274,1.0,1.460274
小号铁钉,19,44,0.1062,0.041917,0.041917,2.533552,1.0,1.533552
小号铁钉,19,51,0.0633,0.022821,0.022821,2.773753,1.0,1.773753
小号铁钉,19,58,0.0277,0.011383,0.011383,2.433555,1.0,1.433555
小号铁钉,19,90,0.0015,0.00058,0.00058,2.586137,1.0,1.586137
小号铁钉,20,1,2.0154,0.875958,0.875958,2.300795,1.0,1.300795
小号铁钉,20,2,1.8059,0.808559,0.808559,2.233479,1.0,1.233479
小号铁钉,20,3,1.6181,0.745802,0.745802,2.169612,1.0,1.169612
小号铁钉,20,4,1.5314,0.698656,0.698656,2.191923,1.0,1.191923
小号铁钉,20,5,1.4456,0.651078,0.651078,2.220318,1.0,1.220318
小号铁钉,20,6,1.3673,0.616501,0.616501,2.217838,1.0,1.217838
小号铁钉,20,7,1.2936,0.57979,0.57979,2.231152,1.0,1.231152
小号铁钉,20,8,1.2263,0.553038,0.553038,2.217389,1.0,1.217389
小号铁钉,20,9,1.1571,0.516667,0.516667,2.239546,1.0,1.239546
小号铁钉,20,10,1.0898,0.474942,0.474942,2.294594,1.0,1.294594
小号铁钉,20,11,1.0248,0.432305,0.432305,2.37055,1.0,1.37055
小号铁钉,20,12,0.9654,0.396366,0.396366,2.435629,1.0,1.435629
小号铁钉,20,13,0.9168,0.389712,0.389712,2.352505,1.0,1.352505
小号铁钉,20,14,0.8668,0.369112,0.369112,2.348338,1.0,1.348338
小号铁钉,20,15,0.8175,0.345197,0.345197,2.368213,1.0,1.368213
小号铁钉,20,22,0.4513,0.212358,0.212358,2.125182,1.0,1.125182
小号铁钉,20,30,0.244,0.111506,0.111506,2.188233,1.0,1.188233
小号铁钉,20,37,0.1552,0.071699,0.071699,2.164595,1.0,1.164595
小号铁钉,20,44,0.0934,0.041917,0.041917,2.22819,1.0,1.22819
小号铁钉,20,51,0.0557,0.022821,0.022821,2.440728,1.0,1.440728
小号铁钉,20,58,0.0244,0.011383,0.011383,2.143637,1.0,1.143637
小号铁钉,20,90,0.0013,0.00058,0.00058,2.241319,1.0,1.241319
小号铁夹,1,1,2.4595,0.87411,0.87411,2.81372,1.0,1.81372
小号铁夹,1,2,2.1899,0.803269,0.803269,2.726234,1.0,1.726234
小号铁夹,1,3,1.9498,0.737632,0.737632,2.643325,1.0,1.643325
小号铁夹,1,4,1.8396,0.687933,0.687933,2.674097,1.0,1.674097
小号铁夹,1,5,1.7309,0.638238,0.638238,2.711997,1.0,1.711997
小号铁夹,1,6,1.632,0.601659,0.601659,2.7125,1.0,1.7125
小号铁夹,1,7,1.5392,0.563319,0.563319,2.732378,1.0,1.732378
小号铁夹,1,8,1.4549,0.53494,0.53494,2.719745,1.0,1.719745
小号铁夹,1,9,1.3683,0.49754,0.49754,2.750132,1.0,1.750132
小号铁夹,1,10,1.2843,0.455328,0.455328,2.820602,1.0,1.820602
小号铁夹,1,11,1.2035,0.412611,0.412611,2.916793,1.0,1.916793
小号铁夹,1,12,1.13,0.376629,0.376629,3.000303,1.0,2.000303
小号铁夹,1,13,1.0699,0.368662,0.368662,2.902118,1.0,1.902118
小号铁夹,1,14,1.0085,0.347624,0.347624,2.901127,1.0,1.901127
小号铁夹,1,15,0.948,0.323657,0.323657,2.929029,1.0,1.929029
小号铁夹,1,22,0.5058,0.192999,0.192999,2.620743,1.0,1.620743
小号铁夹,1,30,0.264,0.097795,0.097795,2.699529,1.0,1.699529
小号铁夹,1,37,0.1636,0.060954,0.060954,2.683992,1.0,1.683992
小号铁夹,1,44,0.0957,0.034542,0.034542,2.770528,1.0,1.770528
小号铁夹,1,51,0.0554,0.018229,0.018229,3.039147,1.0,2.039147
小号铁夹,1,58,0.0231,0.008813,0.008813,2.621101,1.0,1.621101
小号铁夹,1,90,0.0011,0.000389,0.000389,2.824398,1.0,1.824398
小号铁夹,2,1,1.7776,0.87411,0.87411,2.033612,1.0,1.033612
小号铁夹,2,2,1.5828,0.803269,0.803269,1.970448,1.0,0.970448
小号铁夹,2,3,1.4093,0.737632,0.737632,1.910574,1.0,0.910574
小号铁夹,2,4,1.3296,0.687933,0.687933,1.932746,1.0,0.932746
小号铁夹,2,5,1.2511,0.638238,0.638238,1.96024,1.0,0.96024
小号铁夹,2,6,1.1796,0.601659,0.601659,1.960579,1.0,0.960579
小号铁夹,2,7,1.1125,0.563319,0.563319,1.974903,1.0,0.974903
小号铁夹,2,8,1.0515,0.53494,0.53494,1.965641,1.0,0.965641
小号铁夹,2,9,0.989,0.49754,0.49754,1.987781,1.0,0.987781
小号铁夹,2,10,0.9283,0.455328,0.455328,2.038748,1.0,1.038748
小号铁夹,2,11,0.8699,0.412611,0.412611,2.108283,1.0,1.108283
小号铁夹,2,12,0.8167,0.376629,0.376629,2.168449,1.0,1.168449
小号铁夹,2,13,0.7733,0.368662,0.368662,2.097586,1.0,1.097586
小号铁夹,2,14,0.7289,0.347624,0.347624,2.096809,1.0,1.096809
小号铁夹,2,15,0.6852,0.323657,0.323657,2.117057,1.0,1.117057
小号铁夹,2,22,0.3656,0.192999,0.192999,1.894313,1.0,0.894313
小号铁夹,2,30,0.1908,0.097795,0.097795,1.951023,1.0,0.951023
小号铁夹,2,37,0.1183,0.060954,0.060954,1.940808,1.0,0.940808
小号铁夹,2,44,0.0691,0.034542,0.034542,2.000455,1.0,1.000455
小号铁夹,2,51,0.0401,0.018229,0.018229,2.199816,1.0,1.199816
小号铁夹,2,58,0.0167,0.008813,0.008813,1.894908,1.0,0.894908
小号铁夹,2,90,0.0008,0.000389,0.000389,2.054108,1.0,1.054108
小号铁夹,3,1,1.998,0.87411,0.87411,2.285754,1.0,1.285754
小号铁夹,3,2,1.779,0.803269,0.803269,2.2147,1.0,1.2147
小号铁夹,3,3,1.584,0.737632,0.737632,2.147414,1.0,1.147414
小号铁夹,3,4,1.4944,0.687933,0.687933,2.172304,1.0,1.172304
小号铁夹,3,5,1.4062,0.638238,0.638238,2.203253,1.0,1.203253
小号铁夹,3,6,1.3258,0.601659,0.601659,2.203574,1.0,1.203574
小号铁夹,3,7,1.2504,0.563319,0.563319,2.219702,1.0,1.219702
小号铁夹,3,8,1.1819,0.53494,0.53494,2.209407,1.0,1.209407
小号铁夹,3,9,1.1116,0.49754,0.49754,2.234194,1.0,1.234194
小号铁夹,3,10,1.0433,0.455328,0.455328,2.291313,1.0,1.291313
小号铁夹,3,11,0.9777,0.412611,0.412611,2.369546,1.0,1.369546
小号铁夹,3,12,0.918,0.376629,0.376629,2.437414,1.0,1.437414
小号铁夹,3,13,0.8692,0.368662,0.368662,2.357716,1.0,1.357716
小号铁夹,3,14,0.8192,0.347624,0.347624,2.356572,1.0,1.356572
小号铁夹,3,15,0.7701,0.323657,0.323657,2.379372,1.0,1.379372
小号铁夹,3,22,0.4109,0.192999,0.192999,2.12903,1.0,1.12903
小号铁夹,3,30,0.2145,0.097795,0.097795,2.193367,1.0,1.193367
小号铁夹,3,37,0.1329,0.060954,0.060954,2.180333,1.0,1.180333
小号铁夹,3,44,0.0777,0.034542,0.034542,2.249426,1.0,1.249426
小号铁夹,3,51,0.045,0.018229,0.018229,2.468621,1.0,1.468621
小号铁夹,3,58,0.0188,0.008813,0.008813,2.13319,1.0,1.13319
小号铁夹,3,90,0.0009,0.000389,0.000389,2.310871,1.0,1.310871
小号铁夹,4,1,2.1051,0.87411,0.87411,2.408279,1.0,1.408279
小号铁夹,4,2,1.8744,0.803269,0.803269,2.333464,1.0,1.333464
小号铁夹,4,3,1.6689,0.737632,0.737632,2.262512,1.0,1.262512
小号铁夹,4,4,1.5745,0.687933,0.687933,2.288739,1.0,1.288739
小号铁夹,4,5,1.4816,0.638238,0.638238,2.321391,1.0,1.321391
小号铁夹,4,6,1.3969,0.601659,0.601659,2.321747,1.0,1.321747
小号铁夹,4,7,1.3175,0.563319,0.563319,2.338818,1.0,1.338818
小号铁夹,4,8,1.2453,0.53494,0.53494,2.327925,1.0,1.327925
小号铁夹,4,9,1.1712,0.49754,0.49754,2.353983,1.0,1.353983
小号铁夹,4,10,1.0993,0.455328,0.455328,2.414302,1.0,1.414302
小号铁夹,4,11,1.0301,0.412611,0.412611,2.496542,1.0,1.496542
小号铁夹,4,12,0.9672,0.376629,0.376629,2.568047,1.0,1.568047
小号铁夹,4,13,0.9158,0.368662,0.368662,2.484119,1.0,1.484119
小号铁夹,4,14,0.8632,0.347624,0.347624,2.483146,1.0,1.483146
小号铁夹,4,15,0.8114,0.323657,0.323657,2.506977,1.0,1.506977
小号铁夹,4,22,0.4329,0.192999,0.192999,2.24302,1.0,1.24302
小号铁夹,4,30,0.226,0.097795,0.097795,2.310961,1.0,1.310961
小号铁夹,4,37,0.1401,0.060954,0.060954,2.298455,1.0,1.298455
小号铁夹,4,44,0.0819,0.034542,0.034542,2.371017,1.0,1.371017
小号铁夹,4,51,0.0474,0.018229,0.018229,2.600281,1.0,1.600281
小号铁夹,4,58,0.0198,0.008813,0.008813,2.246658,1.0,1.246658
小号铁夹,4,90,0.0009,0.000389,0.000389,2.310871,1.0,1.310871
小号铁夹,5,1,2.2346,0.87411,0.87411,2.55643,1.0,1.55643
小号铁夹,5,2,1.9897,0.803269,0.803269,2.477003,1.0,1.477003
小号铁夹,5,3,1.7715,0.737632,0.737632,2.401606,1.0,1.401606
小号铁夹,5,4,1.6714,0.687933,0.687933,2.429596,1.0,1.429596
小号铁夹,5,5,1.5727,0.638238,0.638238,2.464128,1.0,1.464128
小号铁夹,5,6,1.4828,0.601659,0.601659,2.464519,1.0,1.464519
小号铁夹,5,7,1.3985,0.563319,0.563319,2.482608,1.0,1.482608
小号铁夹,5,8,1.3219,0.53494,0.53494,2.471119,1.0,1.471119
小号铁夹,5,9,1.2432,0.49754,0.49754,2.498695,1.0,1.498695
小号铁夹,5,10,1.1669,0.455328,0.455328,2.562766,1.0,1.562766
小号铁夹,5,11,1.0935,0.412611,0.412611,2.650198,1.0,1.650198
小号铁夹,5,12,1.0267,0.376629,0.376629,2.726027,1.0,1.726027
小号铁夹,5,13,0.9721,0.368662,0.368662,2.636834,1.0,1.636834
小号铁夹,5,14,0.9163,0.347624,0.347624,2.635897,1.0,1.635897
小号铁夹,5,15,0.8613,0.323657,0.323657,2.661152,1.0,1.661152
小号铁夹,5,22,0.4595,0.192999,0.192999,2.380845,1.0,1.380845
小号铁夹,5,30,0.2399,0.097795,0.097795,2.453095,1.0,1.453095
小号铁夹,5,37,0.1487,0.060954,0.060954,2.439545,1.0,1.439545
小号铁夹,5,44,0.0869,0.034542,0.034542,2.515767,1.0,1.515767
小号铁夹,5,51,0.0503,0.018229,0.018229,2.75937,1.0,1.75937
小号铁夹,5,58,0.021,0.008813,0.008813,2.382819,1.0,1.382819
小号铁夹,5,90,0.001,0.000389,0.000389,2.567635,1.0,1.567635
小号铁夹,6,1,2.7097,0.87411,0.87411,3.099954,1.0,2.099954
小号铁夹,6,2,2.4126,0.803269,0.803269,3.003476,1.0,2.003476
小号铁夹,6,3,2.1482,0.737632,0.737632,2.912294,1.0,1.912294
小号铁夹,6,4,2.0267,0.687933,0.687933,2.946071,1.0,1.946071
小号铁夹,6,5,1.907,0.638238,0.638238,2.987913,1.0,1.987913
小号铁夹,6,6,1.798,0.601659,0.601659,2.988404,1.0,1.988404
小号铁夹,6,7,1.6958,0.563319,0.563319,3.010373,1.0,2.010373
小号铁夹,6,8,1.6029,0.53494,0.53494,2.996411,1.0,1.996411
小号铁夹,6,9,1.5075,0.49754,0.49754,3.029909,1.0,2.029909
小号铁夹,6,10,1.4149,0.455328,0.455328,3.107428,1.0,2.107428
小号铁夹,6,11,1.3259,0.412611,0.412611,3.213441,1.0,2.213441
小号铁夹,6,12,1.245,0.376629,0.376629,3.305643,1.0,2.305643
小号铁夹,6,13,1.1788,0.368662,0.368662,3.19751,1.0,2.19751
小号铁夹,6,14,1.111,0.347624,0.347624,3.195986,1.0,2.195986
小号铁夹,6,15,1.0444,0.323657,0.323657,3.226875,1.0,2.226875
小号铁夹,6,22,0.5572,0.192999,0.192999,2.887066,1.0,1.887066
小号铁夹,6,30,0.2909,0.097795,0.097795,2.974595,1.0,1.974595
小号铁夹,6,37,0.1803,0.060954,0.060954,2.957969,1.0,1.957969
小号铁夹,6,44,0.1054,0.034542,0.034542,3.051345,1.0,2.051345
小号铁夹,6,51,0.061,0.018229,0.018229,3.346353,1.0,2.346353
小号铁夹,6,58,0.0254,0.008813,0.008813,2.882076,1.0,1.882076
小号铁夹,6,90,0.0012,0.000389,0.000389,3.081161,1.0,2.081161
小号铁夹,7,1,1.8645,0.87411,0.87411,2.133027,1.0,1.133027
小号铁夹,7,2,1.6601,0.803269,0.803269,2.06668,1.0,1.06668
小号铁夹,7,3,1.4781,0.737632,0.737632,2.003846,1.0,1.003846
小号铁夹,7,4,1.3946,0.687933,0.687933,2.027231,1.0,1.027231
小号铁夹,7,5,1.3122,0.638238,0.638238,2.055973,1.0,1.055973
小号铁夹,7,6,1.2372,0.601659,0.601659,2.056314,1.0,1.056314
小号铁夹,7,7,1.1669,0.563319,0.563319,2.071474,1.0,1.071474
小号铁夹,7,8,1.1029,0.53494,0.53494,2.061727,1.0,1.061727
小号铁夹,7,9,1.0373,0.49754,0.49754,2.084859,1.0,1.084859
小号铁夹,7,10,0.9736,0.455328,0.455328,2.138237,1.0,1.138237
小号铁夹,7,11,0.9124,0.412611,0.412611,2.211286,1.0,1.211286
小号铁夹,7,12,0.8567,0.376629,0.376629,2.274654,1.0,1.274654
小号铁夹,7,13,0.8111,0.368662,0.368662,2.200119,1.0,1.200119
小号铁夹,7,14,0.7645,0.347624,0.347624,2.199218,1.0,1.199218
小号铁夹,7,15,0.7187,0.323657,0.323657,2.220562,1.0,1.220562
小号铁夹,7,22,0.3834,0.192999,0.192999,1.986542,1.0,0.986542
小号铁夹,7,30,0.2002,0.097795,0.097795,2.047143,1.0,1.047143
小号铁夹,7,37,0.1241,0.060954,0.060954,2.035962,1.0,1.035962
小号铁夹,7,44,0.0725,0.034542,0.034542,2.098885,1.0,1.098885
小号铁夹,7,51,0.042,0.018229,0.018229,2.304046,1.0,1.304046
小号铁夹,7,58,0.0175,0.008813,0.008813,1.985682,1.0,0.985682
小号铁夹,7,90,0.0008,0.000389,0.000389,2.054108,1.0,1.054108
小号铁夹,8,1,2.3186,0.87411,0.87411,2.652527,1.0,1.652527
小号铁夹,8,2,2.0644,0.803269,0.803269,2.569998,1.0,1.569998
小号铁夹,8,3,1.8381,0.737632,0.737632,2.491895,1.0,1.491895
小号铁夹,8,4,1.7342,0.687933,0.687933,2.520884,1.0,1.520884
小号铁夹,8,5,1.6318,0.638238,0.638238,2.556726,1.0,1.556726
小号铁夹,8,6,1.5385,0.601659,0.601659,2.557096,1.0,1.557096
小号铁夹,8,7,1.4511,0.563319,0.563319,2.575984,1.0,1.575984
小号铁夹,8,8,1.3715,0.53494,0.53494,2.563839,1.0,1.563839
小号铁夹,8,9,1.2899,0.49754,0.49754,2.592557,1.0,1.592557
小号铁夹,8,10,1.2107,0.455328,0.455328,2.65896,1.0,1.65896
小号铁夹,8,11,1.1346,0.412611,0.412611,2.749808,1.0,1.749808
小号铁夹,8,12,1.0653,0.376629,0.376629,2.828515,1.0,1.828515
小号铁夹,8,13,1.0086,0.368662,0.368662,2.735841,1.0,1.735841
小号铁夹,8,14,0.9507,0.347624,0.347624,2.734855,1.0,1.734855
小号铁夹,8,15,0.8937,0.323657,0.323657,2.761258,1.0,1.761258
小号铁夹,8,22,0.4768,0.192999,0.192999,2.470483,1.0,1.470483
小号铁夹,8,30,0.2489,0.097795,0.097795,2.545124,1.0,1.545124
小号铁夹,8,37,0.1543,0.060954,0.060954,2.531418,1.0,1.531418
小号铁夹,8,44,0.0902,0.034542,0.034542,2.611303,1.0,1.611303
小号铁夹,8,51,0.0522,0.018229,0.018229,2.863601,1.0,1.863601
小号铁夹,8,58,0.0218,0.008813,0.008813,2.473593,1.0,1.473593
小号铁夹,8,90,0.001,0.000389,0.000389,2.567635,1.0,1.567635
小号铁夹,9,1,2.4314,0.87411,0.87411,2.781573,1.0,1.781573
小号铁夹,9,2,2.1649,0.803269,0.803269,2.695112,1.0,1.695112
小号铁夹,9,3,1.9276,0.737632,0.737632,2.613229,1.0,1.613229
小号铁夹,9,4,1.8186,0.687933,0.687933,2.64357,1.0,1.64357
小号铁夹,9,5,1.7112,0.638238,0.638238,2.681131,1.0,1.681131
小号铁夹,9,6,1.6134,0.601659,0.601659,2.681585,1.0,1.681585
小号铁夹,9,7,1.5217,0.563319,0.563319,2.701312,1.0,1.701312
小号铁夹,9,8,1.4383,0.53494,0.53494,2.688713,1.0,1.688713
小号铁夹,9,9,1.3527,0.49754,0.49754,2.718778,1.0,1.718778
小号铁夹,9,10,1.2696,0.455328,0.455328,2.788317,1.0,1.788317
小号铁夹,9,11,1.1898,0.412611,0.412611,2.88359,1.0,1.88359
小号铁夹,9,12,1.1171,0.376629,0.376629,2.966051,1.0,1.966051
小号铁夹,9,13,1.0577,0.368662,0.368662,2.869025,1.0,1.869025
小号铁夹,9,14,0.997,0.347624,0.347624,2.868045,1.0,1.868045
小号铁夹,9,15,0.9372,0.323657,0.323657,2.89566,1.0,1.89566
小号铁夹,9,22,0.5,0.192999,0.192999,2.590691,1.0,1.590691
小号铁夹,9,30,0.261,0.097795,0.097795,2.668853,1.0,1.668853
小号铁夹,9,37,0.1618,0.060954,0.060954,2.654461,1.0,1.654461
小号铁夹,9,44,0.0946,0.034542,0.034542,2.738683,1.0,1.738683
小号铁夹,9,51,0.0548,0.018229,0.018229,3.006232,1.0,2.006232
小号铁夹,9,58,0.0228,0.008813,0.008813,2.58706,1.0,1.58706
小号铁夹,9,90,0.0011,0.000389,0.000389,2.824398,1.0,1.824398
小号铁夹,10,1,1.6433,0.87411,0.87411,1.87997,1.0,0.87997
小号铁夹,10,2,1.4632,0.803269,0.803269,1.821556,1.0,0.821556
小号铁夹,10,3,1.3028,0.737632,0.737632,1.766193,1.0,0.766193
小号铁夹,10,4,1.2291,0.687933,0.687933,1.786656,1.0,0.786656
小号铁夹,10,5,1.1566,0.638238,0.638238,1.812176,1.0,0.812176
小号铁夹,10,6,1.0905,0.601659,0.601659,1.812488,1.0,0.812488
小号铁夹,10,7,1.0285,0.563319,0.563319,1.825787,1.0,0.825787
小号铁夹,10,8,0.9721,0.53494,0.53494,1.817213,1.0,0.817213
小号铁夹,10,9,0.9142,0.49754,0.49754,1.837441,1.0,0.837441
小号铁夹,10,10,0.8581,0.455328,0.455328,1.884574,1.0,0.884574
小号铁夹,10,11,0.8041,0.412611,0.412611,1.948811,1.0,0.948811
小号铁夹,10,12,0.755,0.376629,0.376629,2.004627,1.0,1.004627
小号铁夹,10,13,0.7149,0.368662,0.368662,1.939176,1.0,0.939176
小号铁夹,10,14,0.6738,0.347624,0.347624,1.938304,1.0,0.938304
小号铁夹,10,15,0.6334,0.323657,0.323657,1.957011,1.0,0.957011
小号铁夹,10,22,0.3379,0.192999,0.192999,1.750789,1.0,0.750789
小号铁夹,10,30,0.1764,0.097795,0.097795,1.803776,1.0,0.803776
小号铁夹,10,37,0.1093,0.060954,0.060954,1.793156,1.0,0.793156
小号铁夹,10,44,0.0639,0.034542,0.034542,1.849914,1.0,0.849914
小号铁夹,10,51,0.037,0.018229,0.018229,2.029755,1.0,1.029755
小号铁夹,10,58,0.0154,0.008813,0.008813,1.7474,1.0,0.7474
小号铁夹,10,90,0.0007,0.000389,0.000389,1.797344,1.0,0.797344
小号铁夹,11,1,2.4533,0.87411,0.87411,2.806627,1.0,1.806627
小号铁夹,11,2,2.1843,0.803269,0.803269,2.719263,1.0,1.719263
小号铁夹,11,3,1.9449,0.737632,0.737632,2.636682,1.0,1.636682
小号铁夹,11,4,1.8349,0.687933,0.687933,2.667264,1.0,1.667264
小号铁夹,11,5,1.7266,0.638238,0.638238,2.70526,1.0,1.70526
小号铁夹,11,6,1.6279,0.601659,0.601659,2.705685,1.0,1.705685
小号铁夹,11,7,1.5353,0.563319,0.563319,2.725455,1.0,1.725455
小号铁夹,11,8,1.4512,0.53494,0.53494,2.712828,1.0,1.712828
小号铁夹,11,9,1.3648,0.49754,0.49754,2.743098,1.0,1.743098
小号铁夹,11,10,1.2811,0.455328,0.455328,2.813574,1.0,1.813574
小号铁夹,11,11,1.2005,0.412611,0.412611,2.909523,1.0,1.909523
小号铁夹,11,12,1.1272,0.376629,0.376629,2.992868,1.0,1.992868
小号铁夹,11,13,1.0672,0.368662,0.368662,2.894794,1.0,1.894794
小号铁夹,11,14,1.0059,0.347624,0.347624,2.893648,1.0,1.893648
小号铁夹,11,15,0.9456,0.323657,0.323657,2.921613,1.0,1.921613
小号铁夹,11,22,0.5045,0.192999,0.192999,2.614007,1.0,1.614007
小号铁夹,11,30,0.2634,0.097795,0.097795,2.693394,1.0,1.693394
小号铁夹,11,37,0.1632,0.060954,0.060954,2.677429,1.0,1.677429
小号铁夹,11,44,0.0954,0.034542,0.034542,2.761843,1.0,1.761843
小号铁夹,11,51,0.0553,0.018229,0.018229,3.033661,1.0,2.033661
小号铁夹,11,58,0.023,0.008813,0.008813,2.609754,1.0,1.609754
小号铁夹,11,90,0.0011,0.000389,0.000389,2.824398,1.0,1.824398
小号铁夹,12,1,1.8224,0.87411,0.87411,2.084864,1.0,1.084864
小号铁夹,12,2,1.6227,0.803269,0.803269,2.02012,1.0,1.02012
小号铁夹,12,3,1.4448,0.737632,0.737632,1.958702,1.0,0.958702
小号铁夹,12,4,1.3631,0.687933,0.687933,1.981442,1.0,0.981442
小号铁夹,12,5,1.2826,0.638238,0.638238,2.009595,1.0,1.009595
小号铁夹,12,6,1.2093,0.601659,0.601659,2.009942,1.0,1.009942
小号铁夹,12,7,1.1406,0.563319,0.563319,2.024786,1.0,1.024786
小号铁夹,12,8,1.078,0.53494,0.53494,2.01518,1.0,1.01518
小号铁夹,12,9,1.0139,0.49754,0.49754,2.037827,1.0,1.037827
小号铁夹,12,10,0.9516,0.455328,0.455328,2.08992,1.0,1.08992
小号铁夹,12,11,0.8918,0.412611,0.412611,2.16136,1.0,1.16136
小号铁夹,12,12,0.8373,0.376629,0.376629,2.223144,1.0,1.223144
小号铁夹,12,13,0.7928,0.368662,0.368662,2.15048,1.0,1.15048
小号铁夹,12,14,0.7473,0.347624,0.347624,2.149739,1.0,1.149739
小号铁夹,12,15,0.7024,0.323657,0.323657,2.1702,1.0,1.1702
小号铁夹,12,22,0.3748,0.192999,0.192999,1.941982,1.0,0.941982
小号铁夹,12,30,0.1957,0.097795,0.097795,2.001128,1.0,1.001128
小号铁夹,12,37,0.1213,0.060954,0.060954,1.990026,1.0,0.990026
小号铁夹,12,44,0.0709,0.034542,0.034542,2.052565,1.0,1.052565
小号铁夹,12,51,0.0411,0.018229,0.018229,2.254674,1.0,1.254674
小号铁夹,12,58,0.0171,0.008813,0.008813,1.940295,1.0,0.940295
小号铁夹,12,90,0.0008,0.000389,0.000389,2.054108,1.0,1.054108
小号铁夹,13,1,1.6702,0.87411,0.87411,1.910744,1.0,0.910744
小号铁夹,13,2,1.4871,0.803269,0.803269,1.85131,1.0,0.85131
小号铁夹,13,3,1.3241,0.737632,0.737632,1.79507,1.0,0.79507
小号铁夹,13,4,1.2492,0.687933,0.687933,1.815874,1.0,0.815874
小号铁夹,13,5,1.1755,0.638238,0.638238,1.841789,1.0,0.841789
小号铁夹,13,6,1.1083,0.601659,0.601659,1.842073,1.0,0.842073
小号铁夹,13,7,1.0453,0.563319,0.563319,1.85561,1.0,0.85561
小号铁夹,13,8,0.988,0.53494,0.53494,1.846936,1.0,0.846936
小号铁夹,13,9,0.9292,0.49754,0.49754,1.86759,1.0,0.86759
小号铁夹,13,10,0.8721,0.455328,0.455328,1.915321,1.0,0.915321
小号铁夹,13,11,0.8173,0.412611,0.412611,1.980802,1.0,0.980802
小号铁夹,13,12,0.7674,0.376629,0.376629,2.037551,1.0,1.037551
小号铁夹,13,13,0.7266,0.368662,0.368662,1.970912,1.0,0.970912
小号铁夹,13,14,0.6848,0.347624,0.347624,1.969947,1.0,0.969947
小号铁夹,13,15,0.6438,0.323657,0.323657,1.989144,1.0,0.989144
小号铁夹,13,22,0.3435,0.192999,0.192999,1.779805,1.0,0.779805
小号铁夹,13,30,0.1793,0.097795,0.097795,1.83343,1.0,0.83343
小号铁夹,13,37,0.1111,0.060954,0.060954,1.822686,1.0,0.822686
小号铁夹,13,44,0.065,0.034542,0.034542,1.881759,1.0,0.881759
小号铁夹,13,51,0.0376,0.018229,0.018229,2.06267,1.0,1.06267
小号铁夹,13,58,0.0157,0.008813,0.008813,1.781441,1.0,0.781441
小号铁夹,13,90,0.0007,0.000389,0.000389,1.797344,1.0,0.797344
小号铁夹,14,1,2.946,0.87411,0.87411,3.370286,1.0,2.370286
小号铁夹,14,2,2.623,0.803269,0.803269,3.265406,1.0,2.265406
小号铁夹,14,3,2.3355,0.737632,0.737632,3.166215,1.0,2.166215
小号铁夹,14,4,2.2034,0.687933,0.687933,3.202927,1.0,2.202927
小号铁夹,14,5,2.0733,0.638238,0.638238,3.248474,1.0,2.248474
小号铁夹,14,6,1.9548,0.601659,0.601659,3.249016,1.0,2.249016
小号铁夹,14,7,1.8437,0.563319,0.563319,3.272925,1.0,2.272925
小号铁夹,14,8,1.7426,0.53494,0.53494,3.257562,1.0,2.257562
小号铁夹,14,9,1.6389,0.49754,0.49754,3.294009,1.0,2.294009
小号铁夹,14,10,1.5383,0.455328,0.455328,3.378441,1.0,2.378441
小号铁夹,14,11,1.4416,0.412611,0.412611,3.493851,1.0,2.493851
小号铁夹,14,12,1.3535,0.376629,0.376629,3.593725,1.0,2.593725
小号铁夹,14,13,1.2816,0.368662,0.368662,3.476357,1.0,2.476357
小号铁夹,14,14,1.2079,0.347624,0.347624,3.474736,1.0,2.474736
小号铁夹,14,15,1.1355,0.323657,0.323657,3.508346,1.0,2.508346
小号铁夹,14,22,0.6058,0.192999,0.192999,3.138881,1.0,2.138881
小号铁夹,14,30,0.3163,0.097795,0.097795,3.234322,1.0,2.234322
小号铁夹,14,37,0.196,0.060954,0.060954,3.21554,1.0,2.21554
小号铁夹,14,44,0.1146,0.034542,0.034542,3.317686,1.0,2.317686
小号铁夹,14,51,0.0664,0.018229,0.018229,3.642588,1.0,2.642588
小号铁夹,14,58,0.0277,0.008813,0.008813,3.143051,1.0,2.143051
小号铁夹,14,90,0.0013,0.000389,0.000389,3.337925,1.0,2.337925
小号铁夹,15,1,2.9701,0.87411,0.87411,3.397857,1.0,2.397857
小号铁夹,15,2,2.6446,0.803269,0.803269,3.292296,1.0,2.292296
小号铁夹,15,3,2.3547,0.737632,0.737632,3.192244,1.0,2.192244
小号铁夹,15,4,2.2215,0.687933,0.687933,3.229238,1.0,2.229238
小号铁夹,15,5,2.0903,0.638238,0.638238,3.27511,1.0,2.27511
小号铁夹,15,6,1.9709,0.601659,0.601659,3.275776,1.0,2.275776
小号铁夹,15,7,1.8588,0.563319,0.563319,3.29973,1.0,2.29973
小号铁夹,15,8,1.7569,0.53494,0.53494,3.284294,1.0,2.284294
小号铁夹,15,9,1.6524,0.49754,0.49754,3.321142,1.0,2.321142
小号铁夹,15,10,1.551,0.455328,0.455328,3.406333,1.0,2.406333
小号铁夹,15,11,1.4534,0.412611,0.412611,3.522449,1.0,2.522449
小号铁夹,15,12,1.3646,0.376629,0.376629,3.623197,1.0,2.623197
小号铁夹,15,13,1.2921,0.368662,0.368662,3.504838,1.0,2.504838
小号铁夹,15,14,1.2178,0.347624,0.347624,3.503215,1.0,2.503215
小号铁夹,15,15,1.1448,0.323657,0.323657,3.53708,1.0,2.53708
小号铁夹,15,22,0.6108,0.192999,0.192999,3.164788,1.0,2.164788
小号铁夹,15,30,0.3189,0.097795,0.097795,3.260909,1.0,2.260909
小号铁夹,15,37,0.1976,0.060954,0.060954,3.241789,1.0,2.241789
小号铁夹,15,44,0.1155,0.034542,0.034542,3.343741,1.0,2.343741
小号铁夹,15,51,0.0669,0.018229,0.018229,3.670017,1.0,2.670017
小号铁夹,15,58,0.0279,0.008813,0.008813,3.165745,1.0,2.165745
小号铁夹,15,90,0.0013,0.000389,0.000389,3.337925,1.0,2.337925
小号铁夹,16,1,2.7432,0.87411,0.87411,3.138279,1.0,2.138279
小号铁夹,16,2,2.4425,0.803269,0.803269,3.040699,1.0,2.040699
小号铁夹,16,3,2.1747,0.737632,0.737632,2.94822,1.0,1.94822
小号铁夹,16,4,2.0517,0.687933,0.687933,2.982411,1.0,1.982411
小号铁夹,16,5,1.9306,0.638238,0.638238,3.02489,1.0,2.02489
小号铁夹,16,6,1.8203,0.601659,0.601659,3.025468,1.0,2.025468
小号铁夹,16,7,1.7168,0.563319,0.563319,3.047653,1.0,2.047653
小号铁夹,16,8,1.6227,0.53494,0.53494,3.033425,1.0,2.033425
小号铁夹,16,9,1.5261,0.49754,0.49754,3.067293,1.0,2.067293
小号铁夹,16,10,1.4324,0.455328,0.455328,3.145861,1.0,2.145861
小号铁夹,16,11,1.3423,0.412611,0.412611,3.253188,1.0,2.253188
小号铁夹,16,12,1.2604,0.376629,0.376629,3.346532,1.0,2.346532
小号铁夹,16,13,1.1933,0.368662,0.368662,3.236842,1.0,2.236842
小号铁夹,16,14,1.1248,0.347624,0.347624,3.235684,1.0,2.235684
小号铁夹,16,15,1.0573,0.323657,0.323657,3.266732,1.0,2.266732
小号铁夹,16,22,0.5641,0.192999,0.192999,2.922818,1.0,1.922818
小号铁夹,16,30,0.2945,0.097795,0.097795,3.011407,1.0,2.011407
小号铁夹,16,37,0.1825,0.060954,0.060954,2.994062,1.0,1.994062
小号铁夹,16,44,0.1067,0.034542,0.034542,3.08898,1.0,2.08898
小号铁夹,16,51,0.0618,0.018229,0.018229,3.39024,1.0,2.39024
小号铁夹,16,58,0.0258,0.008813,0.008813,2.927463,1.0,1.927463
小号铁夹,16,90,0.0012,0.000389,0.000389,3.081161,1.0,2.081161
小号铁夹,17,1,2.016,0.87411,0.87411,2.306347,1.0,1.306347
小号铁夹,17,2,1.795,0.803269,0.803269,2.234618,1.0,1.234618
小号铁夹,17,3,1.5982,0.737632,0.737632,2.166664,1.0,1.166664
小号铁夹,17,4,1.5078,0.687933,0.687933,2.191782,1.0,1.191782
小号铁夹,17,5,1.4188,0.638238,0.638238,2.222995,1.0,1.222995
小号铁夹,17,6,1.3377,0.601659,0.601659,2.223352,1.0,1.223352
小号铁夹,17,7,1.2617,0.563319,0.563319,2.239762,1.0,1.239762
小号铁夹,17,8,1.1925,0.53494,0.53494,2.229222,1.0,1.229222
小号铁夹,17,9,1.1216,0.49754,0.49754,2.254293,1.0,1.254293
小号铁夹,17,10,1.0527,0.455328,0.455328,2.311958,1.0,1.311958
小号铁夹,17,11,0.9865,0.412611,0.412611,2.390874,1.0,1.390874
小号铁夹,17,12,0.9263,0.376629,0.376629,2.459452,1.0,1.459452
小号铁夹,17,13,0.877,0.368662,0.368662,2.378874,1.0,1.378874
小号铁夹,17,14,0.8266,0.347624,0.347624,2.37786,1.0,1.37786
小号铁夹,17,15,0.777,0.323657,0.323657,2.400691,1.0,1.400691
小号铁夹,17,22,0.4146,0.192999,0.192999,2.148201,1.0,1.148201
小号铁夹,17,30,0.2164,0.097795,0.097795,2.212796,1.0,1.212796
小号铁夹,17,37,0.1341,0.060954,0.060954,2.20002,1.0,1.20002
小号铁夹,17,44,0.0784,0.034542,0.034542,2.269691,1.0,1.269691
小号铁夹,17,51,0.0454,0.018229,0.018229,2.490565,1.0,1.490565
小号铁夹,17,58,0.0189,0.008813,0.008813,2.144537,1.0,1.144537
小号铁夹,17,90,0.0009,0.000389,0.000389,2.310871,1.0,1.310871
小号铁夹,18,1,1.7173,0.87411,0.87411,1.964627,1.0,0.964627
小号铁夹,18,2,1.529,0.803269,0.803269,1.903472,1.0,0.903472
小号铁夹,18,3,1.3614,0.737632,0.737632,1.845637,1.0,0.845637
小号铁夹,18,4,1.2844,0.687933,0.687933,1.867042,1.0,0.867042
小号铁夹,18,5,1.2086,0.638238,0.638238,1.893651,1.0,0.893651
小号铁夹,18,6,1.1395,0.601659,0.601659,1.89393,1.0,0.89393
小号铁夹,18,7,1.0747,0.563319,0.563319,1.907801,1.0,0.907801
小号铁夹,18,8,1.0158,0.53494,0.53494,1.898905,1.0,0.898905
小号铁夹,18,9,0.9554,0.49754,0.49754,1.920249,1.0,0.920249
小号铁夹,18,10,0.8967,0.455328,0.455328,1.969348,1.0,0.969348
小号铁夹,18,11,0.8403,0.412611,0.412611,2.036545,1.0,1.036545
小号铁夹,18,12,0.789,0.376629,0.376629,2.094901,1.0,1.094901
小号铁夹,18,13,0.7471,0.368662,0.368662,2.026518,1.0,1.026518
小号铁夹,18,14,0.7041,0.347624,0.347624,2.025467,1.0,1.025467
小号铁夹,18,15,0.6619,0.323657,0.323657,2.045067,1.0,1.045067
小号铁夹,18,22,0.3532,0.192999,0.192999,1.830064,1.0,0.830064
小号铁夹,18,30,0.1844,0.097795,0.097795,1.88558,1.0,0.88558
小号铁夹,18,37,0.1143,0.060954,0.060954,1.875185,1.0,0.875185
小号铁夹,18,44,0.0668,0.034542,0.034542,1.933869,1.0,0.933869
小号铁夹,18,51,0.0387,0.018229,0.018229,2.123014,1.0,1.123014
小号铁夹,18,58,0.0161,0.008813,0.008813,1.826828,1.0,0.826828
小号铁夹,18,90,0.0007,0.000389,0.000389,1.797344,1.0,0.797344
小号铁夹,19,1,2.564,0.87411,0.87411,2.93327,1.0,1.93327
小号铁夹,19,2,2.2829,0.803269,0.803269,2.842011,1.0,1.842011
小号铁夹,19,3,2.0326,0.737632,0.737632,2.755576,1.0,1.755576
小号铁夹,19,4,1.9177,0.687933,0.687933,2.787625,1.0,1.787625
小号铁夹,19,5,1.8045,0.638238,0.638238,2.827315,1.0,1.827315
小号铁夹,19,6,1.7013,0.601659,0.601659,2.827681,1.0,1.827681
小号铁夹,19,7,1.6046,0.563319,0.563319,2.848476,1.0,1.848476
小号铁夹,19,8,1.5167,0.53494,0.53494,2.835272,1.0,1.835272
小号铁夹,19,9,1.4264,0.49754,0.49754,2.866907,1.0,1.866907
小号铁夹,19,10,1.3389,0.455328,0.455328,2.940515,1.0,1.940515
小号铁夹,19,11,1.2546,0.412611,0.412611,3.040639,1.0,2.040639
小号铁夹,19,12,1.178,0.376629,0.376629,3.127749,1.0,2.127749
小号铁夹,19,13,1.1154,0.368662,0.368662,3.025537,1.0,2.025537
小号铁夹,19,14,1.0513,0.347624,0.347624,3.024249,1.0,2.024249
小号铁夹,19,15,0.9882,0.323657,0.323657,3.053234,1.0,2.053234
小号铁夹,19,22,0.5273,0.192999,0.192999,2.732143,1.0,1.732143
小号铁夹,19,30,0.2753,0.097795,0.097795,2.815077,1.0,1.815077
小号铁夹,19,37,0.1706,0.060954,0.060954,2.798832,1.0,1.798832
小号铁夹,19,44,0.0997,0.034542,0.034542,2.886329,1.0,1.886329
小号铁夹,19,51,0.0578,0.018229,0.018229,3.170807,1.0,2.170807
小号铁夹,19,58,0.0241,0.008813,0.008813,2.734568,1.0,1.734568
小号铁夹,19,90,0.0011,0.000389,0.000389,2.824398,1.0,1.824398
小号铁夹,20,1,2.2116,0.87411,0.87411,2.530117,1.0,1.530117
小号铁夹,20,2,1.9692,0.803269,0.803269,2.451482,1.0,1.451482
小号铁夹,20,3,1.7533,0.737632,0.737632,2.376932,1.0,1.376932
小号铁夹,20,4,1.6542,0.687933,0.687933,2.404594,1.0,1.404594
小号铁夹,20,5,1.5565,0.638238,0.638238,2.438745,1.0,1.438745
小号铁夹,20,6,1.4676,0.601659,0.601659,2.439255,1.0,1.439255
小号铁夹,20,7,1.3841,0.563319,0.563319,2.457046,1.0,1.457046
小号铁夹,20,8,1.3083,0.53494,0.53494,2.445695,1.0,1.445695
小号铁夹,20,9,1.2304,0.49754,0.49754,2.472969,1.0,1.472969
小号铁夹,20,10,1.1549,0.455328,0.455328,2.536411,1.0,1.536411
小号铁夹,20,11,1.0822,0.412611,0.412611,2.622812,1.0,1.622812
小号铁夹,20,12,1.0161,0.376629,0.376629,2.697883,1.0,1.697883
小号铁夹,20,13,0.9621,0.368662,0.368662,2.609709,1.0,1.609709
小号铁夹,20,14,0.9068,0.347624,0.347624,2.608569,1.0,1.608569
小号铁夹,20,15,0.8524,0.323657,0.323657,2.633654,1.0,1.633654
小号铁夹,20,22,0.4548,0.192999,0.192999,2.356493,1.0,1.356493
小号铁夹,20,30,0.2374,0.097795,0.097795,2.427531,1.0,1.427531
小号铁夹,20,37,0.1472,0.060954,0.060954,2.414936,1.0,1.414936
小号铁夹,20,44,0.086,0.034542,0.034542,2.489712,1.0,1.489712
小号铁夹,20,51,0.0498,0.018229,0.018229,2.731941,1.0,1.731941
小号铁夹,20,58,0.0208,0.008813,0.008813,2.360125,1.0,1.360125
小号铁夹,20,90,0.001,0.000389,0.000389,2.567635,1.0,1.567635
普通钢筋,1,1,2.1603,0.879701,1.319551,2.455721,1.5,0.955721
普通钢筋,1,2,1.9766,0.8242,1.236301,2.398203,1.5,0.898203
普通钢筋,1,3,1.8085,0.771639,1.157458,2.343714,1.5,0.843714
普通钢筋,1,4,1.7291,0.733709,1.100563,2.356658,1.5,0.856658
普通钢筋,1,5,1.6499,0.694005,1.041008,2.37736,1.5,0.87736
普通钢筋,1,6,1.5768,0.667011,1.000517,2.363978,1.5,0.863978
普通钢筋,1,7,1.5072,0.636707,0.955061,2.367179,1.5,0.867179
普通钢筋,1,8,1.4431,0.616443,0.924665,2.34101,1.5,0.84101
普通钢筋,1,9,1.3765,0.584546,0.876819,2.354819,1.5,0.854819
普通钢筋,1,10,1.3109,0.545404,0.818106,2.403539,1.5,0.903539
普通钢筋,1,11,1.2469,0.503891,0.755837,2.474541,1.5,0.974541
普通钢筋,1,12,1.1879,0.468935,0.703402,2.533187,1.5,1.033187
普通钢筋,1,13,1.1389,0.467983,0.701975,2.433635,1.5,0.933635
普通钢筋,1,14,1.0881,0.449898,0.674847,2.418549,1.5,0.918549
普通钢筋,1,15,1.0375,0.427063,0.640595,2.429382,1.5,0.929382
普通钢筋,1,22,0.641,0.291596,0.437394,2.198249,1.5,0.698249
普通钢筋,1,30,0.3892,0.17249,0.258735,2.256359,1.5,0.756359
普通钢筋,1,37,0.2693,0.123103,0.184655,2.187592,1.5,0.687592
普通钢筋,1,44,0.1783,0.07988,0.11982,2.232106,1.5,0.732106
普通钢筋,1,51,0.1172,0.048269,0.072403,2.428081,1.5,0.928081
普通钢筋,1,58,0.0601,0.026721,0.040082,2.249161,1.5,0.749161
普通钢筋,1,90,0.0057,0.002193,0.00329,2.598929,1.5,1.098929
普通钢筋,2,1,3.4999,0.879701,1.319551,3.978512,1.5,2.478512
普通钢筋,2,2,3.2023,0.8242,1.236301,3.885341,1.5,2.385341
普通钢筋,2,3,2.9299,0.771639,1.157458,3.796984,1.5,2.296984
普通钢筋,2,4,2.8014,0.733709,1.100563,3.818137,1.5,2.318137
普通钢筋,2,5,2.6731,0.694005,1.041008,3.851701,1.5,2.351701
普通钢筋,2,6,2.5545,0.667011,1.000517,3.82977,1.5,2.32977
普通钢筋,2,7,2.4418,0.636707,0.955061,3.835044,1.5,2.335044
普通钢筋,2,8,2.338,0.616443,0.924665,3.792724,1.5,2.292724
普通钢筋,2,9,2.2301,0.584546,0.876819,3.815097,1.5,2.315097
普通钢筋,2,10,2.1238,0.545404,0.818106,3.893993,1.5,2.393993
普通钢筋,2,11,2.0202,0.503891,0.755837,4.009197,1.5,2.509197
普通钢筋,2,12,1.9245,0.468935,0.703402,4.10398,1.5,2.60398
普通钢筋,2,13,1.8451,0.467983,0.701975,3.942664,1.5,2.442664
普通钢筋,2,14,1.7628,0.449898,0.674847,3.918223,1.5,2.418223
普通钢筋,2,15,1.6808,0.427063,0.640595,3.935717,1.5,2.435717
普通钢筋,2,22,1.0385,0.291596,0.437394,3.561438,1.5,2.061438
普通钢筋,2,30,0.6305,0.17249,0.258735,3.655279,1.5,2.155279
普通钢筋,2,37,0.4364,0.123103,0.184655,3.544987,1.5,2.044987
普通钢筋,2,44,0.2889,0.07988,0.11982,3.616688,1.5,2.116688
普通钢筋,2,51,0.1899,0.048269,0.072403,3.934237,1.5,2.434237
普通钢筋,2,58,0.0973,0.026721,0.040082,3.64132,1.5,2.14132
普通钢筋,2,90,0.0093,0.002193,0.00329,4.240358,1.5,2.740358
普通钢筋,3,1,1.8456,0.879701,1.319551,2.097986,1.5,0.597986
普通钢筋,3,2,1.6887,0.8242,1.236301,2.048895,1.5,0.548895
普通钢筋,3,3,1.545,0.771639,1.157458,2.002232,1.5,0.502232
普通钢筋,3,4,1.4773,0.733709,1.100563,2.01347,1.5,0.51347
普通钢筋,3,5,1.4096,0.694005,1.041008,2.031109,1.5,0.531109
普通钢筋,3,6,1.3471,0.667011,1.000517,2.019606,1.5,0.519606
普通钢筋,3,7,1.2877,0.636707,0.955061,2.022437,1.5,0.522437
普通钢筋,3,8,1.2329,0.616443,0.924665,2.000021,1.5,0.500021
普通钢筋,3,9,1.176,0.584546,0.876819,2.011818,1.5,0.511818
普通钢筋,3,10,1.12,0.545404,0.818106,2.053523,1.5,0.553523
普通钢筋,3,11,1.0653,0.503891,0.755837,2.114146,1.5,0.614146
普通钢筋,3,12,1.0148,0.468935,0.703402,2.164053,1.5,0.664053
普通钢筋,3,13,0.973,0.467983,0.701975,2.079135,1.5,0.579135
普通钢筋,3,14,0.9296,0.449898,0.674847,2.066247,1.5,0.566247
普通钢筋,3,15,0.8863,0.427063,0.640595,2.075337,1.5,0.575337
普通钢筋,3,22,0.5476,0.291596,0.437394,1.877943,1.5,0.377943
普通钢筋,3,30,0.3325,0.17249,0.258735,1.927645,1.5,0.427645
普通钢筋,3,37,0.2301,0.123103,0.184655,1.86916,1.5,0.36916
普通钢筋,3,44,0.1523,0.07988,0.11982,1.906617,1.5,0.406617
普通钢筋,3,51,0.1001,0.048269,0.072403,2.073813,1.5,0.573813
普通钢筋,3,58,0.0513,0.026721,0.040082,1.919833,1.5,0.419833
普通钢筋,3,90,0.0049,0.002193,0.00329,2.234167,1.5,0.734167
普通钢筋,4,1,4.9868,0.879701,1.319551,5.668746,1.5,4.168746
普通钢筋,4,2,4.5627,0.8242,1.236301,5.535911,1.5,4.035911
普通钢筋,4,3,4.1746,0.771639,1.157458,5.410045,1.5,3.910045
普通钢筋,4,4,3.9914,0.733709,1.100563,5.440035,1.5,3.940035
普通钢筋,4,5,3.8086,0.694005,1.041008,5.487856,1.5,3.987856
普通钢筋,4,6,3.6397,0.667011,1.000517,5.456729,1.5,3.956729
普通钢筋,4,7,3.4792,0.636707,0.955061,5.464364,1.5,3.964364
普通钢筋,4,8,3.3312,0.616443,0.924665,5.403902,1.5,3.903902
普通钢筋,4,9,3.1774,0.584546,0.876819,5.435671,1.5,3.935671
普通钢筋,4,10,3.0261,0.545404,0.818106,5.548362,1.5,4.048362
普通钢筋,4,11,2.8784,0.503891,0.755837,5.712342,1.5,4.212342
普通钢筋,4,12,2.742,0.468935,0.703402,5.847292,1.5,4.347292
普通钢筋,4,13,2.6289,0.467983,0.701975,5.617511,1.5,4.117511
普通钢筋,4,14,2.5117,0.449898,0.674847,5.582823,1.5,4.082823
普通钢筋,4,15,2.3948,0.427063,0.640595,5.6076,1.5,4.1076
普通钢筋,4,22,1.4797,0.291596,0.437394,5.074492,1.5,3.574492
普通钢筋,4,30,0.8983,0.17249,0.258735,5.20783,1.5,3.70783
普通钢筋,4,37,0.6217,0.123103,0.184655,5.050226,1.5,3.550226
普通钢筋,4,44,0.4116,0.07988,0.11982,5.152747,1.5,3.652747
普通钢筋,4,51,0.2706,0.048269,0.072403,5.606132,1.5,4.106132
普通钢筋,4,58,0.1387,0.026721,0.040082,5.190659,1.5,3.690659
普通钢筋,4,90,0.0132,0.002193,0.00329,6.018573,1.5,4.518573
普通钢筋,5,1,2.6512,0.879701,1.319551,3.013752,1.5,1.513752
普通钢筋,5,2,2.4258,0.8242,1.236301,2.943216,1.5,1.443216
普通钢筋,5,3,2.2194,0.771639,1.157458,2.876217,1.5,1.376217
普通钢筋,5,4,2.1221,0.733709,1.100563,2.892293,1.5,1.392293
普通钢筋,5,5,2.0249,0.694005,1.041008,2.917702,1.5,1.417702
普通钢筋,5,6,1.9351,0.667011,1.000517,2.90115,1.5,1.40115
普通钢筋,5,7,1.8497,0.636707,0.955061,2.905103,1.5,1.405103
普通钢筋,5,8,1.7711,0.616443,0.924665,2.873094,1.5,1.373094
普通钢筋,5,9,1.6893,0.584546,0.876819,2.889935,1.5,1.389935
普通钢筋,5,10,1.6088,0.545404,0.818106,2.949739,1.5,1.449739
普通钢筋,5,11,1.5303,0.503891,0.755837,3.036964,1.5,1.536964
普通钢筋,5,12,1.4578,0.468935,0.703402,3.108746,1.5,1.608746
普通钢筋,5,13,1.3977,0.467983,0.701975,2.986646,1.5,1.486646
普通钢筋,5,14,1.3354,0.449898,0.674847,2.968229,1.5,1.468229
普通钢筋,5,15,1.2732,0.427063,0.640595,2.981291,1.5,1.481291
普通钢筋,5,22,0.7867,0.291596,0.437394,2.697914,1.5,1.197914
普通钢筋,5,30,0.4776,0.17249,0.258735,2.768852,1.5,1.268852
普通钢筋,5,37,0.3305,0.123103,0.184655,2.684735,1.5,1.184735
普通钢筋,5,44,0.2188,0.07988,0.11982,2.739118,1.5,1.239118
普通钢筋,5,51,0.1439,0.048269,0.072403,2.981236,1.5,1.481236
普通钢筋,5,58,0.0737,0.026721,0.040082,2.758122,1.5,1.258122
普通钢筋,5,90,0.007,0.002193,0.00329,3.191667,1.5,1.691667
普通钢筋,6,1,4.1007,0.879701,1.319551,4.661471,1.5,3.161471
普通钢筋,6,2,3.752,0.8242,1.236301,4.552291,1.5,3.052291
普通钢筋,6,3,3.4329,0.771639,1.157458,4.448844,1.5,2.948844
普通钢筋,6,4,3.2823,0.733709,1.100563,4.473575,1.5,2.973575
普通钢筋,6,5,3.1319,0.694005,1.041008,4.512791,1.5,3.012791
普通钢筋,6,6,2.993,0.667011,1.000517,4.48718,1.5,2.98718
普通钢筋,6,7,2.861,0.636707,0.955061,4.493431,1.5,2.993431
普通钢筋,6,8,2.7393,0.616443,0.924665,4.443717,1.5,2.943717
普通钢筋,6,9,2.6129,0.584546,0.876819,4.469965,1.5,2.969965
普通钢筋,6,10,2.4884,0.545404,0.818106,4.562488,1.5,3.062488
普通钢筋,6,11,2.367,0.503891,0.755837,4.697441,1.5,3.197441
普通钢筋,6,12,2.2548,0.468935,0.703402,4.808342,1.5,3.308342
普通钢筋,6,13,2.1618,0.467983,0.701975,4.619398,1.5,3.119398
普通钢筋,6,14,2.0654,0.449898,0.674847,4.59082,1.5,3.09082
普通钢筋,6,15,1.9693,0.427063,0.640595,4.611261,1.5,3.111261
普通钢筋,6,22,1.2168,0.291596,0.437394,4.172901,1.5,2.672901
普通钢筋,6,30,0.7387,0.17249,0.258735,4.28256,1.5,2.78256
普通钢筋,6,37,0.5113,0.123103,0.184655,4.153419,1.5,2.653419
普通钢筋,6,44,0.3385,0.07988,0.11982,4.237622,1.5,2.737622
普通钢筋,6,51,0.2225,0.048269,0.072403,4.609624,1.5,3.109624
普通钢筋,6,58,0.114,0.026721,0.040082,4.266295,1.5,2.766295
普通钢筋,6,90,0.0108,0.002193,0.00329,4.924287,1.5,3.424287
普通钢筋,7,1,2.8413,0.879701,1.319551,3.229848,1.5,1.729848
普通钢筋,7,2,2.5996,0.8242,1.236301,3.154087,1.5,1.654087
普通钢筋,7,3,2.3785,0.771639,1.157458,3.082401,1.5,1.582401
普通钢筋,7,4,2.2742,0.733709,1.100563,3.099596,1.5,1.599596
普通钢筋,7,5,2.17,0.694005,1.041008,3.126778,1.5,1.626778
普通钢筋,7,6,2.0738,0.667011,1.000517,3.109093,1.5,1.609093
普通钢筋,7,7,1.9823,0.636707,0.955061,3.113362,1.5,1.613362
普通钢筋,7,8,1.898,0.616443,0.924665,3.078952,1.5,1.578952
普通钢筋,7,9,1.8104,0.584546,0.876819,3.097104,1.5,1.597104
普通钢筋,7,10,1.7241,0.545404,0.818106,3.161142,1.5,1.661142
普通钢筋,7,11,1.64,0.503891,0.755837,3.25467,1.5,1.75467
普通钢筋,7,12,1.5623,0.468935,0.703402,3.331592,1.5,1.831592
普通钢筋,7,13,1.4978,0.467983,0.701975,3.200543,1.5,1.700543
普通钢筋,7,14,1.4311,0.449898,0.674847,3.180944,1.5,1.680944
普通钢筋,7,15,1.3645,0.427063,0.640595,3.195077,1.5,1.695077
普通钢筋,7,22,0.8431,0.291596,0.437394,2.891332,1.5,1.391332
普通钢筋,7,30,0.5118,0.17249,0.258735,2.967124,1.5,1.467124
普通钢筋,7,37,0.3542,0.123103,0.184655,2.877256,1.5,1.377256
普通钢筋,7,44,0.2345,0.07988,0.11982,2.935664,1.5,1.435664
普通钢筋,7,51,0.1542,0.048269,0.072403,3.194625,1.5,1.694625
普通钢筋,7,58,0.079,0.026721,0.040082,2.956468,1.5,1.456468
普通钢筋,7,90,0.0075,0.002193,0.00329,3.419644,1.5,1.919644
普通钢筋,8,1,3.5893,0.879701,1.319551,4.080137,1.5,2.580137
普通钢筋,8,2,3.284,0.8242,1.236301,3.984468,1.5,2.484468
普通钢筋,8,3,3.0047,0.771639,1.157458,3.893921,1.5,2.393921
普通钢筋,8,4,2.8729,0.733709,1.100563,3.915588,1.5,2.415588
普通钢筋,8,5,2.7413,0.694005,1.041008,3.949971,1.5,2.449971
普通钢筋,8,6,2.6197,0.667011,1.000517,3.92752,1.5,2.42752
普通钢筋,8,7,2.5042,0.636707,0.955061,3.933048,1.5,2.433048
普通钢筋,8,8,2.3977,0.616443,0.924665,3.88957,1.5,2.38957
普通钢筋,8,9,2.287,0.584546,0.876819,3.912438,1.5,2.412438
普通钢筋,8,10,2.1781,0.545404,0.818106,3.993552,1.5,2.493552
普通钢筋,8,11,2.0718,0.503891,0.755837,4.1116,1.5,2.6116
普通钢筋,8,12,1.9736,0.468935,0.703402,4.208686,1.5,2.708686
普通钢筋,8,13,1.8922,0.467983,0.701975,4.043308,1.5,2.543308
普通钢筋,8,14,1.8078,0.449898,0.674847,4.018246,1.5,2.518246
普通钢筋,8,15,1.7237,0.427063,0.640595,4.03617,1.5,2.53617
普通钢筋,8,22,1.065,0.291596,0.437394,3.652318,1.5,2.152318
普通钢筋,8,30,0.6466,0.17249,0.258735,3.748617,1.5,2.248617
普通钢筋,8,37,0.4475,0.123103,0.184655,3.635155,1.5,2.135155
普通钢筋,8,44,0.2962,0.07988,0.11982,3.708075,1.5,2.208075
普通钢筋,8,51,0.1948,0.048269,0.072403,4.035752,1.5,2.535752
普通钢筋,8,58,0.0998,0.026721,0.040082,3.734879,1.5,2.234879
普通钢筋,8,90,0.0095,0.002193,0.00329,4.331549,1.5,2.831549
普通钢筋,9,1,3.685,0.879701,1.319551,4.188924,1.5,2.688924
普通钢筋,9,2,3.3716,0.8242,1.236301,4.090752,1.5,2.590752
普通钢筋,9,3,3.0848,0.771639,1.157458,3.997726,1.5,2.497726
普通钢筋,9,4,2.9495,0.733709,1.100563,4.019989,1.5,2.519989
普通钢筋,9,5,2.8144,0.694005,1.041008,4.055301,1.5,2.555301
普通钢筋,9,6,2.6896,0.667011,1.000517,4.032315,1.5,2.532315
普通钢筋,9,7,2.5709,0.636707,0.955061,4.037806,1.5,2.537806
普通钢筋,9,8,2.4616,0.616443,0.924665,3.993229,1.5,2.493229
普通钢筋,9,9,2.3479,0.584546,0.876819,4.016621,1.5,2.516621
普通钢筋,9,10,2.2361,0.545404,0.818106,4.099895,1.5,2.599895
普通钢筋,9,11,2.127,0.503891,0.755837,4.221148,1.5,2.721148
普通钢筋,9,12,2.0262,0.468935,0.703402,4.320855,1.5,2.820855
普通钢筋,9,13,1.9426,0.467983,0.701975,4.151005,1.5,2.651005
普通钢筋,9,14,1.856,0.449898,0.674847,4.125381,1.5,2.625381
普通钢筋,9,15,1.7697,0.427063,0.640595,4.143882,1.5,2.643882
普通钢筋,9,22,1.0934,0.291596,0.437394,3.749713,1.5,2.249713
普通钢筋,9,30,0.6638,0.17249,0.258735,3.848333,1.5,2.348333
普通钢筋,9,37,0.4594,0.123103,0.184655,3.731822,1.5,2.231822
普通钢筋,9,44,0.3041,0.07988,0.11982,3.806974,1.5,2.306974
普通钢筋,9,51,0.2,0.048269,0.072403,4.143483,1.5,2.643483
普通钢筋,9,58,0.1025,0.026721,0.040082,3.835923,1.5,2.335923
普通钢筋,9,90,0.0097,0.002193,0.00329,4.422739,1.5,2.922739
普通钢筋,10,1,2.3858,0.879701,1.319551,2.712059,1.5,1.212059
普通钢筋,10,2,2.1829,0.8242,1.236301,2.648506,1.5,1.148506
普通钢筋,10,3,1.9973,0.771639,1.157458,2.588388,1.5,1.088388
普通钢筋,10,4,1.9096,0.733709,1.100563,2.602668,1.5,1.102668
普通钢筋,10,5,1.8222,0.694005,1.041008,2.625629,1.5,1.125629
普通钢筋,10,6,1.7414,0.667011,1.000517,2.61075,1.5,1.11075
普通钢筋,10,7,1.6646,0.636707,0.955061,2.614389,1.5,1.114389
普通钢筋,10,8,1.5938,0.616443,0.924665,2.585476,1.5,1.085476
普通钢筋,10,9,1.5202,0.584546,0.876819,2.600651,1.5,1.100651
普通钢筋,10,10,1.4478,0.545404,0.818106,2.654545,1.5,1.154545
普通钢筋,10,11,1.3771,0.503891,0.755837,2.73293,1.5,1.23293
普通钢筋,10,12,1.3119,0.468935,0.703402,2.797616,1.5,1.297616
普通钢筋,10,13,1.2578,0.467983,0.701975,2.687704,1.5,1.187704
普通钢筋,10,14,1.2017,0.449898,0.674847,2.671051,1.5,1.171051
普通钢筋,10,15,1.1458,0.427063,0.640595,2.682975,1.5,1.182975
普通钢筋,10,22,0.7079,0.291596,0.437394,2.427677,1.5,0.927677
普通钢筋,10,30,0.4298,0.17249,0.258735,2.491735,1.5,0.991735
普通钢筋,10,37,0.2975,0.123103,0.184655,2.416667,1.5,0.916667
普通钢筋,10,44,0.1969,0.07988,0.11982,2.464956,1.5,0.964956
普通钢筋,10,51,0.1295,0.048269,0.072403,2.682905,1.5,1.182905
普通钢筋,10,58,0.0663,0.026721,0.040082,2.481187,1.5,0.981187
普通钢筋,10,90,0.0063,0.002193,0.00329,2.872501,1.5,1.372501
锈蚀钢筋,1,1,4.8101,0.871267,1.306901,5.520809,1.5,4.020809
锈蚀钢筋,1,2,4.2192,0.792209,1.188313,5.32587,1.5,3.82587
锈蚀钢筋,1,3,3.7009,0.719798,1.079698,5.141578,1.5,3.641578
锈蚀钢筋,1,4,3.4663,0.664218,0.996327,5.218616,1.5,3.718616
锈蚀钢筋,1,5,3.237,0.609734,0.914601,5.308875,1.5,3.808875
锈蚀钢筋,1,6,3.0296,0.568723,0.853085,5.32702,1.5,3.82702
锈蚀钢筋,1,7,2.8366,0.526863,0.790295,5.383941,1.5,3.883941
锈蚀钢筋,1,8,2.6624,0.495041,0.742562,5.378136,1.5,3.878136
锈蚀钢筋,1,9,2.4848,0.455572,0.683358,5.454239,1.5,3.954239
锈蚀钢筋,1,10,2.3139,0.412522,0.618783,5.609153,1.5,4.109153
锈蚀钢筋,1,11,2.1508,0.369876,0.554814,5.814923,1.5,4.314923
锈蚀钢筋,1,12,2.0036,0.334058,0.501087,5.997759,1.5,4.497759
锈蚀钢筋,1,13,1.8842,0.323541,0.485312,5.823676,1.5,4.323676
锈蚀钢筋,1,14,1.7629,0.301859,0.452788,5.840148,1.5,4.340148
锈蚀钢筋,1,15,1.6444,0.278082,0.417123,5.91337,1.5,4.41337
锈蚀钢筋,1,22,0.8094,0.153955,0.230932,5.257388,1.5,3.757388
锈蚀钢筋,1,30,0.389,0.071664,0.107495,5.428137,1.5,3.928137
锈蚀钢筋,1,37,0.227,0.04147,0.062205,5.47381,1.5,3.97381
锈蚀钢筋,1,44,0.124,0.021819,0.032728,5.683125,1.5,4.183125
锈蚀钢筋,1,51,0.067,0.01069,0.016036,6.2673,1.5,4.7673
锈蚀钢筋,1,58,0.0249,0.004799,0.007198,5.189,1.5,3.689
锈蚀钢筋,1,90,0.0008,0.000151,0.000227,5.297357,1.5,3.797357
锈蚀钢筋,2,1,4.2406,0.871267,1.306901,4.867163,1.5,3.367163
锈蚀钢筋,2,2,3.7196,0.792209,1.188313,4.695228,1.5,3.195228
锈蚀钢筋,2,3,3.2626,0.719798,1.079698,4.532657,1.5,3.032657
锈蚀钢筋,2,4,3.0559,0.664218,0.996327,4.600747,1.5,3.100747
锈蚀钢筋,2,5,2.8537,0.609734,0.914601,4.68024,1.5,3.18024
锈蚀钢筋,2,6,2.6709,0.568723,0.853085,4.696309,1.5,3.196309
锈蚀钢筋,2,7,2.5007,0.526863,0.790295,4.746394,1.5,3.246394
锈蚀钢筋,2,8,2.3471,0.495041,0.742562,4.741219,1.5,3.241219
锈蚀钢筋,2,9,2.1906,0.455572,0.683358,4.808458,1.5,3.308458
锈蚀钢筋,2,10,2.0399,0.412522,0.618783,4.944946,1.5,3.444946
锈蚀钢筋,2,11,1.8961,0.369876,0.554814,5.126314,1.5,3.626314
锈蚀钢筋,2,12,1.7663,0.334058,0.501087,5.287404,1.5,3.787404
锈蚀钢筋,2,13,1.6611,0.323541,0.485312,5.134119,1.5,3.634119
锈蚀钢筋,2,14,1.5541,0.301859,0.452788,5.148434,1.5,3.648434
锈蚀钢筋,2,15,1.4497,0.278082,0.417123,5.213216,1.5,3.713216
锈蚀钢筋,2,22,0.7136,0.153955,0.230932,4.635128,1.5,3.135128
锈蚀钢筋,2,30,0.343,0.071664,0.107495,4.786249,1.5,3.286249
锈蚀钢筋,2,37,0.2001,0.04147,0.062205,4.825151,1.5,3.325151
锈蚀钢筋,2,44,0.1093,0.021819,0.032728,5.0094,1.5,3.5094
锈蚀钢筋,2,51,0.0591,0.01069,0.016036,5.52832,1.5,4.02832
锈蚀钢筋,2,58,0.022,0.004799,0.007198,4.584659,1.5,3.084659
锈蚀钢筋,2,90,0.0007,0.000151,0.000227,4.635188,1.5,3.135188
锈蚀钢筋,3,1,4.722,0.871267,1.306901,5.419692,1.5,3.919692
锈蚀钢筋,3,2,4.1419,0.792209,1.188313,5.228295,1.5,3.728295
锈蚀钢筋,3,3,3.6331,0.719798,1.079698,5.047385,1.5,3.547385
锈蚀钢筋,3,4,3.4028,0.664218,0.996327,5.123015,1.5,3.623015
锈蚀钢筋,3,5,3.1777,0.609734,0.914601,5.21162,1.5,3.71162
锈蚀钢筋,3,6,2.9741,0.568723,0.853085,5.229433,1.5,3.729433
锈蚀钢筋,3,7,2.7847,0.526863,0.790295,5.285434,1.5,3.785434
锈蚀钢筋,3,8,2.6136,0.495041,0.742562,5.279558,1.5,3.779558
锈蚀钢筋,3,9,2.4393,0.455572,0.683358,5.354365,1.5,3.854365
锈蚀钢筋,3,10,2.2715,0.412522,0.618783,5.506371,1.5,4.006371
锈蚀钢筋,3,11,2.1114,0.369876,0.554814,5.708401,1.5,4.208401
锈蚀钢筋,3,12,1.9669,0.334058,0.501087,5.887898,1.5,4.387898
锈蚀钢筋,3,13,1.8497,0.323541,0.485312,5.717043,1.5,4.217043
锈蚀钢筋,3,14,1.7306,0.301859,0.452788,5.733144,1.5,4.233144
锈蚀钢筋,3,15,1.6142,0.278082,0.417123,5.804769,1.5,4.304769
锈蚀钢筋,3,22,0.7946,0.153955,0.230932,5.161256,1.5,3.661256
锈蚀钢筋,3,30,0.3819,0.071664,0.107495,5.329063,1.5,3.829063
锈蚀钢筋,3,37,0.2229,0.04147,0.062205,5.374943,1.5,3.874943
锈蚀钢筋,3,44,0.1217,0.021819,0.032728,5.577712,1.5,4.077712
锈蚀钢筋,3,51,0.0658,0.01069,0.016036,6.15505,1.5,4.65505
锈蚀钢筋,3,58,0.0245,0.004799,0.007198,5.105642,1.5,3.605642
锈蚀钢筋,3,90,0.0008,0.000151,0.000227,5.297357,1.5,3.797357
锈蚀钢筋,4,1,4.5911,0.871267,1.306901,5.269451,1.5,3.769451
锈蚀钢筋,4,2,4.0271,0.792209,1.188313,5.083384,1.5,3.583384
锈蚀钢筋,4,3,3.5324,0.719798,1.079698,4.907485,1.5,3.407485
锈蚀钢筋,4,4,3.3085,0.664218,0.996327,4.981044,1.5,3.481044
锈蚀钢筋,4,5,3.0896,0.609734,0.914601,5.06713,1.5,3.56713
锈蚀钢筋,4,6,2.8917,0.568723,0.853085,5.084547,1.5,3.584547
锈蚀钢筋,4,7,2.7075,0.526863,0.790295,5.138906,1.5,3.638906
锈蚀钢筋,4,8,2.5412,0.495041,0.742562,5.133308,1.5,3.633308
锈蚀钢筋,4,9,2.3717,0.455572,0.683358,5.20598,1.5,3.70598
锈蚀钢筋,4,10,2.2085,0.412522,0.618783,5.353652,1.5,3.853652
锈蚀钢筋,4,11,2.0528,0.369876,0.554814,5.54997,1.5,4.04997
锈蚀钢筋,4,12,1.9124,0.334058,0.501087,5.724753,1.5,4.224753
锈蚀钢筋,4,13,1.7984,0.323541,0.485312,5.558486,1.5,4.058486
锈蚀钢筋,4,14,1.6826,0.301859,0.452788,5.57413,1.5,4.07413
锈蚀钢筋,4,15,1.5695,0.278082,0.417123,5.644025,1.5,4.144025
锈蚀钢筋,4,22,0.7726,0.153955,0.230932,5.018357,1.5,3.518357
锈蚀钢筋,4,30,0.3713,0.071664,0.107495,5.18115,1.5,3.68115
锈蚀钢筋,4,37,0.2167,0.04147,0.062205,5.225438,1.5,3.725438
锈蚀钢筋,4,44,0.1183,0.021819,0.032728,5.421885,1.5,3.921885
锈蚀钢筋,4,51,0.064,0.01069,0.016036,5.986675,1.5,4.486675
锈蚀钢筋,4,58,0.0238,0.004799,0.007198,4.959767,1.5,3.459767
锈蚀钢筋,4,90,0.0007,0.000151,0.000227,4.635188,1.5,3.135188
锈蚀钢筋,5,1,3.7214,0.871267,1.306901,4.27125,1.5,2.77125
锈蚀钢筋,5,2,3.2643,0.792209,1.188313,4.120506,1.5,2.620506
锈蚀钢筋,5,3,2.8632,0.719798,1.079698,3.97778,1.5,2.47778
锈蚀钢筋,5,4,2.6818,0.664218,0.996327,4.037528,1.5,2.537528
锈蚀钢筋,5,5,2.5043,0.609734,0.914601,4.107203,1.5,2.607203
锈蚀钢筋,5,6,2.3439,0.568723,0.853085,4.121337,1.5,2.621337
锈蚀钢筋,5,7,2.1946,0.526863,0.790295,4.165408,1.5,2.665408
锈蚀钢筋,5,8,2.0598,0.495041,0.742562,4.160864,1.5,2.660864
锈蚀钢筋,5,9,1.9224,0.455572,0.683358,4.219748,1.5,2.719748
锈蚀钢筋,5,10,1.7902,0.412522,0.618783,4.339646,1.5,2.839646
锈蚀钢筋,5,11,1.664,0.369876,0.554814,4.498806,1.5,2.998806
锈蚀钢筋,5,12,1.5501,0.334058,0.501087,4.640211,1.5,3.140211
锈蚀钢筋,5,13,1.4577,0.323541,0.485312,4.505452,1.5,3.005452
锈蚀钢筋,5,14,1.3639,0.301859,0.452788,4.518338,1.5,3.018338
锈蚀钢筋,5,15,1.2722,0.278082,0.417123,4.574915,1.5,3.074915
锈蚀钢筋,5,22,0.6262,0.153955,0.230932,4.067429,1.5,2.567429
锈蚀钢筋,5,30,0.301,0.071664,0.107495,4.200178,1.5,2.700178
锈蚀钢筋,5,37,0.1756,0.04147,0.062205,4.234365,1.5,2.734365
锈蚀钢筋,5,44,0.0959,0.021819,0.032728,4.395256,1.5,2.895256
锈蚀钢筋,5,51,0.0518,0.01069,0.016036,4.845465,1.5,3.345465
锈蚀钢筋,5,58,0.0193,0.004799,0.007198,4.021996,1.5,2.521996
锈蚀钢筋,5,90,0.0006,0.000151,0.000227,3.973018,1.5,2.473018
锈蚀钢筋,6,1,4.6704,0.871267,1.306901,5.360468,1.5,3.860468
锈蚀钢筋,6,2,4.0966,0.792209,1.188313,5.171113,1.5,3.671113
锈蚀钢筋,6,3,3.5933,0.719798,1.079698,4.992092,1.5,3.492092
锈蚀钢筋,6,4,3.3656,0.664218,0.996327,5.067009,1.5,3.567009
锈蚀钢筋,6,5,3.1429,0.609734,0.914601,5.154546,1.5,3.654546
锈蚀钢筋,6,6,2.9416,0.568723,0.853085,5.172288,1.5,3.672288
锈蚀钢筋,6,7,2.7542,0.526863,0.790295,5.227544,1.5,3.727544
锈蚀钢筋,6,8,2.585,0.495041,0.742562,5.221785,1.5,3.721785
锈蚀钢筋,6,9,2.4126,0.455572,0.683358,5.295757,1.5,3.795757
锈蚀钢筋,6,10,2.2467,0.412522,0.618783,5.446253,1.5,3.946253
锈蚀钢筋,6,11,2.0883,0.369876,0.554814,5.645948,1.5,4.145948
锈蚀钢筋,6,12,1.9454,0.334058,0.501087,5.823538,1.5,4.323538
锈蚀钢筋,6,13,1.8294,0.323541,0.485312,5.6543,1.5,4.1543
锈蚀钢筋,6,14,1.7116,0.301859,0.452788,5.670201,1.5,4.170201
锈蚀钢筋,6,15,1.5966,0.278082,0.417123,5.741478,1.5,4.241478
锈蚀钢筋,6,22,0.7859,0.153955,0.230932,5.104746,1.5,3.604746
锈蚀钢筋,6,30,0.3777,0.071664,0.107495,5.270456,1.5,3.770456
锈蚀钢筋,6,37,0.2204,0.04147,0.062205,5.314659,1.5,3.814659
锈蚀钢筋,6,44,0.1204,0.021819,0.032728,5.518131,1.5,4.018131
锈蚀钢筋,6,51,0.0651,0.01069,0.016036,6.08957,1.5,4.58957
锈蚀钢筋,6,58,0.0242,0.004799,0.007198,5.043124,1.5,3.543124
锈蚀钢筋,6,90,0.0008,0.000151,0.000227,5.297357,1.5,3.797357
锈蚀钢筋,7,1,2.2293,0.871267,1.306901,2.558687,1.5,1.058687
锈蚀钢筋,7,2,1.9555,0.792209,1.188313,2.468416,1.5,0.968416
锈蚀钢筋,7,3,1.7152,0.719798,1.079698,2.382889,1.5,0.882889
锈蚀钢筋,7,4,1.6065,0.664218,0.996327,2.418633,1.5,0.918633
锈蚀钢筋,7,5,1.5002,0.609734,0.914601,2.460418,1.5,0.960418
锈蚀钢筋,7,6,1.4041,0.568723,0.853085,2.468864,1.5,0.968864
锈蚀钢筋,7,7,1.3147,0.526863,0.790295,2.495335,1.5,0.995335
锈蚀钢筋,7,8,1.2339,0.495041,0.742562,2.492519,1.5,0.992519
锈蚀钢筋,7,9,1.1516,0.455572,0.683358,2.52781,1.5,1.02781
锈蚀钢筋,7,10,1.0724,0.412522,0.618783,2.599618,1.5,1.099618
锈蚀钢筋,7,11,0.9968,0.369876,0.554814,2.694958,1.5,1.194958
锈蚀钢筋,7,12,0.9286,0.334058,0.501087,2.779756,1.5,1.279756
锈蚀钢筋,7,13,0.8733,0.323541,0.485312,2.699191,1.5,1.199191
锈蚀钢筋,7,14,0.817,0.301859,0.452788,2.706564,1.5,1.206564
锈蚀钢筋,7,15,0.7621,0.278082,0.417123,2.740562,1.5,1.240562
锈蚀钢筋,7,22,0.3751,0.153955,0.230932,2.43643,1.5,0.93643
锈蚀钢筋,7,30,0.1803,0.071664,0.107495,2.515921,1.5,1.015921
锈蚀钢筋,7,37,0.1052,0.04147,0.062205,2.536761,1.5,1.036761
锈蚀钢筋,7,44,0.0575,0.021819,0.032728,2.63532,1.5,1.13532
锈蚀钢筋,7,51,0.0311,0.01069,0.016036,2.90915,1.5,1.40915
锈蚀钢筋,7,58,0.0115,0.004799,0.007198,2.396526,1.5,0.896526
锈蚀钢筋,7,90,0.0004,0.000151,0.000227,2.648679,1.5,1.148679
锈蚀钢筋,8,1,2.5442,0.871267,1.306901,2.920114,1.5,1.420114
锈蚀钢筋,8,2,2.2316,0.792209,1.188313,2.816935,1.5,1.316935
锈蚀钢筋,8,3,1.9575,0.719798,1.079698,2.719511,1.5,1.219511
锈蚀钢筋,8,4,1.8334,0.664218,0.996327,2.760237,1.5,1.260237
锈蚀钢筋,8,5,1.7121,0.609734,0.914601,2.807947,1.5,1.307947
锈蚀钢筋,8,6,1.6025,0.568723,0.853085,2.817715,1.5,1.317715
锈蚀钢筋,8,7,1.5004,0.526863,0.790295,2.847799,1.5,1.347799
锈蚀钢筋,8,8,1.4082,0.495041,0.742562,2.84461,1.5,1.34461
锈蚀钢筋,8,9,1.3143,0.455572,0.683358,2.884943,1.5,1.384943
锈蚀钢筋,8,10,1.2239,0.412522,0.618783,2.966871,1.5,1.466871
锈蚀钢筋,8,11,1.1376,0.369876,0.554814,3.075626,1.5,1.575626
锈蚀钢筋,8,12,1.0597,0.334058,0.501087,3.172203,1.5,1.672203
锈蚀钢筋,8,13,0.9966,0.323541,0.485312,3.080286,1.5,1.580286
锈蚀钢筋,8,14,0.9324,0.301859,0.452788,3.088862,1.5,1.588862
锈蚀钢筋,8,15,0.8697,0.278082,0.417123,3.127498,1.5,1.627498
锈蚀钢筋,8,22,0.4281,0.153955,0.230932,2.780687,1.5,1.280687
锈蚀钢筋,8,30,0.2058,0.071664,0.107495,2.87175,1.5,1.37175
锈蚀钢筋,8,37,0.1201,0.04147,0.062205,2.896055,1.5,1.396055
锈蚀钢筋,8,44,0.0656,0.021819,0.032728,3.006556,1.5,1.506556
锈蚀钢筋,8,51,0.0354,0.01069,0.016036,3.311379,1.5,1.811379
锈蚀钢筋,8,58,0.0132,0.004799,0.007198,2.750795,1.5,1.250795
锈蚀钢筋,8,90,0.0004,0.000151,0.000227,2.648679,1.5,1.148679
锈蚀钢筋,9,1,2.1026,0.871267,1.306901,2.413266,1.5,0.913266
锈蚀钢筋,9,2,1.8443,0.792209,1.188313,2.328049,1.5,0.828049
锈蚀钢筋,9,3,1.6177,0.719798,1.079698,2.247435,1.5,0.747435
锈蚀钢筋,9,4,1.5152,0.664218,0.996327,2.281178,1.5,0.781178
锈蚀钢筋,9,5,1.415,0.609734,0.914601,2.320685,1.5,0.820685
锈蚀钢筋,9,6,1.3243,0.568723,0.853085,2.328549,1.5,0.828549
锈蚀钢筋,9,7,1.24,0.526863,0.790295,2.353553,1.5,0.853553
锈蚀钢筋,9,8,1.1638,0.495041,0.742562,2.350914,1.5,0.850914
锈蚀钢筋,9,9,1.0862,0.455572,0.683358,2.384254,1.5,0.884254
锈蚀钢筋,9,10,1.0115,0.412522,0.618783,2.451989,1.5,0.951989
锈蚀钢筋,9,11,0.9401,0.369876,0.554814,2.541663,1.5,1.041663
锈蚀钢筋,9,12,0.8758,0.334058,0.501087,2.6217,1.5,1.1217
锈蚀钢筋,9,13,0.8236,0.323541,0.485312,2.545579,1.5,1.045579
锈蚀钢筋,9,14,0.7706,0.301859,0.452788,2.552849,1.5,1.052849
锈蚀钢筋,9,15,0.7188,0.278082,0.417123,2.584852,1.5,1.084852
锈蚀钢筋,9,22,0.3538,0.153955,0.230932,2.298078,1.5,0.798078
锈蚀钢筋,9,30,0.1701,0.071664,0.107495,2.373589,1.5,0.873589
锈蚀钢筋,9,37,0.0992,0.04147,0.062205,2.392079,1.5,0.892079
锈蚀钢筋,9,44,0.0542,0.021819,0.032728,2.484076,1.5,0.984076
锈蚀钢筋,9,51,0.0293,0.01069,0.016036,2.740774,1.5,1.240774
锈蚀钢筋,9,58,0.0109,0.004799,0.007198,2.27149,1.5,0.77149
锈蚀钢筋,9,90,0.0003,0.000151,0.000227,1.986509,1.5,0.486509
锈蚀钢筋,10,1,2.9231,0.871267,1.306901,3.354998,1.5,1.854998
锈蚀钢筋,10,2,2.564,0.792209,1.188313,3.236521,1.5,1.736521
锈蚀钢筋,10,3,2.249,0.719798,1.079698,3.124486,1.5,1.624486
锈蚀钢筋,10,4,2.1064,0.664218,0.996327,3.171247,1.5,1.671247
锈蚀钢筋,10,5,1.9671,0.609734,0.914601,3.226163,1.5,1.726163
锈蚀钢筋,10,6,1.8411,0.568723,0.853085,3.237251,1.5,1.737251
锈蚀钢筋,10,7,1.7238,0.526863,0.790295,3.271818,1.5,1.771818
锈蚀钢筋,10,8,1.6179,0.495041,0.742562,3.268211,1.5,1.768211
锈蚀钢筋,10,9,1.51,0.455572,0.683358,3.314513,1.5,1.814513
锈蚀钢筋,10,10,1.4061,0.412522,0.618783,3.408544,1.5,1.908544
锈蚀钢筋,10,11,1.307,0.369876,0.554814,3.533618,1.5,2.033618
锈蚀钢筋,10,12,1.2175,0.334058,0.501087,3.644576,1.5,2.144576
锈蚀钢筋,10,13,1.145,0.323541,0.485312,3.53896,1.5,2.03896
锈蚀钢筋,10,14,1.0713,0.301859,0.452788,3.549011,1.5,2.049011
锈蚀钢筋,10,15,0.9993,0.278082,0.417123,3.593548,1.5,2.093548
锈蚀钢筋,10,22,0.4919,0.153955,0.230932,3.195094,1.5,1.695094
锈蚀钢筋,10,30,0.2364,0.071664,0.107495,3.298744,1.5,1.798744
锈蚀钢筋,10,37,0.138,0.04147,0.062205,3.32769,1.5,1.82769
锈蚀钢筋,10,44,0.0753,0.021819,0.032728,3.451124,1.5,1.951124
锈蚀钢筋,10,51,0.0407,0.01069,0.016036,3.807151,1.5,2.307151
锈蚀钢筋,10,58,0.0151,0.004799,0.007198,3.146743,1.5,1.646743
锈蚀钢筋,10,90,0.0005,0.000151,0.000227,3.310848,1.5,1.810848
