sample_type,sample_id,delay_days,m0_hat_mt,m0_hat_lower_mt,m0_hat_upper_mt,bootstrap_sd_mt,bootstrap_support_rate,support_probability,relative_width
小号铁钉,1,1,2.487333,2.480031,2.4944,0.003929,0.9995,0.999833,0.005777
小号铁钉,1,2,2.414542,2.407396,2.42145,0.003834,0.9995,0.999685,0.005821
小号铁钉,1,3,2.34553,2.338356,2.352492,0.003769,0.9995,0.999438,0.006027
小号铁钉,1,4,2.36955,2.36322,2.375705,0.00333,0.9995,0.999539,0.005269
小号铁钉,1,5,2.400327,2.394465,2.406007,0.00308,0.9995,0.999644,0.004808
小号铁钉,1,6,2.397562,2.393314,2.401635,0.002246,0.9995,0.999636,0.003471
小号铁钉,1,7,2.412079,2.408947,2.415082,0.001649,0.9995,0.999678,0.002543
小号铁钉,1,8,2.397304,2.396073,2.39847,0.000609,0.9995,0.999635,0.001
小号铁钉,1,9,2.421288,2.420508,2.422114,0.000394,0.9995,0.999703,0.000663
小号铁钉,1,10,2.480511,2.479638,2.481415,0.000468,0.9995,0.999822,0.000716
小号铁钉,1,11,2.562776,2.561031,2.564511,0.000913,0.9995,0.999915,0.001358
小号铁钉,1,12,2.633174,2.630774,2.635619,0.001269,0.9995,0.999956,0.00184
小号铁钉,1,13,2.543158,2.541091,2.545323,0.001124,0.9995,0.999899,0.001664
小号铁钉,1,14,2.538795,2.535056,2.54267,0.002013,0.9995,0.999895,0.002999
小号铁钉,1,15,2.560277,2.555599,2.56512,0.00249,0.9995,0.999913,0.003719
小号铁钉,1,22,2.297533,2.288977,2.306167,0.004459,0.9995,0.99917,0.007482
小号铁钉,1,30,2.365802,2.357829,2.373945,0.004318,0.9995,0.999525,0.006812
小号铁钉,1,37,2.340329,2.325771,2.3553,0.007899,0.9995,0.999412,0.012617
小号铁钉,1,44,2.407113,2.391391,2.423545,0.008776,0.9995,0.999663,0.013358
小号铁钉,1,51,2.637914,2.623402,2.652524,0.00778,0.9995,0.999958,0.01104
小号铁钉,1,58,2.31056,2.30372,2.31739,0.003477,0.9995,0.999253,0.005916
小号铁钉,1,90,2.413728,2.379502,2.44427,0.016899,0.9995,0.999679,0.026833
小号铁钉,2,1,3.777349,3.76626,3.788081,0.005967,0.9995,1.0,0.005777
小号铁钉,2,2,3.66677,3.655917,3.67726,0.005822,0.9995,1.0,0.005821
小号铁钉,2,3,3.562073,3.551178,3.572646,0.005724,0.9995,1.0,0.006027
小号铁钉,2,4,3.598624,3.589011,3.607972,0.005057,0.9995,1.0,0.005269
小号铁钉,2,5,3.645339,3.636437,3.653965,0.004678,0.9995,1.0,0.004808
小号铁钉,2,6,3.641193,3.634741,3.647378,0.003412,0.9995,1.0,0.003471
小号铁钉,2,7,3.663049,3.658292,3.667608,0.002504,0.9995,1.0,0.002543
小号铁钉,2,8,3.640618,3.638749,3.64239,0.000925,0.9995,1.0,0.001
小号铁钉,2,9,3.677029,3.675843,3.678283,0.000598,0.9995,1.0,0.000663
小号铁钉,2,10,3.767193,3.765868,3.768566,0.000711,0.9995,1.0,0.000716
小号铁钉,2,11,3.891931,3.889281,3.894566,0.001387,0.9995,1.0,0.001358
小号铁钉,2,12,3.998832,3.995187,4.002544,0.001927,0.9995,1.0,0.00184
小号铁钉,2,13,3.86208,3.85894,3.865367,0.001707,0.9995,1.0,0.001664
小号铁钉,2,14,3.855468,3.84979,3.861353,0.003057,0.9995,1.0,0.002999
小号铁钉,2,15,3.888214,3.88111,3.89557,0.003782,0.9995,1.0,0.003719
小号铁钉,2,22,3.489386,3.476393,3.5025,0.006773,0.9995,1.0,0.007482
小号铁钉,2,30,3.593544,3.581433,3.605913,0.006558,0.9995,1.0,0.006812
小号铁钉,2,37,3.55373,3.531624,3.576463,0.011995,0.9995,1.0,0.012617
小号铁钉,2,44,3.65719,3.633303,3.682155,0.013334,0.9995,1.0,0.013358
小号铁钉,2,51,4.009454,3.987397,4.031661,0.011825,0.9995,1.0,0.01104
小号铁钉,2,58,3.514159,3.503757,3.524548,0.005288,0.9995,1.0,0.005916
小号铁钉,2,90,3.793002,3.739217,3.840996,0.026556,0.9995,1.0,0.026833
小号铁钉,3,1,3.2876,3.277948,3.29694,0.005194,0.9995,1.0,0.005777
小号铁钉,3,2,3.19148,3.182034,3.20061,0.005067,0.9995,1.0,0.005821
小号铁钉,3,3,3.100288,3.090806,3.109491,0.004982,0.9995,1.0,0.006027
小号铁钉,3,4,3.132014,3.123647,3.14015,0.004401,0.9995,1.0,0.005269
小号铁钉,3,5,3.172739,3.16499,3.180246,0.004072,0.9995,1.0,0.004808
小号铁钉,3,6,3.169175,3.163559,3.174558,0.002969,0.9995,1.0,0.003471
小号铁钉,3,7,3.188049,3.183909,3.192018,0.00218,0.9995,1.0,0.002543
小号铁钉,3,8,3.16868,3.167053,3.170221,0.000805,0.9995,1.0,0.001
小号铁钉,3,9,3.20032,3.199288,3.201411,0.00052,0.9995,1.0,0.000663
小号铁钉,3,10,3.278713,3.277559,3.279908,0.000619,0.9995,1.0,0.000716
小号铁钉,3,11,3.387194,3.384888,3.389488,0.001207,0.9995,1.0,0.001358
小号铁钉,3,12,3.480371,3.477199,3.483603,0.001677,0.9995,1.0,0.00184
小号铁钉,3,13,3.361454,3.358722,3.364315,0.001486,0.9995,1.0,0.001664
小号铁钉,3,14,3.35562,3.350678,3.360742,0.00266,0.9995,1.0,0.002999
小号铁钉,3,15,3.384154,3.377971,3.390556,0.003292,0.9995,1.0,0.003719
小号铁钉,3,22,3.036849,3.025541,3.048262,0.005894,0.9995,0.999999,0.007482
小号铁钉,3,30,3.1272,3.11666,3.137963,0.005707,0.9995,1.0,0.006812
小号铁钉,3,37,3.09208,3.072846,3.11186,0.010437,0.9995,1.0,0.012617
小号铁钉,3,44,3.182447,3.161661,3.204172,0.011603,0.9995,1.0,0.013358
小号铁钉,3,51,3.488006,3.468817,3.507325,0.010287,0.9995,1.0,0.01104
小号铁钉,3,58,3.057319,3.048269,3.066357,0.0046,0.9995,0.999999,0.005916
小号铁钉,3,90,3.275774,3.229324,3.317223,0.022935,0.9995,1.0,0.026833
小号铁钉,4,1,2.989069,2.980294,2.997562,0.004722,0.9995,0.999999,0.005777
小号铁钉,4,2,2.901582,2.892993,2.909882,0.004607,0.9995,0.999997,0.005821
小号铁钉,4,3,2.818846,2.810224,2.827213,0.00453,0.9995,0.999993,0.006027
小号铁钉,4,4,2.84761,2.840004,2.855008,0.004002,0.9995,0.999995,0.005269
小号铁钉,4,5,2.884601,2.877556,2.891426,0.003702,0.9995,0.999996,0.004808
小号铁钉,4,6,2.88126,2.876154,2.886154,0.0027,0.9995,0.999996,0.003471
小号铁钉,4,7,2.898634,2.89487,2.902242,0.001982,0.9995,0.999997,0.002543
小号铁钉,4,8,2.880815,2.879336,2.882217,0.000732,0.9995,0.999996,0.001
小号铁钉,4,9,2.90961,2.908672,2.910603,0.000473,0.9995,0.999997,0.000663
小号铁钉,4,10,2.980992,2.979944,2.982079,0.000563,0.9995,0.999999,0.000716
小号铁钉,4,11,3.079772,3.077675,3.081858,0.001097,0.9995,1.0,0.001358
小号铁钉,4,12,3.164501,3.161617,3.167439,0.001525,0.9995,1.0,0.00184
小号铁钉,4,13,3.056101,3.053616,3.058702,0.001351,0.9995,0.999999,0.001664
小号铁钉,4,14,3.050834,3.046341,3.055491,0.002419,0.9995,0.999999,0.002999
小号铁钉,4,15,3.076793,3.071172,3.082614,0.002993,0.9995,1.0,0.003719
小号铁钉,4,22,2.761371,2.751089,2.771749,0.00536,0.9995,0.999987,0.007482
小号铁钉,4,30,2.843806,2.834221,2.853593,0.00519,0.9995,0.999995,0.006812
小号铁钉,4,37,2.811742,2.794252,2.829729,0.00949,0.9995,0.999992,0.012617
小号铁钉,4,44,2.893784,2.874884,2.913538,0.01055,0.9995,0.999997,0.013358
小号铁钉,4,51,3.172508,3.155055,3.190079,0.009357,0.9995,1.0,0.01104
小号铁钉,4,58,2.784971,2.776728,2.793204,0.00419,0.9995,0.99999,0.005916
小号铁钉,4,90,2.930956,2.889395,2.968042,0.020521,0.9995,0.999998,0.026833
小号铁钉,5,1,1.99804,1.992175,2.003717,0.003156,0.9995,0.992597,0.005777
小号铁钉,5,2,1.939623,1.933882,1.945172,0.003079,0.9995,0.989204,0.005821
小号铁钉,5,3,1.884147,1.878384,1.88974,0.003028,0.9995,0.984786,0.006027
小号铁钉,5,4,1.903512,1.898427,1.908457,0.002675,0.9995,0.986481,0.005269
小号铁钉,5,5,1.928187,1.923478,1.932749,0.002475,0.9995,0.988399,0.004808
小号铁钉,5,6,1.92603,1.922617,1.929302,0.001805,0.9995,0.988242,0.003471
小号铁钉,5,7,1.937597,1.935081,1.940009,0.001325,0.9995,0.989066,0.002543
小号铁钉,5,8,1.925727,1.924738,1.926664,0.000489,0.9995,0.988221,0.001
小号铁钉,5,9,1.944966,1.944339,1.945629,0.000316,0.9995,0.989565,0.000663
小号铁钉,5,10,1.992662,1.991961,1.993388,0.000376,0.9995,0.992331,0.000716
小号铁钉,5,11,2.058502,2.0571,2.059896,0.000734,0.9995,0.995076,0.001358
小号铁钉,5,12,2.115218,2.11329,2.117182,0.001019,0.9995,0.996694,0.00184
小号铁钉,5,13,2.042789,2.041128,2.044528,0.000903,0.9995,0.994517,0.001664
小号铁钉,5,14,2.039489,2.036485,2.042602,0.001617,0.9995,0.994392,0.002999
小号铁钉,5,15,2.056507,2.052749,2.060397,0.002,0.9995,0.995008,0.003719
小号铁钉,5,22,1.845937,1.839063,1.852874,0.003583,0.9995,0.980896,0.007482
小号铁钉,5,30,1.900354,1.89395,1.906895,0.003468,0.9995,0.986215,0.006812
小号铁钉,5,37,1.880074,1.868379,1.8921,0.006346,0.9995,0.984399,0.012617
小号铁钉,5,44,1.934756,1.922119,1.947963,0.007054,0.9995,0.988859,0.013358
小号铁钉,5,51,2.120848,2.10918,2.132594,0.006255,0.9995,0.996822,0.01104
小号铁钉,5,58,1.862504,1.856991,1.86801,0.002802,0.9995,0.982678,0.005916
小号铁钉,5,90,2.06891,2.039573,2.095088,0.014485,0.9995,0.995396,0.026833
小号铁钉,6,1,1.997926,1.992061,2.003603,0.003156,0.9995,0.992591,0.005777
小号铁钉,6,2,1.9395,1.933759,1.945048,0.003079,0.9995,0.989195,0.005821
小号铁钉,6,3,1.884147,1.878384,1.88974,0.003028,0.9995,0.984786,0.006027
小号铁钉,6,4,1.903369,1.898284,1.908313,0.002675,0.9995,0.986469,0.005269
小号铁钉,6,5,1.928187,1.923478,1.932749,0.002475,0.9995,0.988399,0.004808
小号铁钉,6,6,1.92603,1.922617,1.929302,0.001805,0.9995,0.988242,0.003471
小号铁钉,6,7,1.937425,1.934909,1.939836,0.001325,0.9995,0.989055,0.002543
小号铁钉,6,8,1.925727,1.924738,1.926664,0.000489,0.9995,0.988221,0.001
小号铁钉,6,9,1.944966,1.944339,1.945629,0.000316,0.9995,0.989565,0.000663
小号铁钉,6,10,1.992662,1.991961,1.993388,0.000376,0.9995,0.992331,0.000716
小号铁钉,6,11,2.058502,2.0571,2.059896,0.000734,0.9995,0.995076,0.001358
小号铁钉,6,12,2.115218,2.11329,2.117182,0.001019,0.9995,0.996694,0.00184
小号铁钉,6,13,2.042789,2.041128,2.044528,0.000903,0.9995,0.994517,0.001664
小号铁钉,6,14,2.039218,2.036214,2.04233,0.001617,0.9995,0.994382,0.002999
小号铁钉,6,15,2.056507,2.052749,2.060397,0.002,0.9995,0.995008,0.003719
小号铁钉,6,22,1.845466,1.838594,1.852402,0.003582,0.9995,0.980843,0.007482
小号铁钉,6,30,1.900354,1.89395,1.906895,0.003468,0.9995,0.986215,0.006812
小号铁钉,6,37,1.880074,1.868379,1.8921,0.006346,0.9995,0.984399,0.012617
小号铁钉,6,44,1.934756,1.922119,1.947963,0.007054,0.9995,0.988859,0.013358
小号铁钉,6,51,2.120848,2.10918,2.132594,0.006255,0.9995,0.996822,0.01104
小号铁钉,6,58,1.862504,1.856991,1.86801,0.002802,0.9995,0.982678,0.005916
小号铁钉,6,90,2.06891,2.039573,2.095088,0.014485,0.9995,0.995396,0.026833
小号铁钉,7,1,1.778738,1.773516,1.783791,0.00281,0.9995,0.971978,0.005777
小号铁钉,7,2,1.726652,1.721541,1.731592,0.002741,0.9995,0.962853,0.005821
小号铁钉,7,3,1.67739,1.672259,1.682369,0.002696,0.9995,0.952086,0.006027
小号铁钉,7,4,1.694539,1.690013,1.698941,0.002381,0.9995,0.956091,0.005269
小号铁钉,7,5,1.716538,1.712346,1.7206,0.002203,0.9995,0.960824,0.004808
小号铁钉,7,6,1.714676,1.711638,1.717589,0.001607,0.9995,0.960441,0.003471
小号铁钉,7,7,1.724934,1.722694,1.727081,0.001179,0.9995,0.962517,0.002543
小号铁钉,7,8,1.714349,1.713469,1.715183,0.000436,0.9995,0.960374,0.001
小号铁钉,7,9,1.731482,1.730924,1.732073,0.000282,0.9995,0.963794,0.000663
小号铁钉,7,10,1.773899,1.773275,1.774545,0.000335,0.9995,0.971222,0.000716
小号铁钉,7,11,1.832735,1.831487,1.833976,0.000653,0.9995,0.979371,0.001358
小号铁钉,7,12,1.883109,1.881393,1.884857,0.000907,0.9995,0.984692,0.00184
小号铁钉,7,13,1.818778,1.817299,1.820326,0.000804,0.9995,0.977641,0.001664
小号铁钉,7,14,1.815438,1.812764,1.818209,0.001439,0.9995,0.977209,0.002999
小号铁钉,7,15,1.830838,1.827493,1.834302,0.001781,0.9995,0.979142,0.003719
小号铁钉,7,22,1.642978,1.63686,1.649153,0.003189,0.9995,0.943159,0.007482
小号铁钉,7,30,1.692293,1.686589,1.698118,0.003089,0.9995,0.955581,0.006812
小号铁钉,7,37,1.673656,1.663245,1.684362,0.005649,0.9995,0.951164,0.012617
小号铁钉,7,44,1.722434,1.711184,1.734192,0.00628,0.9995,0.962003,0.013358
小号铁钉,7,51,1.888606,1.878216,1.899066,0.00557,0.9995,0.985186,0.01104
小号铁钉,7,58,1.651655,1.646766,1.656538,0.002485,0.9995,0.945528,0.005916
小号铁钉,7,90,1.724092,1.699644,1.745907,0.012071,0.9995,0.962286,0.026833
小号铁钉,8,1,3.588071,3.577537,3.598265,0.005668,0.9995,1.0,0.005777
小号铁钉,8,2,3.48311,3.472801,3.493074,0.00553,0.9995,1.0,0.005821
小号铁钉,8,3,3.383607,3.373258,3.393651,0.005437,0.9995,1.0,0.006027
小号铁钉,8,4,3.418277,3.409146,3.427157,0.004803,0.9995,1.0,0.005269
小号铁钉,8,5,3.462719,3.454263,3.470912,0.004444,0.9995,1.0,0.004808
小号铁钉,8,6,3.458712,3.452583,3.464587,0.003241,0.9995,1.0,0.003471
小号铁钉,8,7,3.479361,3.474843,3.483693,0.002379,0.9995,1.0,0.002543
小号铁钉,8,8,3.458172,3.456396,3.459854,0.000879,0.9995,1.0,0.001
小号铁钉,8,9,3.492771,3.491645,3.493962,0.000568,0.9995,1.0,0.000663
小号铁钉,8,10,3.578328,3.577069,3.579632,0.000675,0.9995,1.0,0.000716
小号铁钉,8,11,3.696698,3.694181,3.699201,0.001317,0.9995,1.0,0.001358
小号铁钉,8,12,3.798512,3.79505,3.802038,0.001831,0.9995,1.0,0.00184
小号铁钉,8,13,3.668604,3.665622,3.671726,0.001621,0.9995,1.0,0.001664
小号铁钉,8,14,3.662302,3.656908,3.667892,0.002903,0.9995,1.0,0.002999
小号铁钉,8,15,3.693253,3.686505,3.70024,0.003592,0.9995,1.0,0.003719
小号铁钉,8,22,3.314682,3.302339,3.327138,0.006433,0.9995,1.0,0.007482
小号铁钉,8,30,3.413284,3.40178,3.425032,0.006229,0.9995,1.0,0.006812
小号铁钉,8,37,3.375206,3.354212,3.396798,0.011392,0.9995,1.0,0.012617
小号铁钉,8,44,3.473495,3.450808,3.497207,0.012664,0.9995,1.0,0.013358
小号铁钉,8,51,3.807886,3.786938,3.828976,0.011231,0.9995,1.0,0.01104
小号铁钉,8,58,3.338451,3.328569,3.348321,0.005023,0.9995,1.0,0.005916
小号铁钉,8,90,3.620592,3.569253,3.666405,0.025349,0.9995,1.0,0.026833
小号铁钉,9,1,2.994549,2.985758,3.003057,0.004731,0.9995,0.999999,0.005777
小号铁钉,9,2,2.907023,2.898419,2.91534,0.004615,0.9995,0.999997,0.005821
小号铁钉,9,3,2.823941,2.815304,2.832324,0.004538,0.9995,0.999993,0.006027
小号铁钉,9,4,2.852906,2.845285,2.860317,0.004009,0.9995,0.999995,0.005269
小号铁钉,9,5,2.889977,2.882919,2.896815,0.003709,0.9995,0.999997,0.004808
小号铁钉,9,6,2.886612,2.881497,2.891516,0.002705,0.9995,0.999997,0.003471
小号铁钉,9,7,2.903981,2.90021,2.907596,0.001985,0.9995,0.999997,0.002543
小号铁钉,9,8,2.88624,2.884758,2.887644,0.000734,0.9995,0.999997,0.001
小号铁钉,9,9,2.91503,2.91409,2.916024,0.000474,0.9995,0.999997,0.000663
小号铁钉,9,10,2.986467,2.985416,2.987555,0.000564,0.9995,0.999999,0.000716
小号铁钉,9,11,3.085324,3.083223,3.087413,0.001099,0.9995,1.0,0.001358
小号铁钉,9,12,3.170304,3.167415,3.173247,0.001528,0.9995,1.0,0.00184
小号铁钉,9,13,3.061746,3.059257,3.064352,0.001353,0.9995,0.999999,0.001664
小号铁钉,9,14,3.056524,3.052022,3.061189,0.002423,0.9995,0.999999,0.002999
小号铁钉,9,15,3.082297,3.076666,3.088129,0.002998,0.9995,1.0,0.003719
小号铁钉,9,22,2.766551,2.756249,2.776948,0.00537,0.9995,0.999988,0.007482
小号铁钉,9,30,2.84829,2.83869,2.858093,0.005198,0.9995,0.999995,0.006812
小号铁钉,9,37,2.817321,2.799796,2.835343,0.009509,0.9995,0.999993,0.012617
小号铁钉,9,44,2.898555,2.879624,2.918342,0.010568,0.9995,0.999997,0.013358
小号铁钉,9,51,3.17689,3.159413,3.194485,0.00937,0.9995,1.0,0.01104
小号铁钉,9,58,2.784971,2.776728,2.793204,0.00419,0.9995,0.99999,0.005916
小号铁钉,9,90,2.930956,2.889395,2.968042,0.020521,0.9995,0.999998,0.026833
小号铁钉,10,1,3.234058,3.224564,3.243247,0.005109,0.9995,1.0,0.005777
小号铁钉,10,2,3.139412,3.13012,3.148393,0.004984,0.9995,1.0,0.005821
小号铁钉,10,3,3.049739,3.040411,3.058791,0.004901,0.9995,0.999999,0.006027
小号铁钉,10,4,3.081059,3.072828,3.089062,0.00433,0.9995,1.0,0.005269
小号铁钉,10,5,3.121132,3.11351,3.128517,0.004005,0.9995,1.0,0.004808
小号铁钉,10,6,3.117431,3.111907,3.122726,0.002921,0.9995,1.0,0.003471
小号铁钉,10,7,3.136134,3.132061,3.140038,0.002144,0.9995,1.0,0.002543
小号铁钉,10,8,3.116965,3.115365,3.118482,0.000792,0.9995,1.0,0.001
小号铁钉,10,9,3.148062,3.147047,3.149135,0.000512,0.9995,1.0,0.000663
小号铁钉,10,10,3.225443,3.224309,3.226619,0.000609,0.9995,1.0,0.000716
小号铁钉,10,11,3.332141,3.329872,3.334397,0.001187,0.9995,1.0,0.001358
小号铁钉,10,12,3.423858,3.420737,3.427037,0.00165,0.9995,1.0,0.00184
小号铁钉,10,13,3.306542,3.303854,3.309356,0.001461,0.9995,1.0,0.001664
小号铁钉,10,14,3.300894,3.296033,3.305933,0.002617,0.9995,1.0,0.002999
小号铁钉,10,15,3.328823,3.322741,3.335121,0.003238,0.9995,1.0,0.003719
小号铁钉,10,22,2.987404,2.97628,2.998631,0.005798,0.9995,0.999999,0.007482
小号铁钉,10,30,3.076081,3.065714,3.086668,0.005614,0.9995,1.0,0.006812
小号铁钉,10,37,3.04187,3.022948,3.061329,0.010267,0.9995,0.999999,0.012617
小号铁钉,10,44,3.132348,3.11189,3.153731,0.01142,0.9995,1.0,0.013358
小号铁钉,10,51,3.431041,3.412166,3.450044,0.010119,0.9995,1.0,0.01104
小号铁钉,10,58,3.004606,2.995712,3.013489,0.004521,0.9995,0.999999,0.005916
小号铁钉,10,90,3.275774,3.229324,3.317223,0.022935,0.9995,1.0,0.026833
小号铁钉,11,1,1.69483,1.689854,1.699645,0.002677,0.9995,0.956156,0.005777
小号铁钉,11,2,1.645149,1.64028,1.649855,0.002612,0.9995,0.943761,0.005821
小号铁钉,11,3,1.59828,1.593392,1.603024,0.002568,0.9995,0.929646,0.006027
小号铁钉,11,4,1.614528,1.610216,1.618723,0.002269,0.9995,0.934823,0.005269
小号铁钉,11,5,1.635595,1.631601,1.639465,0.002099,0.9995,0.941085,0.004808
小号铁钉,11,6,1.633736,1.630841,1.636511,0.001531,0.9995,0.940553,0.003471
小号铁钉,11,7,1.643525,1.641391,1.645571,0.001124,0.9995,0.943316,0.002543
小号铁钉,11,8,1.633523,1.632684,1.634317,0.000415,0.9995,0.940493,0.001
小号铁钉,11,9,1.649805,1.649273,1.650368,0.000268,0.9995,0.945034,0.000663
小号铁钉,11,10,1.69031,1.689715,1.690926,0.000319,0.9995,0.955132,0.000716
小号铁钉,11,11,1.746222,1.745033,1.747404,0.000622,0.9995,0.966538,0.001358
小号铁钉,11,12,1.794302,1.792667,1.795968,0.000865,0.9995,0.97431,0.00184
小号铁钉,11,13,1.732817,1.731408,1.734292,0.000766,0.9995,0.96405,0.001664
小号铁钉,11,14,1.729827,1.727279,1.732467,0.001371,0.9995,0.963474,0.002999
小号铁钉,11,15,1.744511,1.741324,1.747811,0.001697,0.9995,0.966227,0.003719
小号铁钉,11,22,1.56575,1.55992,1.571635,0.003039,0.9995,0.918324,0.007482
小号铁钉,11,30,1.612476,1.607042,1.618026,0.002943,0.9995,0.934185,0.006812
小号铁钉,11,37,1.594157,1.584241,1.604355,0.005381,0.9995,0.928269,0.012617
小号铁钉,11,44,1.641322,1.630602,1.652526,0.005984,0.9995,0.942684,0.013358
小号铁钉,11,51,1.796586,1.786702,1.806537,0.005299,0.9995,0.974628,0.01104
小号铁钉,11,58,1.572586,1.567931,1.577235,0.002366,0.9995,0.920814,0.005916
小号铁钉,11,90,1.724092,1.699644,1.745907,0.012071,0.9995,0.962286,0.026833
小号铁钉,12,1,3.820273,3.809058,3.831127,0.006035,0.9995,1.0,0.005777
小号铁钉,12,2,3.708573,3.697596,3.719182,0.005888,0.9995,1.0,0.005821
小号铁钉,12,3,3.602701,3.591681,3.613394,0.005789,0.9995,1.0,0.006027
小号铁钉,12,4,3.639559,3.629837,3.649014,0.005114,0.9995,1.0,0.005269
小号铁钉,12,5,3.686809,3.677805,3.695532,0.004731,0.9995,1.0,0.004808
小号铁钉,12,6,3.682556,3.67603,3.688811,0.003451,0.9995,1.0,0.003471
小号铁钉,12,7,3.704615,3.699805,3.709227,0.002533,0.9995,1.0,0.002543
小号铁钉,12,8,3.682026,3.680136,3.683817,0.000936,0.9995,1.0,0.001
小号铁钉,12,9,3.718836,3.717636,3.720104,0.000605,0.9995,1.0,0.000663
小号铁钉,12,10,3.809935,3.808595,3.811323,0.000719,0.9995,1.0,0.000716
小号铁钉,12,11,3.936113,3.933433,3.938778,0.001403,0.9995,1.0,0.001358
小号铁钉,12,12,4.044497,4.040811,4.048252,0.001949,0.9995,1.0,0.00184
小号铁钉,12,13,3.905958,3.902783,3.909283,0.001726,0.9995,1.0,0.001664
小号铁钉,12,14,3.899357,3.893614,3.905309,0.003091,0.9995,1.0,0.002999
小号铁钉,12,15,3.932247,3.925062,3.939686,0.003825,0.9995,1.0,0.003719
小号铁钉,12,22,3.528942,3.515801,3.542204,0.006849,0.9995,1.0,0.007482
小号铁钉,12,30,3.633901,3.621654,3.646408,0.006632,0.9995,1.0,0.006812
小号铁钉,12,37,3.594176,3.571819,3.617168,0.012131,0.9995,1.0,0.012617
小号铁钉,12,44,3.697746,3.673594,3.722988,0.013481,0.9995,1.0,0.013358
小号铁钉,12,51,4.053273,4.030975,4.075723,0.011954,0.9995,1.0,0.01104
小号铁钉,12,58,3.558086,3.547554,3.568605,0.005354,0.9995,1.0,0.005916
小号铁钉,12,90,3.793002,3.739217,3.840996,0.026556,0.9995,1.0,0.026833
小号铁钉,13,1,3.512496,3.502185,3.522476,0.005549,0.9995,1.0,0.005777
小号铁钉,13,2,3.40977,3.399677,3.419524,0.005414,0.9995,1.0,0.005821
小号铁钉,13,3,3.312409,3.302278,3.322241,0.005323,0.9995,1.0,0.006027
小号铁钉,13,4,3.346282,3.337343,3.354975,0.004702,0.9995,1.0,0.005269
小号铁钉,13,5,3.389763,3.381485,3.397784,0.00435,0.9995,1.0,0.004808
小号铁钉,13,6,3.385881,3.379881,3.391633,0.003173,0.9995,1.0,0.003471
小号铁钉,13,7,3.406232,3.401808,3.410472,0.002329,0.9995,1.0,0.002543
小号铁钉,13,8,3.385301,3.383563,3.386948,0.00086,0.9995,1.0,0.001
小号铁钉,13,9,3.419223,3.41812,3.420389,0.000556,0.9995,1.0,0.000663
小号铁钉,13,10,3.503161,3.501929,3.504438,0.000661,0.9995,1.0,0.000716
小号铁钉,13,11,3.618975,3.616511,3.621426,0.00129,0.9995,1.0,0.001358
小号铁钉,13,12,3.718535,3.715146,3.721987,0.001792,0.9995,1.0,0.00184
小号铁钉,13,13,3.591367,3.588448,3.594424,0.001587,0.9995,1.0,0.001664
小号铁钉,13,14,3.58509,3.57981,3.590562,0.002842,0.9995,1.0,0.002999
小号铁钉,13,15,3.615616,3.60901,3.622456,0.003517,0.9995,1.0,0.003719
小号铁钉,13,22,3.244988,3.232905,3.257183,0.006298,0.9995,1.0,0.007482
小号铁钉,13,30,3.341539,3.330277,3.35304,0.006099,0.9995,1.0,0.006812
小号铁钉,13,37,3.304076,3.283524,3.325212,0.011152,0.9995,1.0,0.012617
小号铁钉,13,44,3.401926,3.379707,3.425149,0.012403,0.9995,1.0,0.013358
小号铁钉,13,51,3.724629,3.704139,3.745259,0.010985,0.9995,1.0,0.01104
小号铁钉,13,58,3.268168,3.258494,3.27783,0.004918,0.9995,1.0,0.005916
小号铁钉,13,90,3.448183,3.399288,3.491814,0.024142,0.9995,1.0,0.026833
小号铁钉,14,1,2.124074,2.117838,2.130109,0.003356,0.9995,0.996897,0.005777
小号铁钉,14,2,2.06194,2.055837,2.067839,0.003274,0.9995,0.99519,0.005821
小号铁钉,14,3,2.00308,1.996953,2.009025,0.003219,0.9995,0.992839,0.006027
小号铁钉,14,4,2.0236,2.018194,2.028857,0.002844,0.9995,0.993755,0.005269
小号铁钉,14,5,2.049985,2.044979,2.054836,0.002631,0.9995,0.994779,0.004808
小号铁钉,14,6,2.047522,2.043894,2.051,0.001919,0.9995,0.994691,0.003471
小号铁钉,14,7,2.059883,2.057208,2.062447,0.001408,0.9995,0.995123,0.002543
小号铁钉,14,8,2.047238,2.046187,2.048234,0.00052,0.9995,0.994681,0.001
小号铁钉,14,9,2.067676,2.067009,2.068381,0.000336,0.9995,0.995379,0.000663
小号铁钉,14,10,2.118362,2.117617,2.119134,0.0004,0.9995,0.996767,0.000716
小号铁钉,14,11,2.188503,2.187013,2.189985,0.00078,0.9995,0.998068,0.001358
小号铁钉,14,12,2.248681,2.246631,2.250768,0.001084,0.9995,0.99878,0.00184
小号铁钉,14,13,2.171859,2.170093,2.173707,0.00096,0.9995,0.997812,0.001664
小号铁钉,14,14,2.168176,2.164983,2.171485,0.001719,0.9995,0.997751,0.002999
小号铁钉,14,15,2.186287,2.182293,2.190424,0.002126,0.9995,0.998035,0.003719
小号铁钉,14,22,1.96225,1.954943,1.969624,0.003809,0.9995,0.990652,0.007482
小号铁钉,14,30,2.020528,2.013718,2.027482,0.003688,0.9995,0.993625,0.006812
小号铁钉,14,37,1.998624,1.986192,2.01141,0.006746,0.9995,0.99262,0.012617
小号铁钉,14,44,2.056424,2.042992,2.070462,0.007497,0.9995,0.994999,0.013358
小号铁钉,14,51,2.252305,2.239915,2.26478,0.006643,0.9995,0.998812,0.01104
小号铁钉,14,58,1.976715,1.970863,1.982558,0.002974,0.9995,0.991487,0.005916
小号铁钉,14,90,2.06891,2.039573,2.095088,0.014485,0.9995,0.995396,0.026833
小号铁钉,15,1,2.055806,2.049771,2.061647,0.003248,0.9995,0.994983,0.005777
小号铁钉,15,2,1.995649,1.989742,2.001358,0.003168,0.9995,0.992479,0.005821
小号铁钉,15,3,1.938719,1.93279,1.944474,0.003115,0.9995,0.989142,0.006027
小号铁钉,15,4,1.958475,1.953243,1.963562,0.002752,0.9995,0.990425,0.005269
小号铁钉,15,5,1.983941,1.979096,1.988635,0.002546,0.9995,0.991879,0.004808
小号铁钉,15,6,1.981667,1.978155,1.985033,0.001857,0.9995,0.991758,0.003471
小号铁钉,15,7,1.993652,1.991063,1.996134,0.001363,0.9995,0.992381,0.002543
小号铁钉,15,8,1.981419,1.980402,1.982383,0.000504,0.9995,0.991745,0.001
小号铁钉,15,9,2.001095,2.00045,2.001778,0.000325,0.9995,0.992746,0.000663
小号铁钉,15,10,2.050353,2.049632,2.051101,0.000387,0.9995,0.994793,0.000716
小号铁钉,15,11,2.118182,2.11674,2.119616,0.000755,0.9995,0.996763,0.001358
小号铁钉,15,12,2.176273,2.174289,2.178293,0.001049,0.9995,0.997883,0.00184
小号铁钉,15,13,2.102064,2.100355,2.103853,0.000929,0.9995,0.996369,0.001664
小号铁钉,15,14,2.098278,2.095188,2.101481,0.001664,0.9995,0.99627,0.002999
小号铁钉,15,15,2.116183,2.112316,2.120186,0.002058,0.9995,0.996716,0.003719
小号铁钉,15,22,1.899149,1.892077,1.906286,0.003686,0.9995,0.986112,0.007482
小号铁钉,15,30,1.955957,1.949365,1.962689,0.00357,0.9995,0.990268,0.006812
小号铁钉,15,37,1.934467,1.922434,1.946842,0.006529,0.9995,0.988841,0.012617
小号铁钉,15,44,1.989626,1.976631,2.003208,0.007254,0.9995,0.992169,0.013358
小号铁钉,15,51,2.182195,2.17019,2.194281,0.006436,0.9995,0.997972,0.01104
小号铁钉,15,58,1.915217,1.909548,1.920879,0.002882,0.9995,0.987422,0.005916
小号铁钉,15,90,2.06891,2.039573,2.095088,0.014485,0.9995,0.995396,0.026833
小号铁钉,16,1,2.059345,2.053299,2.065196,0.003253,0.9995,0.995104,0.005777
小号铁钉,16,2,1.999112,1.993195,2.004831,0.003174,0.9995,0.992649,0.005821
小号铁钉,16,3,1.942071,1.936131,1.947836,0.003121,0.9995,0.98937,0.006027
小号铁钉,16,4,1.96191,1.956669,1.967006,0.002757,0.9995,0.990633,0.005269
小号铁钉,16,5,1.987473,1.98262,1.992176,0.002551,0.9995,0.992065,0.004808
小号铁钉,16,6,1.985073,1.981555,1.988445,0.00186,0.9995,0.991939,0.003471
小号铁钉,16,7,1.996929,1.994336,1.999415,0.001365,0.9995,0.992543,0.002543
小号铁钉,16,8,1.984855,1.983836,1.985821,0.000504,0.9995,0.991928,0.001
小号铁钉,16,9,2.004579,2.003933,2.005263,0.000326,0.9995,0.992911,0.000663
小号铁钉,16,10,2.053722,2.053,2.054471,0.000388,0.9995,0.994912,0.000716
小号铁钉,16,11,2.121652,2.120207,2.123088,0.000756,0.9995,0.996843,0.001358
小号铁钉,16,12,2.180057,2.17807,2.182081,0.001051,0.9995,0.997942,0.00184
小号铁钉,16,13,2.105656,2.103944,2.107448,0.000931,0.9995,0.99646,0.001664
小号铁钉,16,14,2.102071,2.098975,2.10528,0.001667,0.9995,0.996369,0.002999
小号铁钉,16,15,2.119659,2.115786,2.123669,0.002062,0.9995,0.996797,0.003719
小号铁钉,16,22,1.902445,1.895361,1.909595,0.003692,0.9995,0.98639,0.007482
小号铁钉,16,30,1.958648,1.952046,1.965389,0.003575,0.9995,0.990434,0.006812
小号铁钉,16,37,1.937257,1.925207,1.94965,0.006539,0.9995,0.989035,0.012617
小号铁钉,16,44,1.994397,1.981371,2.008012,0.007271,0.9995,0.99241,0.013358
小号铁钉,16,51,2.186577,2.174548,2.198687,0.006449,0.9995,0.998037,0.01104
小号铁钉,16,58,1.915217,1.909548,1.920879,0.002882,0.9995,0.987422,0.005916
小号铁钉,16,90,2.06891,2.039573,2.095088,0.014485,0.9995,0.995396,0.026833
小号铁钉,17,1,2.329906,2.323066,2.336525,0.003681,0.9995,0.999361,0.005777
小号铁钉,17,2,2.261678,2.254984,2.268148,0.003591,0.9995,0.998897,0.005821
小号铁钉,17,3,2.197099,2.190379,2.203621,0.003531,0.9995,0.998188,0.006027
小号铁钉,17,4,2.21969,2.213761,2.225457,0.003119,0.9995,0.998474,0.005269
小号铁钉,17,5,2.248425,2.242934,2.253745,0.002885,0.9995,0.998777,0.004808
小号铁钉,17,6,2.2459,2.24192,2.249715,0.002104,0.9995,0.998753,0.003471
小号铁钉,17,7,2.259438,2.256504,2.26225,0.001545,0.9995,0.998878,0.002543
小号铁钉,17,8,2.245597,2.244444,2.246689,0.000571,0.9995,0.99875,0.001
小号铁钉,17,9,2.267998,2.267267,2.268772,0.000369,0.9995,0.998951,0.000663
小号铁钉,17,10,2.32365,2.322832,2.324497,0.000439,0.9995,0.999328,0.000716
小号铁钉,17,11,2.400622,2.398987,2.402247,0.000855,0.9995,0.999645,0.001358
小号铁钉,17,12,2.466661,2.464413,2.468951,0.001189,0.9995,0.999799,0.00184
小号铁钉,17,13,2.38227,2.380334,2.384298,0.001053,0.9995,0.999586,0.001664
小号铁钉,17,14,2.378139,2.374637,2.381769,0.001885,0.9995,0.999571,0.002999
小号铁钉,17,15,2.39834,2.393958,2.402878,0.002333,0.9995,0.999638,0.003719
小号铁钉,17,22,2.152495,2.144479,2.160584,0.004178,0.9995,0.997475,0.007482
小号铁钉,17,30,2.216034,2.208565,2.223661,0.004044,0.9995,0.99843,0.006812
小号铁钉,17,37,2.191095,2.177465,2.205111,0.007396,0.9995,0.998102,0.012617
小号铁钉,17,44,2.256818,2.242077,2.272224,0.008228,0.9995,0.998853,0.013358
小号铁钉,17,51,2.471401,2.457805,2.485089,0.007289,0.9995,0.999807,0.01104
小号铁钉,17,58,2.169993,2.16357,2.176408,0.003265,0.9995,0.997781,0.005916
小号铁钉,17,90,2.413728,2.379502,2.44427,0.016899,0.9995,0.999679,0.026833
小号铁钉,18,1,2.823651,2.815361,2.831673,0.004461,0.9995,0.999993,0.005777
小号铁钉,18,2,2.741049,2.732936,2.748891,0.004352,0.9995,0.999985,0.005821
小号铁钉,18,3,2.662772,2.654628,2.670676,0.004279,0.9995,0.999967,0.006027
小号铁钉,18,4,2.690022,2.682836,2.69701,0.00378,0.9995,0.999975,0.005269
小号铁钉,18,5,2.725019,2.718365,2.731467,0.003497,0.9995,0.999982,0.004808
小号铁钉,18,6,2.721811,2.716988,2.726435,0.00255,0.9995,0.999981,0.003471
小号铁钉,18,7,2.738231,2.734676,2.74164,0.001872,0.9995,0.999984,0.002543
小号铁钉,18,8,2.721332,2.719935,2.722656,0.000692,0.9995,0.999981,0.001
小号铁钉,18,9,2.748578,2.747692,2.749516,0.000447,0.9995,0.999986,0.000663
小号铁钉,18,10,2.81592,2.814929,2.816946,0.000532,0.9995,0.999993,0.000716
小号铁钉,18,11,2.909291,2.90731,2.911261,0.001037,0.9995,0.999997,0.001358
小号铁钉,18,12,2.989158,2.986434,2.991933,0.00144,0.9995,0.999999,0.00184
小号铁钉,18,13,2.887002,2.884655,2.889459,0.001276,0.9995,0.999997,0.001664
小号铁钉,18,14,2.882051,2.877807,2.88645,0.002285,0.9995,0.999996,0.002999
小号铁钉,18,15,2.906456,2.901146,2.911955,0.002827,0.9995,0.999997,0.003719
小号铁钉,18,22,2.608328,2.598615,2.61813,0.005063,0.9995,0.999944,0.007482
小号铁钉,18,30,2.685966,2.676913,2.69521,0.004902,0.9995,0.999974,0.006812
小号铁钉,18,37,2.655534,2.639016,2.672522,0.008963,0.9995,0.999964,0.012617
小号铁钉,18,44,2.733946,2.71609,2.752609,0.009968,0.9995,0.999983,0.013358
小号铁钉,18,51,2.997231,2.980743,3.013832,0.00884,0.9995,0.999999,0.01104
小号铁钉,18,58,2.626834,2.619059,2.6346,0.003953,0.9995,0.999953,0.005916
小号铁钉,18,90,2.758547,2.719431,2.793451,0.019314,0.9995,0.999987,0.026833
小号铁钉,19,1,2.615764,2.608085,2.623196,0.004132,0.9995,0.999948,0.005777
小号铁钉,19,2,2.539332,2.531816,2.546597,0.004032,0.9995,0.999895,0.005821
小号铁钉,19,3,2.466742,2.459197,2.474064,0.003964,0.9995,0.999799,0.006027
小号铁钉,19,4,2.492071,2.485414,2.498544,0.003502,0.9995,0.99984,0.005269
小号铁钉,19,5,2.524429,2.518264,2.530402,0.00324,0.9995,0.99988,0.004808
小号铁钉,19,6,2.521487,2.517019,2.52577,0.002363,0.9995,0.999877,0.003471
小号铁钉,19,7,2.536607,2.533313,2.539764,0.001734,0.9995,0.999892,0.002543
小号铁钉,19,8,2.521165,2.519871,2.522392,0.000641,0.9995,0.999876,0.001
小号铁钉,19,9,2.54632,2.545499,2.547189,0.000414,0.9995,0.999902,0.000663
小号铁钉,19,10,2.608737,2.607819,2.609688,0.000492,0.9995,0.999945,0.000716
小号铁钉,19,11,2.69509,2.693255,2.696915,0.00096,0.9995,0.999976,0.001358
小号铁钉,19,12,2.76916,2.766636,2.77173,0.001334,0.9995,0.999988,0.00184
小号铁钉,19,13,2.674537,2.672363,2.676813,0.001182,0.9995,0.99997,0.001664
小号铁钉,19,14,2.66992,2.665988,2.673996,0.002117,0.9995,0.999969,0.002999
小号铁钉,19,15,2.692665,2.687745,2.697759,0.002619,0.9995,0.999975,0.003719
小号铁钉,19,22,2.416671,2.407672,2.425753,0.004691,0.9995,0.99969,0.007482
小号铁钉,19,30,2.488666,2.480279,2.497232,0.004542,0.9995,0.999835,0.006812
小号铁钉,19,37,2.460274,2.444971,2.476013,0.008304,0.9995,0.999787,0.012617
小号铁钉,19,44,2.533552,2.517004,2.550847,0.009237,0.9995,0.999889,0.013358
小号铁钉,19,51,2.773753,2.758494,2.789116,0.008181,0.9995,0.999989,0.01104
小号铁钉,19,58,2.433555,2.426352,2.440749,0.003662,0.9995,0.999732,0.005916
小号铁钉,19,90,2.586137,2.549466,2.618861,0.018106,0.9995,0.999931,0.026833
小号铁钉,20,1,2.300795,2.29404,2.307331,0.003635,0.9995,0.999191,0.005777
小号铁钉,20,2,2.233479,2.226869,2.239869,0.003546,0.9995,0.998627,0.005821
小号铁钉,20,3,2.169612,2.162976,2.176052,0.003487,0.9995,0.997775,0.006027
小号铁钉,20,4,2.191923,2.186068,2.197617,0.00308,0.9995,0.998116,0.005269
小号铁钉,20,5,2.220318,2.214896,2.225571,0.002849,0.9995,0.998481,0.004808
小号铁钉,20,6,2.217838,2.213908,2.221606,0.002078,0.9995,0.998452,0.003471
小号铁钉,20,7,2.231152,2.228254,2.233929,0.001525,0.9995,0.998603,0.002543
小号铁钉,20,8,2.217389,2.21625,2.218467,0.000564,0.9995,0.998447,0.001
小号铁钉,20,9,2.239546,2.238824,2.24031,0.000364,0.9995,0.99869,0.000663
小号铁钉,20,10,2.294594,2.293786,2.29543,0.000433,0.9995,0.999151,0.000716
小号铁钉,20,11,2.37055,2.368936,2.372155,0.000845,0.9995,0.999543,0.001358
小号铁钉,20,12,2.435629,2.433409,2.43789,0.001174,0.9995,0.999737,0.00184
小号铁钉,20,13,2.352505,2.350592,2.354507,0.00104,0.9995,0.999469,0.001664
小号铁钉,20,14,2.348338,2.344879,2.351922,0.001862,0.9995,0.999451,0.002999
小号铁钉,20,15,2.368213,2.363886,2.372693,0.002303,0.9995,0.999534,0.003719
小号铁钉,20,22,2.125182,2.117269,2.133169,0.004125,0.9995,0.996921,0.007482
小号铁钉,20,30,2.188233,2.180858,2.195764,0.003994,0.9995,0.998063,0.006812
小号铁钉,20,37,2.164595,2.151131,2.178442,0.007306,0.9995,0.997688,0.012617
小号铁钉,20,44,2.22819,2.213637,2.243401,0.008124,0.9995,0.998568,0.013358
小号铁钉,20,51,2.440728,2.427301,2.454246,0.007198,0.9995,0.999748,0.01104
小号铁钉,20,58,2.143637,2.137292,2.149974,0.003225,0.9995,0.997307,0.005916
小号铁钉,20,90,2.241319,2.209537,2.269679,0.015692,0.9995,0.998699,0.026833
小号铁夹,1,1,2.81372,2.805083,2.822325,0.004458,0.9995,0.999993,0.006128
小号铁夹,1,2,2.726234,2.717723,2.734575,0.004341,0.9995,0.999982,0.006181
小号铁夹,1,3,2.643325,2.635071,2.651418,0.004261,0.9995,0.99996,0.006184
小号铁夹,1,4,2.674097,2.66668,2.681336,0.003781,0.9995,0.99997,0.005481
小号铁夹,1,5,2.711997,2.705103,2.718689,0.003501,0.9995,0.99998,0.005009
小号铁夹,1,6,2.7125,2.707568,2.717418,0.002558,0.9995,0.99998,0.003631
小号铁夹,1,7,2.732378,2.728738,2.73607,0.001892,0.9995,0.999983,0.002683
小号铁夹,1,8,2.719745,2.718323,2.721329,0.000756,0.9995,0.999981,0.001105
小号铁夹,1,9,2.750132,2.749196,2.751131,0.000478,0.9995,0.999986,0.000704
小号铁夹,1,10,2.820602,2.819629,2.821718,0.000535,0.9995,0.999993,0.000741
小号铁夹,1,11,2.916793,2.9148,2.918826,0.001054,0.9995,0.999997,0.00138
小号铁夹,1,12,3.000303,2.997531,3.003137,0.001456,0.9995,0.999999,0.001868
小号铁夹,1,13,2.902118,2.8998,2.904585,0.001286,0.9995,0.999997,0.001649
小号铁夹,1,14,2.901127,2.896872,2.9055,0.002299,0.9995,0.999997,0.002974
小号铁夹,1,15,2.929029,2.923551,2.934367,0.002852,0.9995,0.999998,0.003693
小号铁夹,1,22,2.620743,2.610731,2.630541,0.005115,0.9995,0.999951,0.007559
小号铁夹,1,30,2.699529,2.690058,2.708805,0.004918,0.9995,0.999977,0.006944
小号铁夹,1,37,2.683992,2.666685,2.702004,0.009102,0.9995,0.999973,0.013159
小号铁夹,1,44,2.770528,2.751044,2.790149,0.01015,0.9995,0.999988,0.014115
小号铁夹,1,51,3.039147,3.02113,3.056229,0.009085,0.9995,0.999999,0.011549
小号铁夹,1,58,2.621101,2.611933,2.630114,0.004423,0.9995,0.999951,0.006937
小号铁夹,1,90,2.824398,2.78515,2.863402,0.020908,0.9995,0.999993,0.027706
小号铁夹,2,1,2.033612,2.02737,2.039831,0.003222,0.9995,0.994163,0.006128
小号铁夹,2,2,1.970448,1.964296,1.976476,0.003138,0.9995,0.991134,0.006181
小号铁夹,2,3,1.910574,1.904608,1.916424,0.00308,0.9995,0.987056,0.006184
小号铁夹,2,4,1.932746,1.927385,1.937978,0.002732,0.9995,0.988726,0.005481
小号铁夹,2,5,1.96024,1.955257,1.965077,0.00253,0.9995,0.990533,0.005009
小号铁夹,2,6,1.960579,1.957014,1.964133,0.001849,0.9995,0.990554,0.003631
小号铁夹,2,7,1.974903,1.972272,1.977571,0.001368,0.9995,0.991388,0.002683
小号铁夹,2,8,1.965641,1.964614,1.966786,0.000547,0.9995,0.990857,0.001105
小号铁夹,2,9,1.987781,1.987104,1.988503,0.000346,0.9995,0.992082,0.000704
小号铁夹,2,10,2.038748,2.038045,2.039555,0.000386,0.9995,0.994364,0.000741
小号铁夹,2,11,2.108283,2.106842,2.109752,0.000762,0.9995,0.996526,0.00138
小号铁夹,2,12,2.168449,2.166446,2.170497,0.001053,0.9995,0.997756,0.001868
小号铁夹,2,13,2.097586,2.095911,2.09937,0.00093,0.9995,0.996252,0.001649
小号铁夹,2,14,2.096809,2.093733,2.099969,0.001662,0.9995,0.996231,0.002974
小号铁夹,2,15,2.117057,2.113098,2.120916,0.002061,0.9995,0.996737,0.003693
小号铁夹,2,22,1.894313,1.887077,1.901395,0.003698,0.9995,0.985696,0.007559
小号铁夹,2,30,1.951023,1.944178,1.957727,0.003555,0.9995,0.989957,0.006944
小号铁夹,2,37,1.940808,1.928293,1.953833,0.006581,0.9995,0.989278,0.013159
小号铁夹,2,44,2.000455,1.986386,2.014622,0.007329,0.9995,0.992707,0.014115
小号铁夹,2,51,2.199816,2.186775,2.21218,0.006576,0.9995,0.998223,0.011549
小号铁夹,2,58,1.894908,1.888281,1.901425,0.003197,0.9995,0.985749,0.006937
小号铁夹,2,90,2.054108,2.025564,2.082474,0.015206,0.9995,0.994899,0.027706
小号铁夹,3,1,2.285754,2.278738,2.292745,0.003622,0.9995,0.999088,0.006128
小号铁夹,3,2,2.2147,2.207786,2.221475,0.003527,0.9995,0.998414,0.006181
小号铁夹,3,3,2.147414,2.140708,2.153988,0.003461,0.9995,0.99738,0.006184
小号铁夹,3,4,2.172304,2.166279,2.178185,0.003071,0.9995,0.997819,0.005481
小号铁夹,3,5,2.203253,2.197652,2.208689,0.002844,0.9995,0.998271,0.005009
小号铁夹,3,6,2.203574,2.199567,2.207569,0.002078,0.9995,0.998275,0.003631
小号铁夹,3,7,2.219702,2.216745,2.222701,0.001537,0.9995,0.998474,0.002683
小号铁夹,3,8,2.209407,2.208252,2.210694,0.000614,0.9995,0.99835,0.001105
小号铁夹,3,9,2.234194,2.233433,2.235005,0.000388,0.9995,0.998635,0.000704
小号铁夹,3,10,2.291313,2.290523,2.29222,0.000434,0.9995,0.999128,0.000741
小号铁夹,3,11,2.369546,2.367927,2.371197,0.000856,0.9995,0.999539,0.00138
小号铁夹,3,12,2.437414,2.435163,2.439716,0.001183,0.9995,0.999741,0.001868
小号铁夹,3,13,2.357716,2.355833,2.359721,0.001045,0.9995,0.999492,0.001649
小号铁夹,3,14,2.356572,2.353116,2.360125,0.001868,0.9995,0.999487,0.002974
小号铁夹,3,15,2.379372,2.374922,2.383709,0.002317,0.9995,0.999576,0.003693
小号铁夹,3,22,2.12903,2.120897,2.136989,0.004156,0.9995,0.997005,0.007559
小号铁夹,3,30,2.193367,2.185672,2.200904,0.003996,0.9995,0.998136,0.006944
小号铁夹,3,37,2.180333,2.166274,2.194965,0.007394,0.9995,0.997943,0.013159
小号铁夹,3,44,2.249426,2.233606,2.265356,0.008241,0.9995,0.998785,0.014115
小号铁夹,3,51,2.468621,2.453987,2.482496,0.007379,0.9995,0.999802,0.011549
小号铁夹,3,58,2.13319,2.125729,2.140526,0.0036,0.9995,0.997094,0.006937
小号铁夹,3,90,2.310871,2.278759,2.342783,0.017106,0.9995,0.999248,0.027706
小号铁夹,4,1,2.408279,2.400887,2.415644,0.003816,0.9995,0.999667,0.006128
小号铁夹,4,2,2.333464,2.32618,2.340603,0.003716,0.9995,0.999379,0.006181
小号铁夹,4,3,2.262512,2.255446,2.269439,0.003647,0.9995,0.998905,0.006184
小号铁夹,4,4,2.288739,2.282391,2.294936,0.003236,0.9995,0.99911,0.005481
小号铁夹,4,5,2.321391,2.31549,2.327118,0.002996,0.9995,0.999315,0.005009
小号铁夹,4,6,2.321747,2.317526,2.325956,0.002189,0.9995,0.999317,0.003631
小号铁夹,4,7,2.338818,2.335702,2.341978,0.00162,0.9995,0.999406,0.002683
小号铁夹,4,8,2.327925,2.326708,2.329281,0.000647,0.9995,0.999351,0.001105
小号铁夹,4,9,2.353983,2.353181,2.354838,0.000409,0.9995,0.999476,0.000704
小号铁夹,4,10,2.414302,2.413469,2.415257,0.000458,0.9995,0.999684,0.000741
小号铁夹,4,11,2.496542,2.494836,2.498282,0.000902,0.9995,0.999846,0.00138
小号铁夹,4,12,2.568047,2.565675,2.570472,0.001246,0.9995,0.999919,0.001868
小号铁夹,4,13,2.484119,2.482135,2.486231,0.001101,0.9995,0.999828,0.001649
小号铁夹,4,14,2.483146,2.479504,2.486889,0.001968,0.9995,0.999826,0.002974
小号铁夹,4,15,2.506977,2.502288,2.511546,0.002441,0.9995,0.99986,0.003693
小号铁夹,4,22,2.24302,2.234452,2.251406,0.004378,0.9995,0.998724,0.007559
小号铁夹,4,30,2.310961,2.302853,2.318901,0.00421,0.9995,0.999255,0.006944
小号铁夹,4,37,2.298455,2.283634,2.31388,0.007794,0.9995,0.999175,0.013159
小号铁夹,4,44,2.371017,2.354342,2.387808,0.008686,0.9995,0.999544,0.014115
小号铁夹,4,51,2.600281,2.584866,2.614896,0.007773,0.9995,0.99994,0.011549
小号铁夹,4,58,2.246658,2.2388,2.254384,0.003791,0.9995,0.99876,0.006937
小号铁夹,4,90,2.310871,2.278759,2.342783,0.017106,0.9995,0.999248,0.027706
小号铁夹,5,1,2.55643,2.548583,2.564248,0.004051,0.9995,0.99991,0.006128
小号铁夹,5,2,2.477003,2.46927,2.484581,0.003944,0.9995,0.999817,0.006181
小号铁夹,5,3,2.401606,2.394106,2.408959,0.003871,0.9995,0.999648,0.006184
小号铁夹,5,4,2.429596,2.422857,2.436174,0.003435,0.9995,0.999723,0.005481
小号铁夹,5,5,2.464128,2.457863,2.470207,0.003181,0.9995,0.999795,0.005009
小号铁夹,5,6,2.464519,2.460038,2.468987,0.002324,0.9995,0.999795,0.003631
小号铁夹,5,7,2.482608,2.479301,2.485963,0.001719,0.9995,0.999826,0.002683
小号铁夹,5,8,2.471119,2.469827,2.472558,0.000687,0.9995,0.999807,0.001105
小号铁夹,5,9,2.498695,2.497844,2.499602,0.000434,0.9995,0.999849,0.000704
小号铁夹,5,10,2.562766,2.561882,2.56378,0.000486,0.9995,0.999915,0.000741
小号铁夹,5,11,2.650198,2.648387,2.652045,0.000958,0.9995,0.999963,0.00138
小号铁夹,5,12,2.726027,2.723509,2.728602,0.001323,0.9995,0.999982,0.001868
小号铁夹,5,13,2.636834,2.634728,2.639076,0.001169,0.9995,0.999958,0.001649
小号铁夹,5,14,2.635897,2.632031,2.639871,0.002089,0.9995,0.999957,0.002974
小号铁夹,5,15,2.661152,2.656175,2.666002,0.002591,0.9995,0.999966,0.003693
小号铁夹,5,22,2.380845,2.37175,2.389746,0.004647,0.9995,0.999581,0.007559
小号铁夹,5,30,2.453095,2.444488,2.461524,0.004469,0.9995,0.999774,0.006944
小号铁夹,5,37,2.439545,2.423814,2.455917,0.008273,0.9995,0.999745,0.013159
小号铁夹,5,44,2.515767,2.498074,2.533584,0.009216,0.9995,0.99987,0.014115
小号铁夹,5,51,2.75937,2.743012,2.774879,0.008248,0.9995,0.999987,0.011549
小号铁夹,5,58,2.382819,2.374484,2.391013,0.004021,0.9995,0.999588,0.006937
小号铁夹,5,90,2.567635,2.531954,2.603092,0.019007,0.9995,0.999918,0.027706
小号铁夹,6,1,3.099954,3.090439,3.109435,0.004912,0.9995,1.0,0.006128
小号铁夹,6,2,3.003476,2.9941,3.012665,0.004783,0.9995,0.999999,0.006181
小号铁夹,6,3,2.912294,2.9032,2.921211,0.004694,0.9995,0.999997,0.006184
小号铁夹,6,4,2.946071,2.937899,2.954047,0.004165,0.9995,0.999998,0.005481
小号铁夹,6,5,2.987913,2.980318,2.995285,0.003857,0.9995,0.999999,0.005009
小号铁夹,6,6,2.988404,2.98297,2.993822,0.002818,0.9995,0.999999,0.003631
小号铁夹,6,7,3.010373,3.006363,3.014441,0.002085,0.9995,0.999999,0.002683
小号铁夹,6,8,2.996411,2.994845,2.998156,0.000833,0.9995,0.999999,0.001105
小号铁夹,6,9,3.029909,3.028877,3.031009,0.000527,0.9995,0.999999,0.000704
小号铁夹,6,10,3.107428,3.106356,3.108657,0.000589,0.9995,1.0,0.000741
小号铁夹,6,11,3.213441,3.211245,3.21568,0.001161,0.9995,1.0,0.00138
小号铁夹,6,12,3.305643,3.30259,3.308766,0.001604,0.9995,1.0,0.001868
小号铁夹,6,13,3.19751,3.194957,3.200229,0.001417,0.9995,1.0,0.001649
小号铁夹,6,14,3.195986,3.191298,3.200804,0.002533,0.9995,1.0,0.002974
小号铁夹,6,15,3.226875,3.22084,3.232756,0.003142,0.9995,1.0,0.003693
小号铁夹,6,22,2.887066,2.876037,2.89786,0.005635,0.9995,0.999997,0.007559
小号铁夹,6,30,2.974595,2.964159,2.984816,0.005419,0.9995,0.999999,0.006944
小号铁夹,6,37,2.957969,2.938895,2.97782,0.010031,0.9995,0.999998,0.013159
小号铁夹,6,44,3.051345,3.029885,3.072954,0.011179,0.9995,0.999999,0.014115
小号铁夹,6,51,3.346353,3.326515,3.365161,0.010003,0.9995,1.0,0.011549
小号铁夹,6,58,2.882076,2.871996,2.891987,0.004863,0.9995,0.999996,0.006937
小号铁夹,6,90,3.081161,3.038345,3.123711,0.022808,0.9995,1.0,0.027706
小号铁夹,7,1,2.133027,2.12648,2.139551,0.00338,0.9995,0.997091,0.006128
小号铁夹,7,2,2.06668,2.060228,2.073002,0.003291,0.9995,0.995346,0.006181
小号铁夹,7,3,2.003846,1.997588,2.009981,0.00323,0.9995,0.992875,0.006184
小号铁夹,7,4,2.027231,2.021609,2.03272,0.002866,0.9995,0.993906,0.005481
小号铁夹,7,5,2.055973,2.050746,2.061045,0.002654,0.9995,0.994989,0.005009
小号铁夹,7,6,2.056314,2.052576,2.060042,0.001939,0.9995,0.995001,0.003631
小号铁夹,7,7,2.071474,2.068714,2.074272,0.001435,0.9995,0.995499,0.002683
小号铁夹,7,8,2.061727,2.060649,2.062928,0.000573,0.9995,0.995185,0.001105
小号铁夹,7,9,2.084859,2.084149,2.085616,0.000362,0.9995,0.9959,0.000704
小号铁夹,7,10,2.138237,2.1375,2.139083,0.000405,0.9995,0.997199,0.000741
小号铁夹,7,11,2.211286,2.209774,2.212826,0.000799,0.9995,0.998373,0.00138
小号铁夹,7,12,2.274654,2.272553,2.276803,0.001104,0.9995,0.999005,0.001868
小号铁夹,7,13,2.200119,2.198362,2.20199,0.000975,0.9995,0.998229,0.001649
小号铁夹,7,14,2.199218,2.195992,2.202533,0.001743,0.9995,0.998217,0.002974
小号铁夹,7,15,2.220562,2.216409,2.224609,0.002162,0.9995,0.998484,0.003693
小号铁夹,7,22,1.986542,1.978953,1.993969,0.003878,0.9995,0.992015,0.007559
小号铁夹,7,30,2.047143,2.039961,2.054177,0.00373,0.9995,0.994676,0.006944
小号铁夹,7,37,2.035962,2.022834,2.049625,0.006904,0.9995,0.994251,0.013159
小号铁夹,7,44,2.098885,2.084124,2.113749,0.007689,0.9995,0.996281,0.014115
小号铁夹,7,51,2.304046,2.290388,2.316996,0.006887,0.9995,0.999211,0.011549
小号铁夹,7,58,1.985682,1.978737,1.992511,0.003351,0.9995,0.99197,0.006937
小号铁夹,7,90,2.054108,2.025564,2.082474,0.015206,0.9995,0.994899,0.027706
小号铁夹,8,1,2.652527,2.644386,2.66064,0.004203,0.9995,0.999964,0.006128
小号铁夹,8,2,2.569998,2.561974,2.57786,0.004092,0.9995,0.999921,0.006181
小号铁夹,8,3,2.491895,2.484113,2.499524,0.004017,0.9995,0.999839,0.006184
小号铁夹,8,4,2.520884,2.513892,2.527709,0.003564,0.9995,0.999876,0.005481
小号铁夹,8,5,2.556726,2.550227,2.563035,0.0033,0.9995,0.99991,0.005009
小号铁夹,8,6,2.557096,2.552447,2.561732,0.002411,0.9995,0.999911,0.003631
小号铁夹,8,7,2.575984,2.572552,2.579464,0.001784,0.9995,0.999925,0.002683
小号铁夹,8,8,2.563839,2.562499,2.565332,0.000713,0.9995,0.999916,0.001105
小号铁夹,8,9,2.592557,2.591674,2.593498,0.000451,0.9995,0.999936,0.000704
小号铁夹,8,10,2.65896,2.658043,2.660012,0.000504,0.9995,0.999966,0.000741
小号铁夹,8,11,2.749808,2.747928,2.751724,0.000994,0.9995,0.999986,0.00138
小号铁夹,8,12,2.828515,2.825903,2.831187,0.001373,0.9995,0.999994,0.001868
小号铁夹,8,13,2.735841,2.733656,2.738166,0.001212,0.9995,0.999984,0.001649
小号铁夹,8,14,2.734855,2.730844,2.738978,0.002168,0.9995,0.999984,0.002974
小号铁夹,8,15,2.761258,2.756094,2.766291,0.002688,0.9995,0.999987,0.003693
小号铁夹,8,22,2.470483,2.461045,2.479719,0.004822,0.9995,0.999806,0.007559
小号铁夹,8,30,2.545124,2.536195,2.553869,0.004637,0.9995,0.9999,0.006944
小号铁夹,8,37,2.531418,2.515094,2.548406,0.008584,0.9995,0.999887,0.013159
小号铁夹,8,44,2.611303,2.592938,2.629796,0.009566,0.9995,0.999946,0.014115
小号铁夹,8,51,2.863601,2.846625,2.879695,0.00856,0.9995,0.999996,0.011549
小号铁夹,8,58,2.473593,2.464941,2.482099,0.004174,0.9995,0.999811,0.006937
小号铁夹,8,90,2.567635,2.531954,2.603092,0.019007,0.9995,0.999918,0.027706
小号铁夹,9,1,2.781573,2.773035,2.79008,0.004407,0.9995,0.99999,0.006128
小号铁夹,9,2,2.695112,2.686698,2.703357,0.004292,0.9995,0.999976,0.006181
小号铁夹,9,3,2.613229,2.605068,2.62123,0.004212,0.9995,0.999947,0.006184
小号铁夹,9,4,2.64357,2.636238,2.650727,0.003737,0.9995,0.99996,0.005481
小号铁夹,9,5,2.681131,2.674315,2.687746,0.003461,0.9995,0.999972,0.005009
小号铁夹,9,6,2.681585,2.67671,2.686447,0.002529,0.9995,0.999972,0.003631
小号铁夹,9,7,2.701312,2.697714,2.704962,0.001871,0.9995,0.999977,0.002683
小号铁夹,9,8,2.688713,2.687308,2.690279,0.000748,0.9995,0.999974,0.001105
小号铁夹,9,9,2.718778,2.717852,2.719765,0.000473,0.9995,0.999981,0.000704
小号铁夹,9,10,2.788317,2.787356,2.789421,0.000528,0.9995,0.99999,0.000741
小号铁夹,9,11,2.88359,2.881619,2.885599,0.001042,0.9995,0.999996,0.00138
小号铁夹,9,12,2.966051,2.963312,2.968853,0.00144,0.9995,0.999999,0.001868
小号铁夹,9,13,2.869025,2.866734,2.871464,0.001272,0.9995,0.999996,0.001649
小号铁夹,9,14,2.868045,2.863838,2.872369,0.002273,0.9995,0.999996,0.002974
小号铁夹,9,15,2.89566,2.890244,2.900937,0.002819,0.9995,0.999997,0.003693
小号铁夹,9,22,2.590691,2.580794,2.600376,0.005057,0.9995,0.999935,0.007559
小号铁夹,9,30,2.668853,2.659489,2.678023,0.004862,0.9995,0.999969,0.006944
小号铁夹,9,37,2.654461,2.637345,2.672275,0.009001,0.9995,0.999964,0.013159
小号铁夹,9,44,2.738683,2.719423,2.758079,0.010033,0.9995,0.999984,0.014115
小号铁夹,9,51,3.006232,2.988411,3.023129,0.008986,0.9995,0.999999,0.011549
小号铁夹,9,58,2.58706,2.578012,2.595957,0.004365,0.9995,0.999932,0.006937
小号铁夹,9,90,2.824398,2.78515,2.863402,0.020908,0.9995,0.999993,0.027706
小号铁夹,10,1,1.87997,1.8742,1.885719,0.002979,0.9995,0.984397,0.006128
小号铁夹,10,2,1.821556,1.81587,1.827129,0.002901,0.9995,0.977993,0.006181
小号铁夹,10,3,1.766193,1.760678,1.771601,0.002847,0.9995,0.969973,0.006184
小号铁夹,10,4,1.786656,1.7817,1.791493,0.002526,0.9995,0.973185,0.005481
小号铁夹,10,5,1.812176,1.80757,1.816648,0.002339,0.9995,0.97678,0.005009
小号铁夹,10,6,1.812488,1.809193,1.815774,0.001709,0.9995,0.976822,0.003631
小号铁夹,10,7,1.825787,1.823355,1.828254,0.001264,0.9995,0.978524,0.002683
小号铁夹,10,8,1.817213,1.816264,1.818272,0.000505,0.9995,0.97744,0.001105
小号铁夹,10,9,1.837441,1.836816,1.838108,0.000319,0.9995,0.979927,0.000704
小号铁夹,10,10,1.884574,1.883924,1.88532,0.000357,0.9995,0.984827,0.000741
小号铁夹,10,11,1.948811,1.947479,1.950169,0.000704,0.9995,0.989816,0.00138
小号铁夹,10,12,2.004627,2.002775,2.00652,0.000973,0.9995,0.992913,0.001868
小号铁夹,10,13,1.939176,1.937627,1.940824,0.000859,0.9995,0.989175,0.001649
小号铁夹,10,14,1.938304,1.935461,1.941226,0.001536,0.9995,0.989115,0.002974
小号铁夹,10,15,1.957011,1.953351,1.960578,0.001905,0.9995,0.990335,0.003693
小号铁夹,10,22,1.750789,1.744101,1.757334,0.003417,0.9995,0.967347,0.007559
小号铁夹,10,30,1.803776,1.797448,1.809974,0.003286,0.9995,0.975643,0.006944
小号铁夹,10,37,1.793156,1.781593,1.80519,0.006081,0.9995,0.974132,0.013159
小号铁夹,10,44,1.849914,1.836904,1.863015,0.006777,0.9995,0.981328,0.014115
小号铁夹,10,51,2.029755,2.017722,2.041163,0.006067,0.9995,0.994005,0.011549
小号铁夹,10,58,1.7474,1.741289,1.75341,0.002949,0.9995,0.966746,0.006937
小号铁夹,10,90,1.797344,1.772368,1.822165,0.013305,0.9995,0.974685,0.027706
小号铁夹,11,1,2.806627,2.798012,2.815211,0.004447,0.9995,0.999992,0.006128
小号铁夹,11,2,2.719263,2.710774,2.727582,0.00433,0.9995,0.999981,0.006181
小号铁夹,11,3,2.636682,2.628449,2.644755,0.00425,0.9995,0.999958,0.006184
小号铁夹,11,4,2.667264,2.659867,2.674486,0.003771,0.9995,0.999968,0.005481
小号铁夹,11,5,2.70526,2.698383,2.711935,0.003492,0.9995,0.999978,0.005009
小号铁夹,11,6,2.705685,2.700766,2.710591,0.002551,0.9995,0.999978,0.003631
小号铁夹,11,7,2.725455,2.721824,2.729137,0.001887,0.9995,0.999982,0.002683
小号铁夹,11,8,2.712828,2.71141,2.714408,0.000754,0.9995,0.99998,0.001105
小号铁夹,11,9,2.743098,2.742163,2.744094,0.000477,0.9995,0.999985,0.000704
小号铁夹,11,10,2.813574,2.812604,2.814687,0.000533,0.9995,0.999993,0.000741
小号铁夹,11,11,2.909523,2.907534,2.91155,0.001052,0.9995,0.999997,0.00138
小号铁夹,11,12,2.992868,2.990104,2.995695,0.001453,0.9995,0.999999,0.001868
小号铁夹,11,13,2.894794,2.892482,2.897255,0.001283,0.9995,0.999997,0.001649
小号铁夹,11,14,2.893648,2.889403,2.89801,0.002293,0.9995,0.999997,0.002974
小号铁夹,11,15,2.921613,2.916149,2.926938,0.002845,0.9995,0.999998,0.003693
小号铁夹,11,22,2.614007,2.604021,2.62378,0.005102,0.9995,0.999947,0.007559
小号铁夹,11,30,2.693394,2.683944,2.702649,0.004907,0.9995,0.999975,0.006944
小号铁夹,11,37,2.677429,2.660165,2.695397,0.009079,0.9995,0.999971,0.013159
小号铁夹,11,44,2.761843,2.74242,2.781403,0.010118,0.9995,0.999987,0.014115
小号铁夹,11,51,3.033661,3.015677,3.050712,0.009068,0.9995,0.999999,0.011549
小号铁夹,11,58,2.609754,2.600626,2.618729,0.004404,0.9995,0.999945,0.006937
小号铁夹,11,90,2.824398,2.78515,2.863402,0.020908,0.9995,0.999993,0.027706
小号铁夹,12,1,2.084864,2.078465,2.09124,0.003303,0.9995,0.9959,0.006128
小号铁夹,12,2,2.02012,2.013813,2.0263,0.003217,0.9995,0.993608,0.006181
小号铁夹,12,3,1.958702,1.952585,1.964698,0.003157,0.9995,0.990438,0.006184
小号铁夹,12,4,1.981442,1.975946,1.986807,0.002801,0.9995,0.991745,0.005481
小号铁夹,12,5,2.009595,2.004486,2.014553,0.002594,0.9995,0.993143,0.005009
小号铁夹,12,6,2.009942,2.006288,2.013586,0.001895,0.9995,0.993159,0.003631
小号铁夹,12,7,2.024786,2.022089,2.027522,0.001402,0.9995,0.993806,0.002683
小号铁夹,12,8,2.01518,2.014126,2.016353,0.00056,0.9995,0.993394,0.001105
小号铁夹,12,9,2.037827,2.037133,2.038567,0.000354,0.9995,0.994329,0.000704
小号铁夹,12,10,2.08992,2.0892,2.090747,0.000396,0.9995,0.996044,0.000741
小号铁夹,12,11,2.16136,2.159882,2.162866,0.000781,0.9995,0.997635,0.00138
小号铁夹,12,12,2.223144,2.221091,2.225244,0.001079,0.9995,0.998514,0.001868
小号铁夹,12,13,2.15048,2.148763,2.152308,0.000953,0.9995,0.997439,0.001649
小号铁夹,12,14,2.149739,2.146586,2.15298,0.001704,0.9995,0.997425,0.002974
小号铁夹,12,15,2.1702,2.166141,2.174155,0.002113,0.9995,0.997785,0.003693
小号铁夹,12,22,1.941982,1.934563,1.949242,0.003791,0.9995,0.989363,0.007559
小号铁夹,12,30,2.001128,1.994107,2.008004,0.003646,0.9995,0.992746,0.006944
小号铁夹,12,37,1.990026,1.977194,2.003381,0.006748,0.9995,0.99219,0.013159
小号铁夹,12,44,2.052565,2.03813,2.067101,0.00752,0.9995,0.994865,0.014115
小号铁夹,12,51,2.254674,2.241308,2.267346,0.00674,0.9995,0.998834,0.011549
小号铁夹,12,58,1.940295,1.933509,1.946968,0.003274,0.9995,0.989249,0.006937
小号铁夹,12,90,2.054108,2.025564,2.082474,0.015206,0.9995,0.994899,0.027706
小号铁夹,13,1,1.910744,1.904879,1.916588,0.003028,0.9995,0.987069,0.006128
小号铁夹,13,2,1.85131,1.84553,1.856974,0.002948,0.9995,0.981491,0.006181
小号铁夹,13,3,1.79507,1.789464,1.800566,0.002893,0.9995,0.974418,0.006184
小号铁夹,13,4,1.815874,1.810837,1.82079,0.002567,0.9995,0.977264,0.005481
小号铁夹,13,5,1.841789,1.837107,1.846334,0.002377,0.9995,0.980428,0.005009
小号铁夹,13,6,1.842073,1.838724,1.845413,0.001737,0.9995,0.980462,0.003631
小号铁夹,13,7,1.85561,1.853138,1.858117,0.001285,0.9995,0.981957,0.002683
小号铁夹,13,8,1.846936,1.845971,1.848012,0.000514,0.9995,0.981011,0.001105
小号铁夹,13,9,1.86759,1.866954,1.868268,0.000325,0.9995,0.983197,0.000704
小号铁夹,13,10,1.915321,1.914661,1.916079,0.000363,0.9995,0.987432,0.000741
小号铁夹,13,11,1.980802,1.979448,1.982182,0.000716,0.9995,0.991712,0.00138
小号铁夹,13,12,2.037551,2.035669,2.039475,0.000989,0.9995,0.994318,0.001868
小号铁夹,13,13,1.970912,1.969338,1.972587,0.000873,0.9995,0.991162,0.001649
小号铁夹,13,14,1.969947,1.967058,1.972917,0.001561,0.9995,0.991107,0.002974
小号铁夹,13,15,1.989144,1.985424,1.992769,0.001937,0.9995,0.992151,0.003693
小号铁夹,13,22,1.779805,1.773006,1.786459,0.003474,0.9995,0.972142,0.007559
小号铁夹,13,30,1.83343,1.826998,1.83973,0.00334,0.9995,0.97945,0.006944
小号铁夹,13,37,1.822686,1.810933,1.834918,0.006181,0.9995,0.978126,0.013159
小号铁夹,13,44,1.881759,1.868525,1.895086,0.006894,0.9995,0.984555,0.014115
小号铁夹,13,51,2.06267,2.050442,2.074263,0.006166,0.9995,0.995212,0.011549
小号铁夹,13,58,1.781441,1.77521,1.787567,0.003006,0.9995,0.972395,0.006937
小号铁夹,13,90,1.797344,1.772368,1.822165,0.013305,0.9995,0.974685,0.027706
小号铁夹,14,1,3.370286,3.359941,3.380594,0.00534,0.9995,1.0,0.006128
小号铁夹,14,2,3.265406,3.255212,3.275396,0.0052,0.9995,1.0,0.006181
小号铁夹,14,3,3.166215,3.156328,3.175909,0.005103,0.9995,1.0,0.006184
小号铁夹,14,4,3.202927,3.194043,3.211598,0.004528,0.9995,1.0,0.005481
小号铁夹,14,5,3.248474,3.240216,3.256489,0.004193,0.9995,1.0,0.005009
小号铁夹,14,6,3.249016,3.243109,3.254907,0.003064,0.9995,1.0,0.003631
小号铁夹,14,7,3.272925,3.268565,3.277347,0.002267,0.9995,1.0,0.002683
小号铁夹,14,8,3.257562,3.255859,3.259459,0.000906,0.9995,1.0,0.001105
小号铁夹,14,9,3.294009,3.292887,3.295205,0.000573,0.9995,1.0,0.000704
小号铁夹,14,10,3.378441,3.377276,3.379778,0.00064,0.9995,1.0,0.000741
小号铁夹,14,11,3.493851,3.491463,3.496285,0.001263,0.9995,1.0,0.00138
小号铁夹,14,12,3.593725,3.590406,3.59712,0.001744,0.9995,1.0,0.001868
小号铁夹,14,13,3.476357,3.47358,3.479312,0.001541,0.9995,1.0,0.001649
小号铁夹,14,14,3.474736,3.469639,3.479974,0.002754,0.9995,1.0,0.002974
小号铁夹,14,15,3.508346,3.501784,3.51474,0.003416,0.9995,1.0,0.003693
小号铁夹,14,22,3.138881,3.12689,3.150616,0.006127,0.9995,1.0,0.007559
小号铁夹,14,30,3.234322,3.222975,3.245436,0.005893,0.9995,1.0,0.006944
小号铁夹,14,37,3.21554,3.194806,3.237119,0.010904,0.9995,1.0,0.013159
小号铁夹,14,44,3.317686,3.294353,3.341182,0.012154,0.9995,1.0,0.014115
小号铁夹,14,51,3.642588,3.620994,3.663061,0.010889,0.9995,1.0,0.011549
小号铁夹,14,58,3.143051,3.132058,3.15386,0.005304,0.9995,1.0,0.006937
小号铁夹,14,90,3.337925,3.291541,3.38402,0.024709,0.9995,1.0,0.027706
小号铁夹,15,1,3.397857,3.387428,3.408249,0.005384,0.9995,1.0,0.006128
小号铁夹,15,2,3.292296,3.282018,3.302369,0.005242,0.9995,1.0,0.006181
小号铁夹,15,3,3.192244,3.182276,3.202018,0.005145,0.9995,1.0,0.006184
小号铁夹,15,4,3.229238,3.220281,3.23798,0.004565,0.9995,1.0,0.005481
小号铁夹,15,5,3.27511,3.266784,3.283191,0.004227,0.9995,1.0,0.005009
小号铁夹,15,6,3.275776,3.26982,3.281715,0.003089,0.9995,1.0,0.003631
小号铁夹,15,7,3.29973,3.295335,3.304188,0.002285,0.9995,1.0,0.002683
小号铁夹,15,8,3.284294,3.282577,3.286207,0.000913,0.9995,1.0,0.001105
小号铁夹,15,9,3.321142,3.320011,3.322348,0.000577,0.9995,1.0,0.000704
小号铁夹,15,10,3.406333,3.405158,3.407681,0.000646,0.9995,1.0,0.000741
小号铁夹,15,11,3.522449,3.520042,3.524904,0.001273,0.9995,1.0,0.00138
小号铁夹,15,12,3.623197,3.619851,3.62662,0.001759,0.9995,1.0,0.001868
小号铁夹,15,13,3.504838,3.502039,3.507818,0.001553,0.9995,1.0,0.001649
小号铁夹,15,14,3.503215,3.498077,3.508496,0.002777,0.9995,1.0,0.002974
小号铁夹,15,15,3.53708,3.530465,3.543526,0.003444,0.9995,1.0,0.003693
小号铁夹,15,22,3.164788,3.152698,3.17662,0.006177,0.9995,1.0,0.007559
小号铁夹,15,30,3.260909,3.249468,3.272113,0.005941,0.9995,1.0,0.006944
小号铁夹,15,37,3.241789,3.220886,3.263545,0.010993,0.9995,1.0,0.013159
小号铁夹,15,44,3.343741,3.320225,3.367421,0.01225,0.9995,1.0,0.014115
小号铁夹,15,51,3.670017,3.64826,3.690644,0.01097,0.9995,1.0,0.011549
小号铁夹,15,58,3.165745,3.154672,3.176632,0.005342,0.9995,1.0,0.006937
小号铁夹,15,90,3.337925,3.291541,3.38402,0.024709,0.9995,1.0,0.027706
小号铁夹,16,1,3.138279,3.128646,3.147877,0.004973,0.9995,1.0,0.006128
小号铁夹,16,2,3.040699,3.031207,3.050002,0.004842,0.9995,0.999999,0.006181
小号铁夹,16,3,2.94822,2.939013,2.957246,0.004752,0.9995,0.999998,0.006184
小号铁夹,16,4,2.982411,2.974139,2.990486,0.004216,0.9995,0.999999,0.005481
小号铁夹,16,5,3.02489,3.0172,3.032354,0.003904,0.9995,0.999999,0.005009
小号铁夹,16,6,3.025468,3.019967,3.030953,0.002853,0.9995,0.999999,0.003631
小号铁夹,16,7,3.047653,3.043593,3.05177,0.002111,0.9995,0.999999,0.002683
小号铁夹,16,8,3.033425,3.031839,3.035191,0.000843,0.9995,0.999999,0.001105
小号铁夹,16,9,3.067293,3.066248,3.068407,0.000533,0.9995,1.0,0.000704
小号铁夹,16,10,3.145861,3.144777,3.147106,0.000596,0.9995,1.0,0.000741
小号铁夹,16,11,3.253188,3.250965,3.255455,0.001176,0.9995,1.0,0.00138
小号铁夹,16,12,3.346532,3.343441,3.349693,0.001624,0.9995,1.0,0.001868
小号铁夹,16,13,3.236842,3.234257,3.239593,0.001435,0.9995,1.0,0.001649
小号铁夹,16,14,3.235684,3.230938,3.240562,0.002565,0.9995,1.0,0.002974
小号铁夹,16,15,3.266732,3.260622,3.272686,0.003181,0.9995,1.0,0.003693
小号铁夹,16,22,2.922818,2.911652,2.933745,0.005705,0.9995,0.999998,0.007559
小号铁夹,16,30,3.011407,3.000841,3.021754,0.005486,0.9995,0.999999,0.006944
小号铁夹,16,37,2.994062,2.974755,3.014155,0.010153,0.9995,0.999999,0.013159
小号铁夹,16,44,3.08898,3.067256,3.110856,0.011316,0.9995,1.0,0.014115
小号铁夹,16,51,3.39024,3.370142,3.409295,0.010134,0.9995,1.0,0.011549
小号铁夹,16,58,2.927463,2.917224,2.93753,0.00494,0.9995,0.999998,0.006937
小号铁夹,16,90,3.081161,3.038345,3.123711,0.022808,0.9995,1.0,0.027706
小号铁夹,17,1,2.306347,2.299267,2.3134,0.003654,0.9995,0.999227,0.006128
小号铁夹,17,2,2.234618,2.227642,2.241455,0.003558,0.9995,0.998639,0.006181
小号铁夹,17,3,2.166664,2.159898,2.173298,0.003492,0.9995,0.997726,0.006184
小号铁夹,17,4,2.191782,2.185703,2.197716,0.003099,0.9995,0.998114,0.005481
小号铁夹,17,5,2.222995,2.217344,2.22848,0.002869,0.9995,0.998512,0.005009
小号铁夹,17,6,2.223352,2.21931,2.227383,0.002097,0.9995,0.998516,0.003631
小号铁夹,17,7,2.239762,2.236778,2.242788,0.001551,0.9995,0.998692,0.002683
小号铁夹,17,8,2.229222,2.228057,2.230521,0.00062,0.9995,0.998582,0.001105
小号铁夹,17,9,2.254293,2.253525,2.255111,0.000392,0.9995,0.998832,0.000704
小号铁夹,17,10,2.311958,2.311161,2.312873,0.000438,0.9995,0.999261,0.000741
小号铁夹,17,11,2.390874,2.38924,2.39254,0.000864,0.9995,0.999615,0.00138
小号铁夹,17,12,2.459452,2.45718,2.461775,0.001194,0.9995,0.999786,0.001868
小号铁夹,17,13,2.378874,2.376974,2.380896,0.001054,0.9995,0.999574,0.001649
小号铁夹,17,14,2.37786,2.374372,2.381444,0.001885,0.9995,0.99957,0.002974
小号铁夹,17,15,2.400691,2.396201,2.405066,0.002337,0.9995,0.999645,0.003693
小号铁夹,17,22,2.148201,2.139994,2.156232,0.004193,0.9995,0.997394,0.007559
小号铁夹,17,30,2.212796,2.205032,2.220399,0.004031,0.9995,0.998391,0.006944
小号铁夹,17,37,2.20002,2.185834,2.214784,0.00746,0.9995,0.998225,0.013159
小号铁夹,17,44,2.269691,2.253729,2.285765,0.008315,0.9995,0.998963,0.014115
小号铁夹,17,51,2.490565,2.4758,2.504563,0.007445,0.9995,0.999837,0.011549
小号铁夹,17,58,2.144537,2.137036,2.151912,0.003619,0.9995,0.997324,0.006937
小号铁夹,17,90,2.310871,2.278759,2.342783,0.017106,0.9995,0.999248,0.027706
小号铁夹,18,1,1.964627,1.958597,1.970636,0.003113,0.9995,0.990795,0.006128
小号铁夹,18,2,1.903472,1.897529,1.909295,0.003031,0.9995,0.986477,0.006181
小号铁夹,18,3,1.845637,1.839873,1.851288,0.002975,0.9995,0.980863,0.006184
小号铁夹,18,4,1.867042,1.861863,1.872096,0.00264,0.9995,0.98314,0.005481
小号铁夹,18,5,1.893651,1.888837,1.898323,0.002444,0.9995,0.98564,0.005009
小号铁夹,18,6,1.89393,1.890486,1.897364,0.001786,0.9995,0.985665,0.003631
小号铁夹,18,7,1.907801,1.905259,1.910378,0.001321,0.9995,0.986834,0.002683
小号铁夹,18,8,1.898905,1.897912,1.900011,0.000528,0.9995,0.986095,0.001105
小号铁夹,18,9,1.920249,1.919595,1.920946,0.000334,0.9995,0.987811,0.000704
小号铁夹,18,10,1.969348,1.968669,1.970127,0.000373,0.9995,0.991073,0.000741
小号铁夹,18,11,2.036545,2.035153,2.037964,0.000736,0.9995,0.994279,0.00138
小号铁夹,18,12,2.094901,2.092967,2.09688,0.001017,0.9995,0.99618,0.001868
小号铁夹,18,13,2.026518,2.0249,2.028241,0.000898,0.9995,0.993878,0.001649
小号铁夹,18,14,2.025467,2.022496,2.02852,0.001605,0.9995,0.993834,0.002974
小号铁夹,18,15,2.045067,2.041243,2.048795,0.001991,0.9995,0.994601,0.003693
小号铁夹,18,22,1.830064,1.823073,1.836906,0.003572,0.9995,0.979045,0.007559
小号铁夹,18,30,1.88558,1.878965,1.892059,0.003435,0.9995,0.984917,0.006944
小号铁夹,18,37,1.875185,1.863093,1.887769,0.006359,0.9995,0.983933,0.013159
小号铁夹,18,44,1.933869,1.920269,1.947565,0.007085,0.9995,0.988797,0.014115
小号铁夹,18,51,2.123014,2.110429,2.134947,0.006346,0.9995,0.996871,0.011549
小号铁夹,18,58,1.826828,1.820438,1.83311,0.003083,0.9995,0.97865,0.006937
小号铁夹,18,90,1.797344,1.772368,1.822165,0.013305,0.9995,0.974685,0.027706
小号铁夹,19,1,2.93327,2.924267,2.942241,0.004648,0.9995,0.999998,0.006128
小号铁夹,19,2,2.842011,2.833139,2.850706,0.004525,0.9995,0.999994,0.006181
小号铁夹,19,3,2.755576,2.746971,2.764013,0.004442,0.9995,0.999987,0.006184
小号铁夹,19,4,2.787625,2.779893,2.795172,0.003941,0.9995,0.99999,0.005481
小号铁夹,19,5,2.827315,2.820127,2.834291,0.003649,0.9995,0.999994,0.005009
小号铁夹,19,6,2.827681,2.82254,2.832808,0.002666,0.9995,0.999994,0.003631
小号铁夹,19,7,2.848476,2.844681,2.852325,0.001973,0.9995,0.999995,0.002683
小号铁夹,19,8,2.835272,2.83379,2.836923,0.000788,0.9995,0.999994,0.001105
小号铁夹,19,9,2.866907,2.865931,2.867948,0.000498,0.9995,0.999996,0.000704
小号铁夹,19,10,2.940515,2.939501,2.941679,0.000557,0.9995,0.999998,0.000741
小号铁夹,19,11,3.040639,3.038561,3.042758,0.001099,0.9995,0.999999,0.00138
小号铁夹,19,12,3.127749,3.12486,3.130703,0.001518,0.9995,1.0,0.001868
小号铁夹,19,13,3.025537,3.023121,3.028109,0.001341,0.9995,0.999999,0.001649
小号铁夹,19,14,3.024249,3.019813,3.028808,0.002397,0.9995,0.999999,0.002974
小号铁夹,19,15,3.053234,3.047524,3.058799,0.002973,0.9995,0.999999,0.003693
小号铁夹,19,22,2.732143,2.721705,2.742357,0.005333,0.9995,0.999983,0.007559
小号铁夹,19,30,2.815077,2.805201,2.82475,0.005129,0.9995,0.999993,0.006944
小号铁夹,19,37,2.798832,2.780785,2.817615,0.009491,0.9995,0.999991,0.013159
小号铁夹,19,44,2.886329,2.86603,2.90677,0.010574,0.9995,0.999997,0.014115
小号铁夹,19,51,3.170807,3.15201,3.188628,0.009478,0.9995,1.0,0.011549
小号铁夹,19,58,2.734568,2.725004,2.743972,0.004614,0.9995,0.999984,0.006937
小号铁夹,19,90,2.824398,2.78515,2.863402,0.020908,0.9995,0.999993,0.027706
小号铁夹,20,1,2.530117,2.522351,2.537855,0.004009,0.9995,0.999886,0.006128
小号铁夹,20,2,2.451482,2.443829,2.458982,0.003904,0.9995,0.999771,0.006181
小号铁夹,20,3,2.376932,2.369509,2.384209,0.003831,0.9995,0.999567,0.006184
小号铁夹,20,4,2.404594,2.397924,2.411104,0.0034,0.9995,0.999657,0.005481
小号铁夹,20,5,2.438745,2.432546,2.444762,0.003148,0.9995,0.999744,0.005009
小号铁夹,20,6,2.439255,2.434821,2.443678,0.0023,0.9995,0.999745,0.003631
小号铁夹,20,7,2.457046,2.453773,2.460365,0.001702,0.9995,0.999782,0.002683
小号铁夹,20,8,2.445695,2.444417,2.447119,0.00068,0.9995,0.999759,0.001105
小号铁夹,20,9,2.472969,2.472126,2.473866,0.00043,0.9995,0.99981,0.000704
小号铁夹,20,10,2.536411,2.535537,2.537415,0.000481,0.9995,0.999892,0.000741
小号铁夹,20,11,2.622812,2.621019,2.624639,0.000948,0.9995,0.999952,0.00138
小号铁夹,20,12,2.697883,2.695391,2.700431,0.001309,0.9995,0.999976,0.001868
小号铁夹,20,13,2.609709,2.607624,2.611927,0.001157,0.9995,0.999945,0.001649
小号铁夹,20,14,2.608569,2.604743,2.612501,0.002068,0.9995,0.999945,0.002974
小号铁夹,20,15,2.633654,2.628728,2.638454,0.002564,0.9995,0.999956,0.003693
小号铁夹,20,22,2.356493,2.34749,2.365302,0.0046,0.9995,0.999486,0.007559
小号铁夹,20,30,2.427531,2.419014,2.435872,0.004423,0.9995,0.999718,0.006944
小号铁夹,20,37,2.414936,2.399364,2.431143,0.008189,0.9995,0.999685,0.013159
小号铁夹,20,44,2.489712,2.472202,2.507344,0.009121,0.9995,0.999836,0.014115
小号铁夹,20,51,2.731941,2.715745,2.747296,0.008166,0.9995,0.999983,0.011549
小号铁夹,20,58,2.360125,2.35187,2.368242,0.003982,0.9995,0.999502,0.006937
小号铁夹,20,90,2.567635,2.531954,2.603092,0.019007,0.9995,0.999918,0.027706
普通钢筋,1,1,2.455721,2.448381,2.462786,0.003887,0.9995,0.941525,0.005866
普通钢筋,1,2,2.398203,2.390977,2.405166,0.003814,0.9995,0.929817,0.005916
普通钢筋,1,3,2.343714,2.336432,2.350638,0.00377,0.9995,0.917113,0.006061
普通钢筋,1,4,2.356658,2.35028,2.362657,0.003301,0.9995,0.92028,0.005252
普通钢筋,1,5,2.37736,2.371465,2.38289,0.003043,0.9995,0.925151,0.004806
普通钢筋,1,6,2.363978,2.359734,2.368015,0.00221,0.9995,0.922031,0.003503
普通钢筋,1,7,2.367179,2.36411,2.370086,0.001602,0.9995,0.922787,0.002524
普通钢筋,1,8,2.34101,2.340049,2.341958,0.000516,0.9995,0.916444,0.000815
普通钢筋,1,9,2.354819,2.354162,2.355523,0.000348,0.9995,0.919839,0.000578
普通钢筋,1,10,2.403539,2.402694,2.404444,0.000459,0.9995,0.930978,0.000728
普通钢筋,1,11,2.474541,2.472889,2.476169,0.000872,0.9995,0.945004,0.001325
普通钢筋,1,12,2.533187,2.530889,2.535527,0.001214,0.9995,0.954783,0.001831
普通钢筋,1,13,2.433635,2.431669,2.435716,0.001071,0.9995,0.937231,0.001663
普通钢筋,1,14,2.418549,2.415002,2.422237,0.001919,0.9995,0.934154,0.002991
普通钢筋,1,15,2.429382,2.424963,2.433888,0.002361,0.9995,0.936374,0.003674
普通钢筋,1,22,2.198249,2.190251,2.206496,0.004243,0.9995,0.87471,0.00739
普通钢筋,1,30,2.256359,2.248695,2.26402,0.004148,0.9995,0.893198,0.006792
普通钢筋,1,37,2.187592,2.174273,2.201682,0.007366,0.9995,0.871075,0.012529
普通钢筋,1,44,2.232106,2.217281,2.247529,0.00812,0.9995,0.885725,0.013552
普通钢筋,1,51,2.428081,2.415212,2.44113,0.007048,0.9995,0.936099,0.010674
普通钢筋,1,58,2.249161,2.244151,2.253899,0.002531,0.9995,0.891026,0.004334
普通钢筋,1,90,2.598929,2.56815,2.629024,0.016221,0.9995,0.963962,0.023423
普通钢筋,2,1,3.978512,3.96662,3.989957,0.006297,0.9995,0.999963,0.005866
普通钢筋,2,2,3.885341,3.873635,3.896622,0.006179,0.9995,0.999934,0.005916
普通钢筋,2,3,3.796984,3.785188,3.808203,0.006108,0.9995,0.999887,0.006061
普通钢筋,2,4,3.818137,3.807805,3.827857,0.005349,0.9995,0.999901,0.005252
普通钢筋,2,5,3.851701,3.842149,3.86066,0.00493,0.9995,0.999919,0.004806
普通钢筋,2,6,3.82977,3.822896,3.83631,0.00358,0.9995,0.999908,0.003503
普通钢筋,2,7,3.835044,3.830072,3.839753,0.002595,0.9995,0.99991,0.002524
普通钢筋,2,8,3.792724,3.791169,3.79426,0.000837,0.9995,0.999884,0.000815
普通钢筋,2,9,3.815097,3.814033,3.816238,0.000563,0.9995,0.999899,0.000578
普通钢筋,2,10,3.893993,3.892624,3.89546,0.000744,0.9995,0.999938,0.000728
普通钢筋,2,11,4.009197,4.00652,4.011834,0.001412,0.9995,0.99997,0.001325
普通钢筋,2,12,4.10398,4.100258,4.107771,0.001967,0.9995,0.999984,0.001831
普通钢筋,2,13,3.942664,3.93948,3.946035,0.001736,0.9995,0.999954,0.001663
普通钢筋,2,14,3.918223,3.912476,3.924197,0.003109,0.9995,0.999946,0.002991
普通钢筋,2,15,3.935717,3.928557,3.943016,0.003824,0.9995,0.999952,0.003674
普通钢筋,2,22,3.561438,3.54848,3.574799,0.006874,0.9995,0.999557,0.00739
普通钢筋,2,30,3.655279,3.642862,3.667689,0.00672,0.9995,0.99974,0.006792
普通钢筋,2,37,3.544987,3.523404,3.56782,0.011937,0.9995,0.999514,0.012529
普通钢筋,2,44,3.616688,3.592666,3.641678,0.013157,0.9995,0.999675,0.013552
普通钢筋,2,51,3.934237,3.913385,3.95538,0.011419,0.9995,0.999951,0.010674
普通钢筋,2,58,3.64132,3.633209,3.648991,0.004097,0.9995,0.999718,0.004334
普通钢筋,2,90,4.240358,4.19014,4.28946,0.026466,0.9995,0.999993,0.023423
普通钢筋,3,1,2.097986,2.091715,2.104022,0.003321,0.9995,0.837708,0.005866
普通钢筋,3,2,2.048895,2.042722,2.054844,0.003258,0.9995,0.817186,0.005916
普通钢筋,3,3,2.002232,1.996012,2.008148,0.003221,0.9995,0.79622,0.006061
普通钢筋,3,4,2.01347,2.008021,2.018595,0.002821,0.9995,0.801399,0.005252
普通钢筋,3,5,2.031109,2.026072,2.035833,0.0026,0.9995,0.809362,0.004806
普通钢筋,3,6,2.019606,2.015981,2.023055,0.001888,0.9995,0.804193,0.003503
普通钢筋,3,7,2.022437,2.019815,2.02492,0.001369,0.9995,0.805474,0.002524
普通钢筋,3,8,2.000021,1.999201,2.000831,0.000441,0.9995,0.795194,0.000815
普通钢筋,3,9,2.011818,2.011256,2.012419,0.000297,0.9995,0.800645,0.000578
普通钢筋,3,10,2.053523,2.052801,2.054296,0.000392,0.9995,0.819192,0.000728
普通钢筋,3,11,2.114146,2.112734,2.115537,0.000745,0.9995,0.84412,0.001325
普通钢筋,3,12,2.164053,2.16209,2.166051,0.001037,0.9995,0.86283,0.001831
普通钢筋,3,13,2.079135,2.077456,2.080913,0.000915,0.9995,0.830018,0.001663
普通钢筋,3,14,2.066247,2.063216,2.069397,0.001639,0.9995,0.824623,0.002991
普通钢筋,3,15,2.075337,2.071561,2.079185,0.002017,0.9995,0.828438,0.003674
普通钢筋,3,22,1.877943,1.87111,1.884988,0.003625,0.9995,0.733694,0.00739
普通钢筋,3,30,1.927645,1.921097,1.93419,0.003544,0.9995,0.759824,0.006792
普通钢筋,3,37,1.86916,1.85778,1.8812,0.006294,0.9995,0.728922,0.012529
普通钢筋,3,44,1.906617,1.893953,1.919791,0.006936,0.9995,0.748936,0.013552
普通钢筋,3,51,2.073813,2.062822,2.084958,0.006019,0.9995,0.827792,0.010674
普通钢筋,3,58,1.919833,1.915556,1.923877,0.00216,0.9995,0.755816,0.004334
普通钢筋,3,90,2.234167,2.207708,2.260038,0.013945,0.9995,0.886332,0.023423
普通钢筋,4,1,5.668746,5.651802,5.685054,0.008972,0.9995,1.0,0.005866
普通钢筋,4,2,5.535911,5.519231,5.551984,0.008803,0.9995,1.0,0.005916
普通钢筋,4,3,5.410045,5.393237,5.426029,0.008703,0.9995,1.0,0.006061
普通钢筋,4,4,5.440035,5.425313,5.453883,0.007621,0.9995,1.0,0.005252
普通钢筋,4,5,5.487856,5.474247,5.500621,0.007024,0.9995,1.0,0.004806
普通钢筋,4,6,5.456729,5.446934,5.466047,0.005101,0.9995,1.0,0.003503
普通钢筋,4,7,5.464364,5.45728,5.471075,0.003698,0.9995,1.0,0.002524
普通钢筋,4,8,5.403902,5.401686,5.406091,0.001192,0.9995,1.0,0.000815
普通钢筋,4,9,5.435671,5.434155,5.437297,0.000802,0.9995,1.0,0.000578
普通钢筋,4,10,5.548362,5.546412,5.550452,0.00106,0.9995,1.0,0.000728
普通钢筋,4,11,5.712342,5.708528,5.716099,0.002012,0.9995,1.0,0.001325
普通钢筋,4,12,5.847292,5.841988,5.852693,0.002803,0.9995,1.0,0.001831
普通钢筋,4,13,5.617511,5.612974,5.622314,0.002473,0.9995,1.0,0.001663
普通钢筋,4,14,5.582823,5.574635,5.591336,0.00443,0.9995,1.0,0.002991
普通钢筋,4,15,5.6076,5.597399,5.618,0.005449,0.9995,1.0,0.003674
普通钢筋,4,22,5.074492,5.056028,5.09353,0.009794,0.9995,1.0,0.00739
普通钢筋,4,30,5.20783,5.19014,5.225512,0.009574,0.9995,1.0,0.006792
普通钢筋,4,37,5.050226,5.019478,5.082754,0.017006,0.9995,1.0,0.012529
普通钢筋,4,44,5.152747,5.118523,5.188351,0.018746,0.9995,1.0,0.013552
普通钢筋,4,51,5.606132,5.576419,5.63626,0.016272,0.9995,1.0,0.010674
普通钢筋,4,58,5.190659,5.179096,5.201593,0.00584,0.9995,1.0,0.004334
普通钢筋,4,90,6.018573,5.947295,6.088265,0.037565,0.9995,1.0,0.023423
普通钢筋,5,1,3.013752,3.004744,3.022422,0.00477,0.9995,0.993123,0.005866
普通钢筋,5,2,2.943216,2.934348,2.951762,0.00468,0.9995,0.990647,0.005916
普通钢筋,5,3,2.876217,2.867281,2.884715,0.004627,0.9995,0.987597,0.006061
普通钢筋,5,4,2.892293,2.884466,2.899656,0.004052,0.9995,0.9884,0.005252
普通钢筋,5,5,2.917702,2.910467,2.924488,0.003735,0.9995,0.989575,0.004806
普通钢筋,5,6,2.90115,2.895943,2.906104,0.002712,0.9995,0.988823,0.003503
普通钢筋,5,7,2.905103,2.901337,2.908671,0.001966,0.9995,0.989007,0.002524
普通钢筋,5,8,2.873094,2.871916,2.874258,0.000634,0.9995,0.987438,0.000815
普通钢筋,5,9,2.889935,2.889129,2.890799,0.000427,0.9995,0.988287,0.000578
普通钢筋,5,10,2.949739,2.948702,2.95085,0.000564,0.9995,0.990907,0.000728
普通钢筋,5,11,3.036964,3.034936,3.038961,0.00107,0.9995,0.9938,0.001325
普通钢筋,5,12,3.108746,3.105927,3.111618,0.00149,0.9995,0.995531,0.001831
普通钢筋,5,13,2.986646,2.984234,2.9892,0.001315,0.9995,0.992252,0.001663
普通钢筋,5,14,2.968229,2.963876,2.972755,0.002355,0.9995,0.991604,0.002991
普通钢筋,5,15,2.981291,2.975868,2.98682,0.002897,0.9995,0.992068,0.003674
普通钢筋,5,22,2.697914,2.688097,2.708035,0.005207,0.9995,0.974921,0.00739
普通钢筋,5,30,2.768852,2.759446,2.778253,0.00509,0.9995,0.980892,0.006792
普通钢筋,5,37,2.684735,2.668389,2.702027,0.009041,0.9995,0.973645,0.012529
普通钢筋,5,44,2.739118,2.720926,2.758045,0.009965,0.9995,0.978547,0.013552
普通钢筋,5,51,2.981236,2.965435,2.997257,0.008653,0.9995,0.992061,0.010674
普通钢筋,5,58,2.758122,2.751978,2.763932,0.003103,0.9995,0.980078,0.004334
普通钢筋,5,90,3.191667,3.153869,3.228626,0.019921,0.9995,0.996966,0.023423
普通钢筋,6,1,4.661471,4.647538,4.674882,0.007378,0.9995,1.0,0.005866
普通钢筋,6,2,4.552291,4.538575,4.565508,0.007239,0.9995,0.999999,0.005916
普通钢筋,6,3,4.448844,4.435022,4.461988,0.007157,0.9995,0.999999,0.006061
普通钢筋,6,4,4.473575,4.461469,4.484963,0.006267,0.9995,0.999999,0.005252
普通钢筋,6,5,4.512791,4.5016,4.523288,0.005776,0.9995,0.999999,0.004806
普通钢筋,6,6,4.48718,4.479126,4.494843,0.004195,0.9995,0.999999,0.003503
普通钢筋,6,7,4.493431,4.487606,4.498949,0.003041,0.9995,0.999999,0.002524
普通钢筋,6,8,4.443717,4.441894,4.445517,0.00098,0.9995,0.999998,0.000815
普通钢筋,6,9,4.469965,4.468718,4.471301,0.00066,0.9995,0.999999,0.000578
普通钢筋,6,10,4.562488,4.560884,4.564207,0.000872,0.9995,0.999999,0.000728
普通钢筋,6,11,4.697441,4.694304,4.70053,0.001655,0.9995,1.0,0.001325
普通钢筋,6,12,4.808342,4.803981,4.812783,0.002305,0.9995,1.0,0.001831
普通钢筋,6,13,4.619398,4.615667,4.623347,0.002034,0.9995,1.0,0.001663
普通钢筋,6,14,4.59082,4.584087,4.59782,0.003643,0.9995,0.999999,0.002991
普通钢筋,6,15,4.611261,4.602872,4.619812,0.004481,0.9995,1.0,0.003674
普通钢筋,6,22,4.172901,4.157718,4.188556,0.008054,0.9995,0.99999,0.00739
普通钢筋,6,30,4.28256,4.268013,4.297101,0.007873,0.9995,0.999995,0.006792
普通钢筋,6,37,4.153419,4.128131,4.180171,0.013986,0.9995,0.999988,0.012529
普通钢筋,6,44,4.237622,4.209476,4.266902,0.015416,0.9995,0.999993,0.013552
普通钢筋,6,51,4.609624,4.585193,4.634397,0.013379,0.9995,1.0,0.010674
普通钢筋,6,58,4.266295,4.256791,4.275282,0.0048,0.9995,0.999995,0.004334
普通钢筋,6,90,4.924287,4.865969,4.981308,0.030735,0.9995,1.0,0.023423
普通钢筋,7,1,3.229848,3.220194,3.23914,0.005112,0.9995,0.997489,0.005866
普通钢筋,7,2,3.154087,3.144584,3.163245,0.005016,0.9995,0.996385,0.005916
普通钢筋,7,3,3.082401,3.072825,3.091508,0.004959,0.9995,0.994953,0.006061
普通钢筋,7,4,3.099596,3.091208,3.107487,0.004342,0.9995,0.995337,0.005252
普通钢筋,7,5,3.126778,3.119024,3.134051,0.004002,0.9995,0.99589,0.004806
普通钢筋,7,6,3.109093,3.103512,3.114402,0.002907,0.9995,0.995538,0.003503
普通钢筋,7,7,3.113362,3.109326,3.117185,0.002107,0.9995,0.995625,0.002524
普通钢筋,7,8,3.078952,3.07769,3.080199,0.000679,0.9995,0.994874,0.000815
普通钢筋,7,9,3.097104,3.09624,3.09803,0.000457,0.9995,0.995284,0.000578
普通钢筋,7,10,3.161142,3.160031,3.162333,0.000604,0.9995,0.996505,0.000728
普通钢筋,7,11,3.25467,3.252496,3.25681,0.001147,0.9995,0.997778,0.001325
普通钢筋,7,12,3.331592,3.32857,3.334669,0.001597,0.9995,0.99849,0.001831
普通钢筋,7,13,3.200543,3.197958,3.203279,0.001409,0.9995,0.997106,0.001663
普通钢筋,7,14,3.180944,3.176279,3.185795,0.002524,0.9995,0.996819,0.002991
普通钢筋,7,15,3.195077,3.189265,3.201002,0.003105,0.9995,0.997028,0.003674
普通钢筋,7,22,2.891332,2.880812,2.902179,0.00558,0.9995,0.988352,0.00739
普通钢筋,7,30,2.967124,2.957045,2.977198,0.005454,0.9995,0.991562,0.006792
普通钢筋,7,37,2.877256,2.859738,2.895788,0.009689,0.9995,0.987644,0.012529
普通钢筋,7,44,2.935664,2.916166,2.955948,0.01068,0.9995,0.990333,0.013552
普通钢筋,7,51,3.194625,3.177693,3.211793,0.009272,0.9995,0.997019,0.010674
普通钢筋,7,58,2.956468,2.949882,2.962695,0.003326,0.9995,0.991166,0.004334
普通钢筋,7,90,3.419644,3.379145,3.459242,0.021344,0.9995,0.999038,0.023423
普通钢筋,8,1,4.080137,4.067942,4.091875,0.006458,0.9995,0.999981,0.005866
普通钢筋,8,2,3.984468,3.972463,3.996037,0.006336,0.9995,0.999965,0.005916
普通钢筋,8,3,3.893921,3.881823,3.905426,0.006264,0.9995,0.999938,0.006061
普通钢筋,8,4,3.915588,3.904991,3.925555,0.005485,0.9995,0.999946,0.005252
普通钢筋,8,5,3.949971,3.940176,3.959158,0.005056,0.9995,0.999956,0.004806
普通钢筋,8,6,3.92752,3.92047,3.934226,0.003672,0.9995,0.99995,0.003503
普通钢筋,8,7,3.933048,3.927949,3.937878,0.002661,0.9995,0.999951,0.002524
普通钢筋,8,8,3.88957,3.887975,3.891146,0.000858,0.9995,0.999936,0.000815
普通钢筋,8,9,3.912438,3.911347,3.913608,0.000578,0.9995,0.999945,0.000578
普通钢筋,8,10,3.993552,3.992148,3.995056,0.000763,0.9995,0.999967,0.000728
普通钢筋,8,11,4.1116,4.108855,4.114305,0.001448,0.9995,0.999985,0.001325
普通钢筋,8,12,4.208686,4.204868,4.212573,0.002017,0.9995,0.999992,0.001831
普通钢筋,8,13,4.043308,4.040043,4.046765,0.00178,0.9995,0.999976,0.001663
普通钢筋,8,14,4.018246,4.012352,4.024373,0.003188,0.9995,0.999972,0.002991
普通钢筋,8,15,4.03617,4.028828,4.043655,0.003922,0.9995,0.999975,0.003674
普通钢筋,8,22,3.652318,3.639028,3.666019,0.007049,0.9995,0.999735,0.00739
普通钢筋,8,30,3.748617,3.735884,3.761345,0.006891,0.9995,0.999849,0.006792
普通钢筋,8,37,3.635155,3.613023,3.658569,0.012241,0.9995,0.999707,0.012529
普通钢筋,8,44,3.708075,3.683447,3.733697,0.01349,0.9995,0.999808,0.013552
普通钢筋,8,51,4.035752,4.014362,4.057441,0.011714,0.9995,0.999975,0.010674
普通钢筋,8,58,3.734879,3.726559,3.742747,0.004202,0.9995,0.999836,0.004334
普通钢筋,8,90,4.331549,4.28025,4.381706,0.027036,0.9995,0.999997,0.023423
普通钢筋,9,1,4.188924,4.176404,4.200975,0.00663,0.9995,0.999991,0.005866
普通钢筋,9,2,4.090752,4.078427,4.10263,0.006505,0.9995,0.999982,0.005916
普通钢筋,9,3,3.997726,3.985306,4.009538,0.006431,0.9995,0.999968,0.006061
普通钢筋,9,4,4.019989,4.00911,4.030222,0.005632,0.9995,0.999972,0.005252
普通钢筋,9,5,4.055301,4.045245,4.064734,0.005191,0.9995,0.999978,0.004806
普通钢筋,9,6,4.032315,4.025077,4.039201,0.00377,0.9995,0.999974,0.003503
普通钢筋,9,7,4.037806,4.032571,4.042764,0.002732,0.9995,0.999975,0.002524
普通钢筋,9,8,3.993229,3.991592,3.994847,0.000881,0.9995,0.999967,0.000815
普通钢筋,9,9,4.016621,4.015501,4.017822,0.000593,0.9995,0.999971,0.000578
普通钢筋,9,10,4.099895,4.098454,4.10144,0.000783,0.9995,0.999983,0.000728
普通钢筋,9,11,4.221148,4.218329,4.223924,0.001487,0.9995,0.999993,0.001325
普通钢筋,9,12,4.320855,4.316935,4.324846,0.002071,0.9995,0.999996,0.001831
普通钢筋,9,13,4.151005,4.147652,4.154554,0.001827,0.9995,0.999988,0.001663
普通钢筋,9,14,4.125381,4.11933,4.131671,0.003273,0.9995,0.999986,0.002991
普通钢筋,9,15,4.143882,4.136344,4.151567,0.004027,0.9995,0.999988,0.003674
普通钢筋,9,22,3.749713,3.736069,3.76378,0.007237,0.9995,0.99985,0.00739
普通钢筋,9,30,3.848333,3.835261,3.861399,0.007074,0.9995,0.999917,0.006792
普通钢筋,9,37,3.731822,3.709101,3.755859,0.012567,0.9995,0.999833,0.012529
普通钢筋,9,44,3.806974,3.781689,3.833279,0.01385,0.9995,0.999893,0.013552
普通钢筋,9,51,4.143483,4.121522,4.16575,0.012026,0.9995,0.999988,0.010674
普通钢筋,9,58,3.835923,3.827378,3.844004,0.004316,0.9995,0.999911,0.004334
普通钢筋,9,90,4.422739,4.370361,4.473952,0.027605,0.9995,0.999998,0.023423
普通钢筋,10,1,2.712059,2.703952,2.719861,0.004293,0.9995,0.976226,0.005866
普通钢筋,10,2,2.648506,2.640526,2.656196,0.004212,0.9995,0.969887,0.005916
普通钢筋,10,3,2.588388,2.580346,2.596035,0.004164,0.9995,0.962644,0.006061
普通钢筋,10,4,2.602668,2.595625,2.609294,0.003646,0.9995,0.964484,0.005252
普通钢筋,10,5,2.625629,2.619118,2.631736,0.003361,0.9995,0.967284,0.004806
普通钢筋,10,6,2.61075,2.606064,2.615209,0.002441,0.9995,0.965493,0.003503
普通钢筋,10,7,2.614389,2.610999,2.617599,0.001769,0.9995,0.965939,0.002524
普通钢筋,10,8,2.585476,2.584416,2.586524,0.00057,0.9995,0.962263,0.000815
普通钢筋,10,9,2.600651,2.599925,2.601428,0.000384,0.9995,0.964232,0.000578
普通钢筋,10,10,2.654545,2.653612,2.655545,0.000507,0.9995,0.970548,0.000728
普通钢筋,10,11,2.73293,2.731105,2.734728,0.000963,0.9995,0.978045,0.001325
普通钢筋,10,12,2.797616,2.795078,2.8002,0.001341,0.9995,0.982943,0.001831
普通钢筋,10,13,2.687704,2.685533,2.690002,0.001183,0.9995,0.973948,0.001663
普通钢筋,10,14,2.671051,2.667133,2.675124,0.002119,0.9995,0.972284,0.002991
普通钢筋,10,15,2.682975,2.678094,2.68795,0.002607,0.9995,0.973483,0.003674
普通钢筋,10,22,2.427677,2.418843,2.436784,0.004686,0.9995,0.936025,0.00739
普通钢筋,10,30,2.491735,2.483271,2.500195,0.004581,0.9995,0.948027,0.006792
普通钢筋,10,37,2.416667,2.401954,2.432233,0.008138,0.9995,0.933746,0.012529
普通钢筋,10,44,2.464956,2.448584,2.481988,0.008967,0.9995,0.943236,0.013552
普通钢筋,10,51,2.682905,2.668686,2.697323,0.007787,0.9995,0.973468,0.010674
普通钢筋,10,58,2.481187,2.47566,2.486414,0.002792,0.9995,0.946189,0.004334
普通钢筋,10,90,2.872501,2.838482,2.905763,0.017929,0.9995,0.987376,0.023423
锈蚀钢筋,1,1,5.520809,5.497956,5.54099,0.011358,0.9995,1.0,0.007795
锈蚀钢筋,1,2,5.32587,5.30426,5.345149,0.010688,0.9995,1.0,0.007677
锈蚀钢筋,1,3,5.141578,5.121082,5.159967,0.01014,0.9995,1.0,0.007563
锈蚀钢筋,1,4,5.218616,5.199616,5.235504,0.009331,0.9995,1.0,0.006877
锈蚀钢筋,1,5,5.308875,5.291425,5.324448,0.008606,0.9995,1.0,0.00622
锈蚀钢筋,1,6,5.32702,5.313175,5.338972,0.006715,0.9995,1.0,0.004843
锈蚀钢筋,1,7,5.383941,5.372561,5.393571,0.005516,0.9995,1.0,0.003902
锈蚀钢筋,1,8,5.378136,5.369564,5.385032,0.003907,0.9995,1.0,0.002876
锈蚀钢筋,1,9,5.454239,5.448096,5.45949,0.002859,0.9995,1.0,0.002089
锈蚀钢筋,1,10,5.609153,5.60416,5.613199,0.002269,0.9995,1.0,0.001611
锈蚀钢筋,1,11,5.814923,5.809096,5.820147,0.002849,0.9995,1.0,0.001901
锈蚀钢筋,1,12,5.997759,5.991244,6.003898,0.003286,0.9995,1.0,0.00211
锈蚀钢筋,1,13,5.823676,5.818847,5.828668,0.002667,0.9995,1.0,0.001686
锈蚀钢筋,1,14,5.840148,5.831606,5.849185,0.004628,0.9995,1.0,0.00301
锈蚀钢筋,1,15,5.91337,5.902123,5.924461,0.005921,0.9995,1.0,0.003777
锈蚀钢筋,1,22,5.257388,5.235839,5.281448,0.011881,0.9995,1.0,0.008675
锈蚀钢筋,1,30,5.428137,5.404643,5.454859,0.013135,0.9995,1.0,0.009251
锈蚀钢筋,1,37,5.47381,5.431783,5.521912,0.023526,0.9995,1.0,0.016466
锈蚀钢筋,1,44,5.683125,5.633911,5.740854,0.028108,0.9995,1.0,0.018818
锈蚀钢筋,1,51,6.2673,6.21323,6.336034,0.031868,0.9995,1.0,0.019594
锈蚀钢筋,1,58,5.189,5.138858,5.251092,0.028,0.9995,1.0,0.021629
锈蚀钢筋,1,90,5.297357,5.163618,5.435919,0.071197,0.9995,1.0,0.051403
锈蚀钢筋,2,1,4.867163,4.847016,4.884955,0.010013,0.9995,1.0,0.007795
锈蚀钢筋,2,2,4.695228,4.676177,4.712224,0.009422,0.9995,1.0,0.007677
锈蚀钢筋,2,3,4.532657,4.514589,4.548869,0.008939,0.9995,0.999999,0.007563
锈蚀钢筋,2,4,4.600747,4.583996,4.615636,0.008226,0.9995,1.0,0.006877
锈蚀钢筋,2,5,4.68024,4.664856,4.693969,0.007587,0.9995,1.0,0.00622
锈蚀钢筋,2,6,4.696309,4.684103,4.706846,0.00592,0.9995,1.0,0.004843
锈蚀钢筋,2,7,4.746394,4.736362,4.754883,0.004863,0.9995,1.0,0.003902
锈蚀钢筋,2,8,4.741219,4.733662,4.747299,0.003445,0.9995,1.0,0.002876
锈蚀钢筋,2,9,4.808458,4.803042,4.813087,0.00252,0.9995,1.0,0.002089
锈蚀钢筋,2,10,4.944946,4.940545,4.948513,0.002,0.9995,1.0,0.001611
锈蚀钢筋,2,11,5.126314,5.121176,5.130919,0.002512,0.9995,1.0,0.001901
锈蚀钢筋,2,12,5.287404,5.28166,5.292815,0.002897,0.9995,1.0,0.00211
锈蚀钢筋,2,13,5.134119,5.129862,5.138521,0.002351,0.9995,1.0,0.001686
锈蚀钢筋,2,14,5.148434,5.140903,5.156401,0.00408,0.9995,1.0,0.00301
锈蚀钢筋,2,15,5.213216,5.203301,5.222994,0.00522,0.9995,1.0,0.003777
锈蚀钢筋,2,22,4.635128,4.616129,4.65634,0.010474,0.9995,1.0,0.008675
锈蚀钢筋,2,30,4.786249,4.765533,4.809812,0.011581,0.9995,1.0,0.009251
锈蚀钢筋,2,37,4.825151,4.788105,4.867554,0.020738,0.9995,1.0,0.016466
锈蚀钢筋,2,44,5.0094,4.96602,5.060285,0.024775,0.9995,1.0,0.018818
锈蚀钢筋,2,51,5.52832,5.480625,5.588949,0.02811,0.9995,1.0,0.019594
锈蚀钢筋,2,58,4.584659,4.540356,4.639519,0.024739,0.9995,0.999999,0.021629
锈蚀钢筋,2,90,4.635188,4.518165,4.756429,0.062297,0.9995,1.0,0.051403
锈蚀钢筋,3,1,5.419692,5.397258,5.439503,0.01115,0.9995,1.0,0.007795
锈蚀钢筋,3,2,5.228295,5.207081,5.24722,0.010492,0.9995,1.0,0.007677
锈蚀钢筋,3,3,5.047385,5.027264,5.065437,0.009955,0.9995,1.0,0.007563
锈蚀钢筋,3,4,5.123015,5.104363,5.139594,0.00916,0.9995,1.0,0.006877
锈蚀钢筋,3,5,5.21162,5.194489,5.226907,0.008448,0.9995,1.0,0.00622
锈蚀钢筋,3,6,5.229433,5.215842,5.241166,0.006592,0.9995,1.0,0.004843
锈蚀钢筋,3,7,5.285434,5.274262,5.294887,0.005415,0.9995,1.0,0.003902
锈蚀钢筋,3,8,5.279558,5.271143,5.286328,0.003836,0.9995,1.0,0.002876
锈蚀钢筋,3,9,5.354365,5.348334,5.359519,0.002806,0.9995,1.0,0.002089
锈蚀钢筋,3,10,5.506371,5.501469,5.510342,0.002227,0.9995,1.0,0.001611
锈蚀钢筋,3,11,5.708401,5.70268,5.713529,0.002797,0.9995,1.0,0.001901
锈蚀钢筋,3,12,5.887898,5.881502,5.893924,0.003226,0.9995,1.0,0.00211
锈蚀钢筋,3,13,5.717043,5.712303,5.721945,0.002618,0.9995,1.0,0.001686
锈蚀钢筋,3,14,5.733144,5.724759,5.742016,0.004543,0.9995,1.0,0.00301
锈蚀钢筋,3,15,5.804769,5.793729,5.815656,0.005812,0.9995,1.0,0.003777
锈蚀钢筋,3,22,5.161256,5.140101,5.184876,0.011663,0.9995,1.0,0.008675
锈蚀钢筋,3,30,5.329063,5.305997,5.355298,0.012895,0.9995,1.0,0.009251
锈蚀钢筋,3,37,5.374943,5.333676,5.422177,0.023101,0.9995,1.0,0.016466
锈蚀钢筋,3,44,5.577712,5.529411,5.634371,0.027586,0.9995,1.0,0.018818
锈蚀钢筋,3,51,6.15505,6.101948,6.222552,0.031297,0.9995,1.0,0.019594
锈蚀钢筋,3,58,5.105642,5.056306,5.166737,0.02755,0.9995,1.0,0.021629
锈蚀钢筋,3,90,5.297357,5.163618,5.435919,0.071197,0.9995,1.0,0.051403
锈蚀钢筋,4,1,5.269451,5.247639,5.288713,0.010841,0.9995,1.0,0.007795
锈蚀钢筋,4,2,5.083384,5.062757,5.101784,0.010201,0.9995,1.0,0.007677
锈蚀钢筋,4,3,4.907485,4.887922,4.925036,0.009679,0.9995,1.0,0.007563
锈蚀钢筋,4,4,4.981044,4.962908,4.997163,0.008906,0.9995,1.0,0.006877
锈蚀钢筋,4,5,5.06713,5.050475,5.081994,0.008214,0.9995,1.0,0.00622
锈蚀钢筋,4,6,5.084547,5.071332,5.095955,0.00641,0.9995,1.0,0.004843
锈蚀钢筋,4,7,5.138906,5.128044,5.148097,0.005265,0.9995,1.0,0.003902
锈蚀钢筋,4,8,5.133308,5.125126,5.13989,0.003729,0.9995,1.0,0.002876
锈蚀钢筋,4,9,5.20598,5.200116,5.210992,0.002728,0.9995,1.0,0.002089
锈蚀钢筋,4,10,5.353652,5.348886,5.357513,0.002165,0.9995,1.0,0.001611
锈蚀钢筋,4,11,5.54997,5.544407,5.554955,0.002719,0.9995,1.0,0.001901
锈蚀钢筋,4,12,5.724753,5.718534,5.730612,0.003137,0.9995,1.0,0.00211
锈蚀钢筋,4,13,5.558486,5.553877,5.563251,0.002545,0.9995,1.0,0.001686
锈蚀钢筋,4,14,5.57413,5.565976,5.582755,0.004417,0.9995,1.0,0.00301
锈蚀钢筋,4,15,5.644025,5.63329,5.654611,0.005651,0.9995,1.0,0.003777
锈蚀钢筋,4,22,5.018357,4.997788,5.041323,0.01134,0.9995,1.0,0.008675
锈蚀钢筋,4,30,5.18115,5.158724,5.206656,0.012537,0.9995,1.0,0.009251
锈蚀钢筋,4,37,5.225438,5.185319,5.271359,0.022458,0.9995,1.0,0.016466
锈蚀钢筋,4,44,5.421885,5.374933,5.47696,0.026816,0.9995,1.0,0.018818
锈蚀钢筋,4,51,5.986675,5.935025,6.052331,0.030441,0.9995,1.0,0.019594
锈蚀钢筋,4,58,4.959767,4.91184,5.019116,0.026763,0.9995,1.0,0.021629
锈蚀钢筋,4,90,4.635188,4.518165,4.756429,0.062297,0.9995,1.0,0.051403
锈蚀钢筋,5,1,4.27125,4.253569,4.286863,0.008787,0.9995,0.999995,0.007795
锈蚀钢筋,5,2,4.120506,4.103787,4.135421,0.008269,0.9995,0.999985,0.007677
锈蚀钢筋,5,3,3.97778,3.961923,3.992006,0.007845,0.9995,0.999963,0.007563
锈蚀钢筋,5,4,4.037528,4.022828,4.050594,0.007219,0.9995,0.999975,0.006877
锈蚀钢筋,5,5,4.107203,4.093703,4.119251,0.006658,0.9995,0.999984,0.00622
锈蚀钢筋,5,6,4.121337,4.110625,4.130584,0.005195,0.9995,0.999986,0.004843
锈蚀钢筋,5,7,4.165408,4.156604,4.172858,0.004268,0.9995,0.999989,0.003902
锈蚀钢筋,5,8,4.160864,4.154232,4.166199,0.003023,0.9995,0.999989,0.002876
锈蚀钢筋,5,9,4.219748,4.214995,4.22381,0.002212,0.9995,0.999993,0.002089
锈蚀钢筋,5,10,4.339646,4.335783,4.342776,0.001755,0.9995,0.999997,0.001611
锈蚀钢筋,5,11,4.498806,4.494298,4.502848,0.002204,0.9995,0.999999,0.001901
锈蚀钢筋,5,12,4.640211,4.63517,4.64496,0.002542,0.9995,1.0,0.00211
锈蚀钢筋,5,13,4.505452,4.501716,4.509314,0.002063,0.9995,0.999999,0.001686
锈蚀钢筋,5,14,4.518338,4.511729,4.52533,0.003581,0.9995,0.999999,0.00301
锈蚀钢筋,5,15,4.574915,4.566213,4.583495,0.004581,0.9995,0.999999,0.003777
锈蚀钢筋,5,22,4.067429,4.050757,4.086042,0.009192,0.9995,0.999979,0.008675
锈蚀钢筋,5,30,4.200178,4.181998,4.220855,0.010163,0.9995,0.999991,0.009251
锈蚀钢筋,5,37,4.234365,4.201855,4.271576,0.018199,0.9995,0.999993,0.016466
锈蚀钢筋,5,44,4.395256,4.357194,4.439903,0.021738,0.9995,0.999998,0.018818
锈蚀钢筋,5,51,4.845465,4.803661,4.898605,0.024638,0.9995,1.0,0.019594
锈蚀钢筋,5,58,4.021996,3.983131,4.070124,0.021702,0.9995,0.999972,0.021629
锈蚀钢筋,5,90,3.973018,3.872713,4.076939,0.053398,0.9995,0.99996,0.051403
锈蚀钢筋,6,1,5.360468,5.338279,5.380063,0.011028,0.9995,1.0,0.007795
锈蚀钢筋,6,2,5.171113,5.150131,5.189831,0.010377,0.9995,1.0,0.007677
锈蚀钢筋,6,3,4.992092,4.972191,5.009946,0.009845,0.9995,1.0,0.007563
锈蚀钢筋,6,4,5.067009,5.048561,5.083407,0.00906,0.9995,1.0,0.006877
锈蚀钢筋,6,5,5.154546,5.137603,5.169666,0.008356,0.9995,1.0,0.00622
锈蚀钢筋,6,6,5.172288,5.158845,5.183892,0.00652,0.9995,1.0,0.004843
锈蚀钢筋,6,7,5.227544,5.216495,5.236893,0.005356,0.9995,1.0,0.003902
锈蚀钢筋,6,8,5.221785,5.213462,5.228481,0.003794,0.9995,1.0,0.002876
锈蚀钢筋,6,9,5.295757,5.289792,5.300855,0.002776,0.9995,1.0,0.002089
锈蚀钢筋,6,10,5.446253,5.441405,5.450181,0.002203,0.9995,1.0,0.001611
锈蚀钢筋,6,11,5.645948,5.640289,5.65102,0.002766,0.9995,1.0,0.001901
锈蚀钢筋,6,12,5.823538,5.817212,5.829498,0.003191,0.9995,1.0,0.00211
锈蚀钢筋,6,13,5.6543,5.649612,5.659148,0.002589,0.9995,1.0,0.001686
锈蚀钢筋,6,14,5.670201,5.661907,5.678975,0.004493,0.9995,1.0,0.00301
锈蚀钢筋,6,15,5.741478,5.730558,5.752247,0.005749,0.9995,1.0,0.003777
锈蚀钢筋,6,22,5.104746,5.083823,5.128107,0.011536,0.9995,1.0,0.008675
锈蚀钢筋,6,30,5.270456,5.247644,5.296402,0.012753,0.9995,1.0,0.009251
锈蚀钢筋,6,37,5.314659,5.273855,5.361363,0.022842,0.9995,1.0,0.016466
锈蚀钢筋,6,44,5.518131,5.470346,5.574184,0.027292,0.9995,1.0,0.018818
锈蚀钢筋,6,51,6.08957,6.037034,6.156355,0.030964,0.9995,1.0,0.019594
锈蚀钢筋,6,58,5.043124,4.994392,5.103471,0.027212,0.9995,1.0,0.021629
锈蚀钢筋,6,90,5.297357,5.163618,5.435919,0.071197,0.9995,1.0,0.051403
锈蚀钢筋,7,1,2.558687,2.548095,2.56804,0.005264,0.9995,0.958564,0.007795
锈蚀钢筋,7,2,2.468416,2.4584,2.477351,0.004954,0.9995,0.943885,0.007677
锈蚀钢筋,7,3,2.382889,2.37339,2.391412,0.0047,0.9995,0.926408,0.007563
锈蚀钢筋,7,4,2.418633,2.409827,2.42646,0.004325,0.9995,0.934168,0.006877
锈蚀钢筋,7,5,2.460418,2.452331,2.467636,0.003989,0.9995,0.942408,0.00622
锈蚀钢筋,7,6,2.468864,2.462447,2.474403,0.003112,0.9995,0.943971,0.004843
锈蚀钢筋,7,7,2.495335,2.490061,2.499798,0.002557,0.9995,0.948647,0.003902
锈蚀钢筋,7,8,2.492519,2.488546,2.495715,0.001811,0.9995,0.948166,0.002876
锈蚀钢筋,7,9,2.52781,2.524963,2.530243,0.001325,0.9995,0.95395,0.002089
锈蚀钢筋,7,10,2.599618,2.597304,2.601493,0.001052,0.9995,0.9641,0.001611
锈蚀钢筋,7,11,2.694958,2.692257,2.697379,0.00132,0.9995,0.974645,0.001901
锈蚀钢筋,7,12,2.779756,2.776737,2.782601,0.001523,0.9995,0.981695,0.00211
锈蚀钢筋,7,13,2.699191,2.696953,2.701505,0.001236,0.9995,0.975045,0.001686
锈蚀钢筋,7,14,2.706564,2.702605,2.710752,0.002145,0.9995,0.975729,0.00301
锈蚀钢筋,7,15,2.740562,2.735349,2.745702,0.002744,0.9995,0.978679,0.003777
锈蚀钢筋,7,22,2.43643,2.426443,2.44758,0.005506,0.9995,0.937781,0.008675
锈蚀钢筋,7,30,2.515921,2.505031,2.528306,0.006088,0.9995,0.952055,0.009251
锈蚀钢筋,7,37,2.536761,2.517285,2.559054,0.010903,0.9995,0.955305,0.016466
锈蚀钢筋,7,44,2.63532,2.612499,2.66209,0.013034,0.9995,0.968382,0.018818
锈蚀钢筋,7,51,2.90915,2.884051,2.941054,0.014792,0.9995,0.989174,0.019594
锈蚀钢筋,7,58,2.396526,2.373368,2.425203,0.012932,0.9995,0.929409,0.021629
锈蚀钢筋,7,90,2.648679,2.581809,2.717959,0.035598,0.9995,0.969692,0.051403
锈蚀钢筋,8,1,2.920114,2.908027,2.930789,0.006008,0.9995,0.989679,0.007795
锈蚀钢筋,8,2,2.816935,2.805505,2.827132,0.005653,0.9995,0.984206,0.007677
锈蚀钢筋,8,3,2.719511,2.70867,2.729237,0.005363,0.9995,0.976887,0.007563
锈蚀钢筋,8,4,2.760237,2.750188,2.76917,0.004935,0.9995,0.98024,0.006877
锈蚀钢筋,8,5,2.807947,2.798718,2.816184,0.004552,0.9995,0.983628,0.00622
锈蚀钢筋,8,6,2.817715,2.810392,2.824037,0.003552,0.9995,0.984257,0.004843
锈蚀钢筋,8,7,2.847799,2.841779,2.852892,0.002918,0.9995,0.986062,0.003902
锈蚀钢筋,8,8,2.84461,2.840076,2.848258,0.002067,0.9995,0.98588,0.002876
锈蚀钢筋,8,9,2.884943,2.881694,2.88772,0.001512,0.9995,0.98804,0.002089
锈蚀钢筋,8,10,2.966871,2.96423,2.969011,0.0012,0.9995,0.991555,0.001611
锈蚀钢筋,8,11,3.075626,3.072544,3.078389,0.001507,0.9995,0.994795,0.001901
锈蚀钢筋,8,12,3.172203,3.168757,3.175449,0.001738,0.9995,0.996684,0.00211
锈蚀钢筋,8,13,3.080286,3.077732,3.082927,0.00141,0.9995,0.994905,0.001686
锈蚀钢筋,8,14,3.088862,3.084344,3.093641,0.002448,0.9995,0.995101,0.00301
锈蚀钢筋,8,15,3.127498,3.12155,3.133364,0.003131,0.9995,0.995904,0.003777
锈蚀钢筋,8,22,2.780687,2.769289,2.793412,0.006284,0.9995,0.981757,0.008675
锈蚀钢筋,8,30,2.87175,2.85932,2.885887,0.006949,0.9995,0.987364,0.009251
锈蚀钢筋,8,37,2.896055,2.87382,2.921505,0.012447,0.9995,0.988568,0.016466
锈蚀钢筋,8,44,3.006556,2.980521,3.037097,0.01487,0.9995,0.992887,0.018818
锈蚀钢筋,8,51,3.311379,3.282811,3.347695,0.016838,0.9995,0.998321,0.019594
锈蚀钢筋,8,58,2.750795,2.724214,2.783712,0.014843,0.9995,0.979476,0.021629
锈蚀钢筋,8,90,2.648679,2.581809,2.717959,0.035598,0.9995,0.969692,0.051403
锈蚀钢筋,9,1,2.413266,2.403277,2.422088,0.004965,0.9995,0.933044,0.007795
锈蚀钢筋,9,2,2.328049,2.318602,2.336476,0.004672,0.9995,0.913153,0.007677
锈蚀钢筋,9,3,2.247435,2.238475,2.255473,0.004432,0.9995,0.890496,0.007563
锈蚀钢筋,9,4,2.281178,2.272872,2.28856,0.004079,0.9995,0.900456,0.006877
锈蚀钢筋,9,5,2.320685,2.313057,2.327493,0.003762,0.9995,0.911245,0.00622
锈蚀钢筋,9,6,2.328549,2.322497,2.333774,0.002935,0.9995,0.913285,0.004843
锈蚀钢筋,9,7,2.353553,2.348578,2.357762,0.002411,0.9995,0.919531,0.003902
锈蚀钢筋,9,8,2.350914,2.347167,2.353929,0.001708,0.9995,0.918889,0.002876
锈蚀钢筋,9,9,2.384254,2.381569,2.386549,0.00125,0.9995,0.926722,0.002089
锈蚀钢筋,9,10,2.451989,2.449807,2.453758,0.000992,0.9995,0.94082,0.001611
锈蚀钢筋,9,11,2.541663,2.539116,2.543947,0.001245,0.9995,0.956071,0.001901
锈蚀钢筋,9,12,2.6217,2.618852,2.624383,0.001436,0.9995,0.96682,0.00211
锈蚀钢筋,9,13,2.545579,2.543468,2.547761,0.001166,0.9995,0.956657,0.001686
锈蚀钢筋,9,14,2.552849,2.549115,2.5568,0.002023,0.9995,0.957725,0.00301
锈蚀钢筋,9,15,2.584852,2.579936,2.5897,0.002588,0.9995,0.962179,0.003777
锈蚀钢筋,9,22,2.298078,2.288658,2.308594,0.005193,0.9995,0.905181,0.008675
锈蚀钢筋,9,30,2.373589,2.363315,2.385274,0.005743,0.9995,0.924275,0.009251
锈蚀钢筋,9,37,2.392079,2.373713,2.4131,0.010281,0.9995,0.928445,0.016466
锈蚀钢筋,9,44,2.484076,2.462564,2.509309,0.012286,0.9995,0.946664,0.018818
锈蚀钢筋,9,51,2.740774,2.717129,2.770833,0.013936,0.9995,0.97867,0.019594
锈蚀钢筋,9,58,2.27149,2.24954,2.298671,0.012257,0.9995,0.897627,0.021629
锈蚀钢筋,9,90,1.986509,1.936357,2.038469,0.026699,0.9995,0.788617,0.051403
锈蚀钢筋,10,1,3.354998,3.34111,3.367262,0.006902,0.9995,0.99866,0.007795
锈蚀钢筋,10,2,3.236521,3.223389,3.248237,0.006495,0.9995,0.997569,0.007677
锈蚀钢筋,10,3,3.124486,3.11203,3.13566,0.006162,0.9995,0.995845,0.007563
锈蚀钢筋,10,4,3.171247,3.159701,3.181509,0.00567,0.9995,0.996668,0.006877
锈蚀钢筋,10,5,3.226163,3.215558,3.235626,0.00523,0.9995,0.997443,0.00622
锈蚀钢筋,10,6,3.237251,3.228838,3.244514,0.004081,0.9995,0.997579,0.004843
锈蚀钢筋,10,7,3.271818,3.264902,3.277669,0.003352,0.9995,0.997959,0.003902
锈蚀钢筋,10,8,3.268211,3.263002,3.272402,0.002374,0.9995,0.997922,0.002876
锈蚀钢筋,10,9,3.314513,3.310779,3.317703,0.001737,0.9995,0.998353,0.002089
锈蚀钢筋,10,10,3.408544,3.40551,3.411003,0.001379,0.9995,0.998987,0.001611
锈蚀钢筋,10,11,3.533618,3.530076,3.536792,0.001731,0.9995,0.999483,0.001901
锈蚀钢筋,10,12,3.644576,3.640617,3.648306,0.001997,0.9995,0.999723,0.00211
锈蚀钢筋,10,13,3.53896,3.536026,3.541994,0.001621,0.9995,0.999498,0.001686
锈蚀钢筋,10,14,3.549011,3.543819,3.554502,0.002812,0.9995,0.999526,0.00301
锈蚀钢筋,10,15,3.593548,3.586714,3.600288,0.003598,0.9995,0.99963,0.003777
锈蚀钢筋,10,22,3.195094,3.181998,3.209716,0.00722,0.9995,0.997027,0.008675
锈蚀钢筋,10,30,3.298744,3.284467,3.314984,0.007982,0.9995,0.998215,0.009251
锈蚀钢筋,10,37,3.32769,3.302141,3.356933,0.014302,0.9995,0.998456,0.016466
锈蚀钢筋,10,44,3.451124,3.421238,3.48618,0.017069,0.9995,0.999188,0.018818
锈蚀钢筋,10,51,3.807151,3.774305,3.848904,0.019358,0.9995,0.999893,0.019594
锈蚀钢筋,10,58,3.146743,3.116335,3.184397,0.01698,0.9995,0.996247,0.021629
锈蚀钢筋,10,90,3.310848,3.227261,3.397449,0.044498,0.9995,0.998281,0.051403
