case_id,sample_type,delay_days,weather_scenario,target_decision,target_initial_mt,observed_magnetism_mt,retention_ratio,dynamic_threshold_mt,m0_hat_mt,m0_hat_lower_mt,m0_hat_upper_mt,relative_width,support_probability,actual_decision,target_hit
REP-001-1,小号铁钉,7,normal,支持曾遭雷击,2.5,1.64682,0.658728,0.658728,2.5,2.486348,2.512252,0.010361,0.99985,支持曾遭雷击,yes
REP-001-2,小号铁钉,7,normal,灰区/证据不足,1.02,0.671902,0.658728,0.658728,1.02,1.01443,1.024999,0.010361,0.519815,灰区/证据不足,yes
REP-001-3,小号铁钉,7,normal,不支持曾遭雷击,0.05,0.032936,0.658728,0.658728,0.05,0.049727,0.050245,0.010361,0.008775,不支持曾遭雷击,yes
REP-002-1,小号铁钉,7,humid_hot,支持曾遭雷击,2.5,1.603928,0.641571,0.641571,2.5,2.47175,2.526027,0.021711,0.999849,支持曾遭雷击,yes
REP-002-2,小号铁钉,7,humid_hot,灰区/证据不足,1.02,0.654403,0.641571,0.641571,1.02,1.008474,1.030619,0.021711,0.519813,灰区/证据不足,yes
REP-002-3,小号铁钉,7,humid_hot,不支持曾遭雷击,0.05,0.032079,0.641571,0.641571,0.05,0.049435,0.050521,0.021711,0.008775,不支持曾遭雷击,yes
REP-003-1,小号铁钉,30,normal,支持曾遭雷击,2.5,0.387835,0.155134,0.155134,2.5,2.452456,2.546241,0.037514,0.999847,支持曾遭雷击,yes
REP-003-2,小号铁钉,30,normal,灰区/证据不足,1.02,0.158237,0.155134,0.155134,1.02,1.000602,1.038867,0.037514,0.519809,灰区/证据不足,yes
REP-003-3,小号铁钉,30,normal,不支持曾遭雷击,0.05,0.007757,0.155134,0.155134,0.05,0.049049,0.050925,0.037514,0.008775,不支持曾遭雷击,yes
REP-004-1,小号铁钉,30,humid_hot,支持曾遭雷击,2.5,0.551151,0.22046,0.22046,2.5,2.396154,2.596892,0.080295,0.999834,支持曾遭雷击,yes
REP-004-2,小号铁钉,30,humid_hot,灰区/证据不足,1.02,0.224869,0.22046,0.22046,1.02,0.977631,1.059532,0.080295,0.519788,灰区/证据不足,yes
REP-004-3,小号铁钉,30,humid_hot,不支持曾遭雷击,0.05,0.011023,0.22046,0.22046,0.05,0.047923,0.051938,0.080295,0.008776,不支持曾遭雷击,yes
REP-005-1,小号铁钉,60,normal,灰区/证据不足,1.02,0.017582,0.017237,0.017237,1.02,0.995284,1.041616,0.045424,0.519806,灰区/证据不足,yes
REP-006-1,小号铁钉,60,humid_hot,灰区/证据不足,1.02,0.01889,0.018519,0.018519,1.02,0.977852,1.057549,0.078134,0.51979,灰区/证据不足,yes
REP-007-1,小号铁夹,7,normal,支持曾遭雷击,2.5,1.600035,0.640014,0.640014,2.5,2.486316,2.511477,0.010065,0.99985,支持曾遭雷击,yes
REP-007-2,小号铁夹,7,normal,灰区/证据不足,1.02,0.652814,0.640014,0.640014,1.02,1.014417,1.024683,0.010065,0.519815,灰区/证据不足,yes
REP-007-3,小号铁夹,7,normal,不支持曾遭雷击,0.05,0.032001,0.640014,0.640014,0.05,0.049726,0.05023,0.010065,0.008775,不支持曾遭雷击,yes
REP-008-1,小号铁夹,7,humid_hot,支持曾遭雷击,2.5,1.558361,0.623344,0.623344,2.5,2.472443,2.527367,0.02197,0.999849,支持曾遭雷击,yes
REP-008-2,小号铁夹,7,humid_hot,灰区/证据不足,1.02,0.635811,0.623344,0.623344,1.02,1.008757,1.031166,0.02197,0.519813,灰区/证据不足,yes
REP-008-3,小号铁夹,7,humid_hot,不支持曾遭雷击,0.05,0.031167,0.623344,0.623344,0.05,0.049449,0.050547,0.02197,0.008775,不支持曾遭雷击,yes
REP-009-1,小号铁夹,30,normal,支持曾遭雷击,2.5,0.340147,0.136059,0.136059,2.5,2.450762,2.548562,0.03912,0.999847,支持曾遭雷击,yes
REP-009-2,小号铁夹,30,normal,灰区/证据不足,1.02,0.13878,0.136059,0.136059,1.02,0.999911,1.039813,0.03912,0.519809,灰区/证据不足,yes
REP-009-3,小号铁夹,30,normal,不支持曾遭雷击,0.05,0.006803,0.136059,0.136059,0.05,0.049015,0.050971,0.03912,0.008775,不支持曾遭雷击,yes
REP-010-1,小号铁夹,30,humid_hot,支持曾遭雷击,2.5,0.483381,0.193353,0.193353,2.5,2.39635,2.597411,0.080425,0.999834,支持曾遭雷击,yes
REP-010-2,小号铁夹,30,humid_hot,灰区/证据不足,1.02,0.19722,0.193353,0.193353,1.02,0.977711,1.059744,0.080425,0.519788,灰区/证据不足,yes
REP-010-3,小号铁夹,30,humid_hot,不支持曾遭雷击,0.05,0.009668,0.193353,0.193353,0.05,0.047927,0.051948,0.080425,0.008776,不支持曾遭雷击,yes
REP-011-1,小号铁夹,60,normal,灰区/证据不足,1.02,0.013493,0.013228,0.013228,1.02,0.993395,1.042006,0.047657,0.519806,灰区/证据不足,yes
REP-012-1,小号铁夹,60,humid_hot,灰区/证据不足,1.02,0.014496,0.014212,0.014212,1.02,0.976974,1.056665,0.078128,0.519789,灰区/证据不足,yes
REP-013-1,普通钢筋,7,normal,支持曾遭雷击,3.75,2.712727,0.723394,1.085091,3.75,3.728564,3.76814,0.010554,0.99985,支持曾遭雷击,yes
REP-013-2,普通钢筋,7,normal,灰区/证据不足,1.53,1.106793,0.723394,1.085091,1.53,1.521254,1.537401,0.010554,0.519815,灰区/证据不足,yes
REP-013-3,普通钢筋,7,normal,不支持曾遭雷击,0.075,0.054255,0.723394,1.085091,0.075,0.074571,0.075363,0.010554,0.008775,不支持曾遭雷击,yes
REP-014-1,普通钢筋,7,humid_hot,支持曾遭雷击,3.75,2.642073,0.704553,1.056829,3.75,3.707568,3.789154,0.021756,0.999849,支持曾遭雷击,yes
REP-014-2,普通钢筋,7,humid_hot,灰区/证据不足,1.53,1.077966,0.704553,1.056829,1.53,1.512688,1.545975,0.021756,0.519813,灰区/证据不足,yes
REP-014-3,普通钢筋,7,humid_hot,不支持曾遭雷击,0.075,0.052841,0.704553,1.056829,0.075,0.074151,0.075783,0.021756,0.008775,不支持曾遭雷击,yes
REP-015-1,普通钢筋,30,normal,支持曾遭雷击,3.75,0.899926,0.23998,0.35997,3.75,3.678721,3.818789,0.037351,0.999847,支持曾遭雷击,yes
REP-015-2,普通钢筋,30,normal,灰区/证据不足,1.53,0.36717,0.23998,0.35997,1.53,1.500918,1.558066,0.037351,0.519809,灰区/证据不足,yes
REP-015-3,普通钢筋,30,normal,不支持曾遭雷击,0.075,0.017999,0.23998,0.35997,0.075,0.073574,0.076376,0.037351,0.008775,不支持曾遭雷击,yes
REP-016-1,普通钢筋,30,humid_hot,支持曾遭雷击,3.75,1.27888,0.341035,0.511552,3.75,3.596867,3.894714,0.079426,0.999834,支持曾遭雷击,yes
REP-016-2,普通钢筋,30,humid_hot,灰区/证据不足,1.53,0.521783,0.341035,0.511552,1.53,1.467522,1.589043,0.079426,0.519789,灰区/证据不足,yes
REP-016-3,普通钢筋,30,humid_hot,不支持曾遭雷击,0.075,0.025578,0.341035,0.511552,0.075,0.071937,0.077894,0.079426,0.008776,不支持曾遭雷击,yes
REP-017-1,普通钢筋,60,normal,灰区/证据不足,1.53,0.063785,0.041689,0.062534,1.53,1.493677,1.563929,0.045916,0.519807,灰区/证据不足,yes
REP-018-1,普通钢筋,60,humid_hot,灰区/证据不足,1.53,0.068529,0.04479,0.067185,1.53,1.468189,1.587038,0.077679,0.519791,灰区/证据不足,yes
REP-019-1,锈蚀钢筋,7,normal,支持曾遭雷击,3.75,2.24473,0.598595,0.897892,3.75,3.732912,3.763827,0.008244,0.99985,支持曾遭雷击,yes
REP-019-2,锈蚀钢筋,7,normal,灰区/证据不足,1.53,0.91585,0.598595,0.897892,1.53,1.523028,1.535641,0.008244,0.519815,灰区/证据不足,yes
REP-019-3,锈蚀钢筋,7,normal,不支持曾遭雷击,0.075,0.044895,0.598595,0.897892,0.075,0.074658,0.075277,0.008244,0.008775,不支持曾遭雷击,yes
REP-020-1,锈蚀钢筋,7,humid_hot,支持曾遭雷击,3.75,2.186265,0.583004,0.874506,3.75,3.712066,3.786692,0.0199,0.999849,支持曾遭雷击,yes
REP-020-2,锈蚀钢筋,7,humid_hot,灰区/证据不足,1.53,0.891996,0.583004,0.874506,1.53,1.514523,1.54497,0.0199,0.519813,灰区/证据不足,yes
REP-020-3,锈蚀钢筋,7,humid_hot,不支持曾遭雷击,0.075,0.043725,0.583004,0.874506,0.075,0.074241,0.075734,0.0199,0.008775,不支持曾遭雷击,yes
REP-021-1,锈蚀钢筋,30,normal,支持曾遭雷击,3.75,0.373888,0.099703,0.149555,3.75,3.667258,3.82556,0.042214,0.999846,支持曾遭雷击,yes
REP-021-2,锈蚀钢筋,30,normal,灰区/证据不足,1.53,0.152546,0.099703,0.149555,1.53,1.496241,1.560828,0.042214,0.519807,灰区/证据不足,yes
REP-021-3,锈蚀钢筋,30,normal,不支持曾遭雷击,0.075,0.007478,0.099703,0.149555,0.075,0.073345,0.076511,0.042214,0.008775,不支持曾遭雷击,yes
REP-022-1,锈蚀钢筋,30,humid_hot,支持曾遭雷击,3.75,0.53133,0.141688,0.212532,3.75,3.582713,3.902179,0.085191,0.999832,支持曾遭雷击,yes
REP-022-2,锈蚀钢筋,30,humid_hot,灰区/证据不足,1.53,0.216783,0.141688,0.212532,1.53,1.461747,1.592089,0.085191,0.519785,灰区/证据不足,yes
REP-022-3,锈蚀钢筋,30,humid_hot,不支持曾遭雷击,0.075,0.010627,0.141688,0.212532,0.075,0.071654,0.078044,0.085191,0.008776,不支持曾遭雷击,yes
REP-023-1,锈蚀钢筋,60,normal,灰区/证据不足,1.53,0.010788,0.007051,0.010577,1.53,1.486579,1.570496,0.054847,0.5198,灰区/证据不足,yes
REP-024-1,锈蚀钢筋,60,humid_hot,灰区/证据不足,1.53,0.011591,0.007576,0.011364,1.53,1.459569,1.598221,0.090622,0.519779,灰区/证据不足,yes
