case_id,sample_type,delay_days,weather_scenario,target_decision,day,weather,temp_c,hum_pct,retention_ratio
REP-001-1,小号铁钉,7,normal,支持曾遭雷击,1,阴转多云,12.5,80.0,0.908353
REP-001-1,小号铁钉,7,normal,支持曾遭雷击,2,晴转多云,11.0,70.0,0.885299
REP-001-1,小号铁钉,7,normal,支持曾遭雷击,3,阴,12.5,80.0,0.838241
REP-001-1,小号铁钉,7,normal,支持曾遭雷击,4,阴,15.5,80.0,0.801747
REP-001-1,小号铁钉,7,normal,支持曾遭雷击,5,小雨,14.0,85.0,0.743882
REP-001-1,小号铁钉,7,normal,支持曾遭雷击,6,小雨,11.5,85.0,0.687745
REP-001-1,小号铁钉,7,normal,支持曾遭雷击,7,多云,11.5,75.0,0.658728
REP-001-2,小号铁钉,7,normal,灰区/证据不足,1,阴转多云,12.5,80.0,0.908353
REP-001-2,小号铁钉,7,normal,灰区/证据不足,2,晴转多云,11.0,70.0,0.885299
REP-001-2,小号铁钉,7,normal,灰区/证据不足,3,阴,12.5,80.0,0.838241
REP-001-2,小号铁钉,7,normal,灰区/证据不足,4,阴,15.5,80.0,0.801747
REP-001-2,小号铁钉,7,normal,灰区/证据不足,5,小雨,14.0,85.0,0.743882
REP-001-2,小号铁钉,7,normal,灰区/证据不足,6,小雨,11.5,85.0,0.687745
REP-001-2,小号铁钉,7,normal,灰区/证据不足,7,多云,11.5,75.0,0.658728
REP-001-3,小号铁钉,7,normal,不支持曾遭雷击,1,阴转多云,12.5,80.0,0.908353
REP-001-3,小号铁钉,7,normal,不支持曾遭雷击,2,晴转多云,11.0,70.0,0.885299
REP-001-3,小号铁钉,7,normal,不支持曾遭雷击,3,阴,12.5,80.0,0.838241
REP-001-3,小号铁钉,7,normal,不支持曾遭雷击,4,阴,15.5,80.0,0.801747
REP-001-3,小号铁钉,7,normal,不支持曾遭雷击,5,小雨,14.0,85.0,0.743882
REP-001-3,小号铁钉,7,normal,不支持曾遭雷击,6,小雨,11.5,85.0,0.687745
REP-001-3,小号铁钉,7,normal,不支持曾遭雷击,7,多云,11.5,75.0,0.658728
REP-002-1,小号铁钉,7,humid_hot,支持曾遭雷击,1,小雨,18.0,85.0,0.895444
REP-002-1,小号铁钉,7,humid_hot,支持曾遭雷击,2,小雨,19.0,85.0,0.837352
REP-002-1,小号铁钉,7,humid_hot,支持曾遭雷击,3,晴转小雨,19.5,85.0,0.7829
REP-002-1,小号铁钉,7,humid_hot,支持曾遭雷击,4,小雨,18.5,85.0,0.73063
REP-002-1,小号铁钉,7,humid_hot,支持曾遭雷击,5,雨,18.5,85.0,0.681352
REP-002-1,小号铁钉,7,humid_hot,支持曾遭雷击,6,雨转阴,20.0,80.0,0.661404
REP-002-1,小号铁钉,7,humid_hot,支持曾遭雷击,7,阴,20.0,80.0,0.641571
REP-002-2,小号铁钉,7,humid_hot,灰区/证据不足,1,小雨,18.0,85.0,0.895444
REP-002-2,小号铁钉,7,humid_hot,灰区/证据不足,2,小雨,19.0,85.0,0.837352
REP-002-2,小号铁钉,7,humid_hot,灰区/证据不足,3,晴转小雨,19.5,85.0,0.7829
REP-002-2,小号铁钉,7,humid_hot,灰区/证据不足,4,小雨,18.5,85.0,0.73063
REP-002-2,小号铁钉,7,humid_hot,灰区/证据不足,5,雨,18.5,85.0,0.681352
REP-002-2,小号铁钉,7,humid_hot,灰区/证据不足,6,雨转阴,20.0,80.0,0.661404
REP-002-2,小号铁钉,7,humid_hot,灰区/证据不足,7,阴,20.0,80.0,0.641571
REP-002-3,小号铁钉,7,humid_hot,不支持曾遭雷击,1,小雨,18.0,85.0,0.895444
REP-002-3,小号铁钉,7,humid_hot,不支持曾遭雷击,2,小雨,19.0,85.0,0.837352
REP-002-3,小号铁钉,7,humid_hot,不支持曾遭雷击,3,晴转小雨,19.5,85.0,0.7829
REP-002-3,小号铁钉,7,humid_hot,不支持曾遭雷击,4,小雨,18.5,85.0,0.73063
REP-002-3,小号铁钉,7,humid_hot,不支持曾遭雷击,5,雨,18.5,85.0,0.681352
REP-002-3,小号铁钉,7,humid_hot,不支持曾遭雷击,6,雨转阴,20.0,80.0,0.661404
REP-002-3,小号铁钉,7,humid_hot,不支持曾遭雷击,7,阴,20.0,80.0,0.641571
REP-003-1,小号铁钉,30,normal,支持曾遭雷击,1,阴,10.0,80.0,0.900186
REP-003-1,小号铁钉,30,normal,支持曾遭雷击,2,多云,10.5,75.0,0.860097
REP-003-1,小号铁钉,30,normal,支持曾遭雷击,3,多云,10.5,75.0,0.821194
REP-003-1,小号铁钉,30,normal,支持曾遭雷击,4,多云,12.5,75.0,0.793089
REP-003-1,小号铁钉,30,normal,支持曾遭雷击,5,多云转晴,14.0,70.0,0.791378
REP-003-1,小号铁钉,30,normal,支持曾遭雷击,6,多云,15.0,75.0,0.774898
REP-003-1,小号铁钉,30,normal,支持曾遭雷击,7,多云转小雨,14.0,85.0,0.717922
REP-003-1,小号铁钉,30,normal,支持曾遭雷击,8,小雨转阴,13.0,85.0,0.663901
REP-003-1,小号铁钉,30,normal,支持曾遭雷击,9,小雨转阴,12.0,85.0,0.612805
REP-003-1,小号铁钉,30,normal,支持曾遭雷击,10,多云,12.0,75.0,0.587454
REP-003-1,小号铁钉,30,normal,支持曾遭雷击,11,多云转阴,12.0,80.0,0.551994
REP-003-1,小号铁钉,30,normal,支持曾遭雷击,12,晴转多云,12.0,70.0,0.538676
REP-003-1,小号铁钉,30,normal,支持曾遭雷击,13,阴转多云,12.5,80.0,0.506336
REP-003-1,小号铁钉,30,normal,支持曾遭雷击,14,晴转多云,11.0,70.0,0.489185
REP-003-1,小号铁钉,30,normal,支持曾遭雷击,15,阴,12.5,80.0,0.459146
REP-003-1,小号铁钉,30,normal,支持曾遭雷击,16,阴,15.5,80.0,0.43533
REP-003-1,小号铁钉,30,normal,支持曾遭雷击,17,小雨,14.0,85.0,0.400391
REP-003-1,小号铁钉,30,normal,支持曾遭雷击,18,小雨,11.5,85.0,0.36695
REP-003-1,小号铁钉,30,normal,支持曾遭雷击,19,多云,11.5,75.0,0.348405
REP-003-1,小号铁钉,30,normal,支持曾遭雷击,20,多云,12.0,75.0,0.331565
REP-003-1,小号铁钉,30,normal,支持曾遭雷击,21,阴,13.0,80.0,0.310407
REP-003-1,小号铁钉,30,normal,支持曾遭雷击,22,阴,12.5,80.0,0.289862
REP-003-1,小号铁钉,30,normal,支持曾遭雷击,23,小雨,11.5,85.0,0.264686
REP-003-1,小号铁钉,30,normal,支持曾遭雷击,24,小雨,12.5,85.0,0.241793
REP-003-1,小号铁钉,30,normal,支持曾遭雷击,25,小雨,13.0,85.0,0.220843
REP-003-1,小号铁钉,30,normal,支持曾遭雷击,26,多云转阵雨,16.5,80.0,0.208619
REP-003-1,小号铁钉,30,normal,支持曾遭雷击,27,小雨,13.0,85.0,0.190266
REP-003-1,小号铁钉,30,normal,支持曾遭雷击,28,分散阵雨转多云,18.0,80.0,0.180447
REP-003-1,小号铁钉,30,normal,支持曾遭雷击,29,多云转阵雨,16.5,80.0,0.170086
REP-003-1,小号铁钉,30,normal,支持曾遭雷击,30,小雨,15.0,85.0,0.155134
REP-003-2,小号铁钉,30,normal,灰区/证据不足,1,阴,10.0,80.0,0.900186
REP-003-2,小号铁钉,30,normal,灰区/证据不足,2,多云,10.5,75.0,0.860097
REP-003-2,小号铁钉,30,normal,灰区/证据不足,3,多云,10.5,75.0,0.821194
REP-003-2,小号铁钉,30,normal,灰区/证据不足,4,多云,12.5,75.0,0.793089
REP-003-2,小号铁钉,30,normal,灰区/证据不足,5,多云转晴,14.0,70.0,0.791378
REP-003-2,小号铁钉,30,normal,灰区/证据不足,6,多云,15.0,75.0,0.774898
REP-003-2,小号铁钉,30,normal,灰区/证据不足,7,多云转小雨,14.0,85.0,0.717922
REP-003-2,小号铁钉,30,normal,灰区/证据不足,8,小雨转阴,13.0,85.0,0.663901
REP-003-2,小号铁钉,30,normal,灰区/证据不足,9,小雨转阴,12.0,85.0,0.612805
REP-003-2,小号铁钉,30,normal,灰区/证据不足,10,多云,12.0,75.0,0.587454
REP-003-2,小号铁钉,30,normal,灰区/证据不足,11,多云转阴,12.0,80.0,0.551994
REP-003-2,小号铁钉,30,normal,灰区/证据不足,12,晴转多云,12.0,70.0,0.538676
REP-003-2,小号铁钉,30,normal,灰区/证据不足,13,阴转多云,12.5,80.0,0.506336
REP-003-2,小号铁钉,30,normal,灰区/证据不足,14,晴转多云,11.0,70.0,0.489185
REP-003-2,小号铁钉,30,normal,灰区/证据不足,15,阴,12.5,80.0,0.459146
REP-003-2,小号铁钉,30,normal,灰区/证据不足,16,阴,15.5,80.0,0.43533
REP-003-2,小号铁钉,30,normal,灰区/证据不足,17,小雨,14.0,85.0,0.400391
REP-003-2,小号铁钉,30,normal,灰区/证据不足,18,小雨,11.5,85.0,0.36695
REP-003-2,小号铁钉,30,normal,灰区/证据不足,19,多云,11.5,75.0,0.348405
REP-003-2,小号铁钉,30,normal,灰区/证据不足,20,多云,12.0,75.0,0.331565
REP-003-2,小号铁钉,30,normal,灰区/证据不足,21,阴,13.0,80.0,0.310407
REP-003-2,小号铁钉,30,normal,灰区/证据不足,22,阴,12.5,80.0,0.289862
REP-003-2,小号铁钉,30,normal,灰区/证据不足,23,小雨,11.5,85.0,0.264686
REP-003-2,小号铁钉,30,normal,灰区/证据不足,24,小雨,12.5,85.0,0.241793
REP-003-2,小号铁钉,30,normal,灰区/证据不足,25,小雨,13.0,85.0,0.220843
REP-003-2,小号铁钉,30,normal,灰区/证据不足,26,多云转阵雨,16.5,80.0,0.208619
REP-003-2,小号铁钉,30,normal,灰区/证据不足,27,小雨,13.0,85.0,0.190266
REP-003-2,小号铁钉,30,normal,灰区/证据不足,28,分散阵雨转多云,18.0,80.0,0.180447
REP-003-2,小号铁钉,30,normal,灰区/证据不足,29,多云转阵雨,16.5,80.0,0.170086
REP-003-2,小号铁钉,30,normal,灰区/证据不足,30,小雨,15.0,85.0,0.155134
REP-003-3,小号铁钉,30,normal,不支持曾遭雷击,1,阴,10.0,80.0,0.900186
REP-003-3,小号铁钉,30,normal,不支持曾遭雷击,2,多云,10.5,75.0,0.860097
REP-003-3,小号铁钉,30,normal,不支持曾遭雷击,3,多云,10.5,75.0,0.821194
REP-003-3,小号铁钉,30,normal,不支持曾遭雷击,4,多云,12.5,75.0,0.793089
REP-003-3,小号铁钉,30,normal,不支持曾遭雷击,5,多云转晴,14.0,70.0,0.791378
REP-003-3,小号铁钉,30,normal,不支持曾遭雷击,6,多云,15.0,75.0,0.774898
REP-003-3,小号铁钉,30,normal,不支持曾遭雷击,7,多云转小雨,14.0,85.0,0.717922
REP-003-3,小号铁钉,30,normal,不支持曾遭雷击,8,小雨转阴,13.0,85.0,0.663901
REP-003-3,小号铁钉,30,normal,不支持曾遭雷击,9,小雨转阴,12.0,85.0,0.612805
REP-003-3,小号铁钉,30,normal,不支持曾遭雷击,10,多云,12.0,75.0,0.587454
REP-003-3,小号铁钉,30,normal,不支持曾遭雷击,11,多云转阴,12.0,80.0,0.551994
REP-003-3,小号铁钉,30,normal,不支持曾遭雷击,12,晴转多云,12.0,70.0,0.538676
REP-003-3,小号铁钉,30,normal,不支持曾遭雷击,13,阴转多云,12.5,80.0,0.506336
REP-003-3,小号铁钉,30,normal,不支持曾遭雷击,14,晴转多云,11.0,70.0,0.489185
REP-003-3,小号铁钉,30,normal,不支持曾遭雷击,15,阴,12.5,80.0,0.459146
REP-003-3,小号铁钉,30,normal,不支持曾遭雷击,16,阴,15.5,80.0,0.43533
REP-003-3,小号铁钉,30,normal,不支持曾遭雷击,17,小雨,14.0,85.0,0.400391
REP-003-3,小号铁钉,30,normal,不支持曾遭雷击,18,小雨,11.5,85.0,0.36695
REP-003-3,小号铁钉,30,normal,不支持曾遭雷击,19,多云,11.5,75.0,0.348405
REP-003-3,小号铁钉,30,normal,不支持曾遭雷击,20,多云,12.0,75.0,0.331565
REP-003-3,小号铁钉,30,normal,不支持曾遭雷击,21,阴,13.0,80.0,0.310407
REP-003-3,小号铁钉,30,normal,不支持曾遭雷击,22,阴,12.5,80.0,0.289862
REP-003-3,小号铁钉,30,normal,不支持曾遭雷击,23,小雨,11.5,85.0,0.264686
REP-003-3,小号铁钉,30,normal,不支持曾遭雷击,24,小雨,12.5,85.0,0.241793
REP-003-3,小号铁钉,30,normal,不支持曾遭雷击,25,小雨,13.0,85.0,0.220843
REP-003-3,小号铁钉,30,normal,不支持曾遭雷击,26,多云转阵雨,16.5,80.0,0.208619
REP-003-3,小号铁钉,30,normal,不支持曾遭雷击,27,小雨,13.0,85.0,0.190266
REP-003-3,小号铁钉,30,normal,不支持曾遭雷击,28,分散阵雨转多云,18.0,80.0,0.180447
REP-003-3,小号铁钉,30,normal,不支持曾遭雷击,29,多云转阵雨,16.5,80.0,0.170086
REP-003-3,小号铁钉,30,normal,不支持曾遭雷击,30,小雨,15.0,85.0,0.155134
REP-004-1,小号铁钉,30,humid_hot,支持曾遭雷击,1,阴,15.0,80.0,0.916594
REP-004-1,小号铁钉,30,humid_hot,支持曾遭雷击,2,多云,16.5,75.0,0.908396
REP-004-1,小号铁钉,30,humid_hot,支持曾遭雷击,3,多云,17.5,75.0,0.905115
REP-004-1,小号铁钉,30,humid_hot,支持曾遭雷击,4,多云,16.0,75.0,0.892987
REP-004-1,小号铁钉,30,humid_hot,支持曾遭雷击,5,小雨,14.0,85.0,0.828537
REP-004-1,小号铁钉,30,humid_hot,支持曾遭雷击,6,小雨,13.5,85.0,0.767744
REP-004-1,小号铁钉,30,humid_hot,支持曾遭雷击,7,阴转多云,15.5,80.0,0.732714
REP-004-1,小号铁钉,30,humid_hot,支持曾遭雷击,8,晴,17.5,70.0,0.732714
REP-004-1,小号铁钉,30,humid_hot,支持曾遭雷击,9,中到大雨,13.0,90.0,0.679738
REP-004-1,小号铁钉,30,humid_hot,支持曾遭雷击,10,小雨,12.0,85.0,0.626965
REP-004-1,小号铁钉,30,humid_hot,支持曾遭雷击,11,多云,14.5,75.0,0.609813
REP-004-1,小号铁钉,30,humid_hot,支持曾遭雷击,12,晴,16.5,70.0,0.609813
REP-004-1,小号铁钉,30,humid_hot,支持曾遭雷击,13,晴,18.0,70.0,0.609813
REP-004-1,小号铁钉,30,humid_hot,支持曾遭雷击,14,多云,19.0,75.0,0.609813
REP-004-1,小号铁钉,30,humid_hot,支持曾遭雷击,15,多云,20.0,75.0,0.609813
REP-004-1,小号铁钉,30,humid_hot,支持曾遭雷击,16,多云转小雨,18.5,85.0,0.587673
REP-004-1,小号铁钉,30,humid_hot,支持曾遭雷击,17,小雨,17.5,85.0,0.542649
REP-004-1,小号铁钉,30,humid_hot,支持曾遭雷击,18,小雨,16.0,85.0,0.499861
REP-004-1,小号铁钉,30,humid_hot,支持曾遭雷击,19,阴,18.0,80.0,0.477187
REP-004-1,小号铁钉,30,humid_hot,支持曾遭雷击,20,多云,19.5,75.0,0.475365
REP-004-1,小号铁钉,30,humid_hot,支持曾遭雷击,21,多云转小雨,19.0,85.0,0.438408
REP-004-1,小号铁钉,30,humid_hot,支持曾遭雷击,22,小雨,17.5,85.0,0.403346
REP-004-1,小号铁钉,30,humid_hot,支持曾遭雷击,23,小雨转阴,16.0,85.0,0.370189
REP-004-1,小号铁钉,30,humid_hot,支持曾遭雷击,24,小雨,18.0,85.0,0.340279
REP-004-1,小号铁钉,30,humid_hot,支持曾遭雷击,25,小雨,19.0,85.0,0.31291
REP-004-1,小号铁钉,30,humid_hot,支持曾遭雷击,26,晴转小雨,19.5,85.0,0.287695
REP-004-1,小号铁钉,30,humid_hot,支持曾遭雷击,27,小雨,18.5,85.0,0.264021
REP-004-1,小号铁钉,30,humid_hot,支持曾遭雷击,28,雨,18.5,85.0,0.242118
REP-004-1,小号铁钉,30,humid_hot,支持曾遭雷击,29,雨转阴,20.0,80.0,0.23112
REP-004-1,小号铁钉,30,humid_hot,支持曾遭雷击,30,阴,20.0,80.0,0.22046
REP-004-2,小号铁钉,30,humid_hot,灰区/证据不足,1,阴,15.0,80.0,0.916594
REP-004-2,小号铁钉,30,humid_hot,灰区/证据不足,2,多云,16.5,75.0,0.908396
REP-004-2,小号铁钉,30,humid_hot,灰区/证据不足,3,多云,17.5,75.0,0.905115
REP-004-2,小号铁钉,30,humid_hot,灰区/证据不足,4,多云,16.0,75.0,0.892987
REP-004-2,小号铁钉,30,humid_hot,灰区/证据不足,5,小雨,14.0,85.0,0.828537
REP-004-2,小号铁钉,30,humid_hot,灰区/证据不足,6,小雨,13.5,85.0,0.767744
REP-004-2,小号铁钉,30,humid_hot,灰区/证据不足,7,阴转多云,15.5,80.0,0.732714
REP-004-2,小号铁钉,30,humid_hot,灰区/证据不足,8,晴,17.5,70.0,0.732714
REP-004-2,小号铁钉,30,humid_hot,灰区/证据不足,9,中到大雨,13.0,90.0,0.679738
REP-004-2,小号铁钉,30,humid_hot,灰区/证据不足,10,小雨,12.0,85.0,0.626965
REP-004-2,小号铁钉,30,humid_hot,灰区/证据不足,11,多云,14.5,75.0,0.609813
REP-004-2,小号铁钉,30,humid_hot,灰区/证据不足,12,晴,16.5,70.0,0.609813
REP-004-2,小号铁钉,30,humid_hot,灰区/证据不足,13,晴,18.0,70.0,0.609813
REP-004-2,小号铁钉,30,humid_hot,灰区/证据不足,14,多云,19.0,75.0,0.609813
REP-004-2,小号铁钉,30,humid_hot,灰区/证据不足,15,多云,20.0,75.0,0.609813
REP-004-2,小号铁钉,30,humid_hot,灰区/证据不足,16,多云转小雨,18.5,85.0,0.587673
REP-004-2,小号铁钉,30,humid_hot,灰区/证据不足,17,小雨,17.5,85.0,0.542649
REP-004-2,小号铁钉,30,humid_hot,灰区/证据不足,18,小雨,16.0,85.0,0.499861
REP-004-2,小号铁钉,30,humid_hot,灰区/证据不足,19,阴,18.0,80.0,0.477187
REP-004-2,小号铁钉,30,humid_hot,灰区/证据不足,20,多云,19.5,75.0,0.475365
REP-004-2,小号铁钉,30,humid_hot,灰区/证据不足,21,多云转小雨,19.0,85.0,0.438408
REP-004-2,小号铁钉,30,humid_hot,灰区/证据不足,22,小雨,17.5,85.0,0.403346
REP-004-2,小号铁钉,30,humid_hot,灰区/证据不足,23,小雨转阴,16.0,85.0,0.370189
REP-004-2,小号铁钉,30,humid_hot,灰区/证据不足,24,小雨,18.0,85.0,0.340279
REP-004-2,小号铁钉,30,humid_hot,灰区/证据不足,25,小雨,19.0,85.0,0.31291
REP-004-2,小号铁钉,30,humid_hot,灰区/证据不足,26,晴转小雨,19.5,85.0,0.287695
REP-004-2,小号铁钉,30,humid_hot,灰区/证据不足,27,小雨,18.5,85.0,0.264021
REP-004-2,小号铁钉,30,humid_hot,灰区/证据不足,28,雨,18.5,85.0,0.242118
REP-004-2,小号铁钉,30,humid_hot,灰区/证据不足,29,雨转阴,20.0,80.0,0.23112
REP-004-2,小号铁钉,30,humid_hot,灰区/证据不足,30,阴,20.0,80.0,0.22046
REP-004-3,小号铁钉,30,humid_hot,不支持曾遭雷击,1,阴,15.0,80.0,0.916594
REP-004-3,小号铁钉,30,humid_hot,不支持曾遭雷击,2,多云,16.5,75.0,0.908396
REP-004-3,小号铁钉,30,humid_hot,不支持曾遭雷击,3,多云,17.5,75.0,0.905115
REP-004-3,小号铁钉,30,humid_hot,不支持曾遭雷击,4,多云,16.0,75.0,0.892987
REP-004-3,小号铁钉,30,humid_hot,不支持曾遭雷击,5,小雨,14.0,85.0,0.828537
REP-004-3,小号铁钉,30,humid_hot,不支持曾遭雷击,6,小雨,13.5,85.0,0.767744
REP-004-3,小号铁钉,30,humid_hot,不支持曾遭雷击,7,阴转多云,15.5,80.0,0.732714
REP-004-3,小号铁钉,30,humid_hot,不支持曾遭雷击,8,晴,17.5,70.0,0.732714
REP-004-3,小号铁钉,30,humid_hot,不支持曾遭雷击,9,中到大雨,13.0,90.0,0.679738
REP-004-3,小号铁钉,30,humid_hot,不支持曾遭雷击,10,小雨,12.0,85.0,0.626965
REP-004-3,小号铁钉,30,humid_hot,不支持曾遭雷击,11,多云,14.5,75.0,0.609813
REP-004-3,小号铁钉,30,humid_hot,不支持曾遭雷击,12,晴,16.5,70.0,0.609813
REP-004-3,小号铁钉,30,humid_hot,不支持曾遭雷击,13,晴,18.0,70.0,0.609813
REP-004-3,小号铁钉,30,humid_hot,不支持曾遭雷击,14,多云,19.0,75.0,0.609813
REP-004-3,小号铁钉,30,humid_hot,不支持曾遭雷击,15,多云,20.0,75.0,0.609813
REP-004-3,小号铁钉,30,humid_hot,不支持曾遭雷击,16,多云转小雨,18.5,85.0,0.587673
REP-004-3,小号铁钉,30,humid_hot,不支持曾遭雷击,17,小雨,17.5,85.0,0.542649
REP-004-3,小号铁钉,30,humid_hot,不支持曾遭雷击,18,小雨,16.0,85.0,0.499861
REP-004-3,小号铁钉,30,humid_hot,不支持曾遭雷击,19,阴,18.0,80.0,0.477187
REP-004-3,小号铁钉,30,humid_hot,不支持曾遭雷击,20,多云,19.5,75.0,0.475365
REP-004-3,小号铁钉,30,humid_hot,不支持曾遭雷击,21,多云转小雨,19.0,85.0,0.438408
REP-004-3,小号铁钉,30,humid_hot,不支持曾遭雷击,22,小雨,17.5,85.0,0.403346
REP-004-3,小号铁钉,30,humid_hot,不支持曾遭雷击,23,小雨转阴,16.0,85.0,0.370189
REP-004-3,小号铁钉,30,humid_hot,不支持曾遭雷击,24,小雨,18.0,85.0,0.340279
REP-004-3,小号铁钉,30,humid_hot,不支持曾遭雷击,25,小雨,19.0,85.0,0.31291
REP-004-3,小号铁钉,30,humid_hot,不支持曾遭雷击,26,晴转小雨,19.5,85.0,0.287695
REP-004-3,小号铁钉,30,humid_hot,不支持曾遭雷击,27,小雨,18.5,85.0,0.264021
REP-004-3,小号铁钉,30,humid_hot,不支持曾遭雷击,28,雨,18.5,85.0,0.242118
REP-004-3,小号铁钉,30,humid_hot,不支持曾遭雷击,29,雨转阴,20.0,80.0,0.23112
REP-004-3,小号铁钉,30,humid_hot,不支持曾遭雷击,30,阴,20.0,80.0,0.22046
REP-005-1,小号铁钉,60,normal,灰区/证据不足,1,中度雾霾,12.0,80.0,0.906714
REP-005-1,小号铁钉,60,normal,灰区/证据不足,2,晴/多云,13.5,65.0,0.906714
REP-005-1,小号铁钉,60,normal,灰区/证据不足,3,阴,11.5,80.0,0.871609
REP-005-1,小号铁钉,60,normal,灰区/证据不足,4,中雨,11.5,90.0,0.79258
REP-005-1,小号铁钉,60,normal,灰区/证据不足,5,小雨,8.5,85.0,0.730822
REP-005-1,小号铁钉,60,normal,灰区/证据不足,6,小雨,7.0,85.0,0.672245
REP-005-1,小号铁钉,60,normal,灰区/证据不足,7,晴,8.0,70.0,0.636213
REP-005-1,小号铁钉,60,normal,灰区/证据不足,8,多云,8.5,75.0,0.597892
REP-005-1,小号铁钉,60,normal,灰区/证据不足,9,多云,9.0,75.0,0.563184
REP-005-1,小号铁钉,60,normal,灰区/证据不足,10,阴,10.0,80.0,0.525762
REP-005-1,小号铁钉,60,normal,灰区/证据不足,11,阴/小雨,10.0,85.0,0.483497
REP-005-1,小号铁钉,60,normal,灰区/证据不足,12,多云,10.5,75.0,0.458607
REP-005-1,小号铁钉,60,normal,灰区/证据不足,13,多云,10.0,75.0,0.43336
REP-005-1,小号铁钉,60,normal,灰区/证据不足,14,小雨,10.0,85.0,0.397651
REP-005-1,小号铁钉,60,normal,灰区/证据不足,15,小雨,10.0,85.0,0.364619
REP-005-1,小号铁钉,60,normal,灰区/证据不足,16,阴,10.0,80.0,0.338905
REP-005-1,小号铁钉,60,normal,灰区/证据不足,17,多云,10.5,75.0,0.320289
REP-005-1,小号铁钉,60,normal,灰区/证据不足,18,多云,10.5,75.0,0.302475
REP-005-1,小号铁钉,60,normal,灰区/证据不足,19,多云,12.5,75.0,0.288944
REP-005-1,小号铁钉,60,normal,灰区/证据不足,20,多云转晴,14.0,70.0,0.285184
REP-005-1,小号铁钉,60,normal,灰区/证据不足,21,多云,15.0,75.0,0.276207
REP-005-1,小号铁钉,60,normal,灰区/证据不足,22,多云转小雨,14.0,85.0,0.253114
REP-005-1,小号铁钉,60,normal,灰区/证据不足,23,小雨转阴,13.0,85.0,0.231521
REP-005-1,小号铁钉,60,normal,灰区/证据不足,24,小雨转阴,12.0,85.0,0.211377
REP-005-1,小号铁钉,60,normal,灰区/证据不足,25,多云,12.0,75.0,0.200428
REP-005-1,小号铁钉,60,normal,灰区/证据不足,26,多云转阴,12.0,80.0,0.186281
REP-005-1,小号铁钉,60,normal,灰区/证据不足,27,晴转多云,12.0,70.0,0.179809
REP-005-1,小号铁钉,60,normal,灰区/证据不足,28,阴转多云,12.5,80.0,0.167175
REP-005-1,小号铁钉,60,normal,灰区/证据不足,29,晴转多云,11.0,70.0,0.159755
REP-005-1,小号铁钉,60,normal,灰区/证据不足,30,阴,12.5,80.0,0.148313
REP-005-1,小号铁钉,60,normal,灰区/证据不足,31,阴,15.5,80.0,0.13909
REP-005-1,小号铁钉,60,normal,灰区/证据不足,32,小雨,14.0,85.0,0.126535
REP-005-1,小号铁钉,60,normal,灰区/证据不足,33,小雨,11.5,85.0,0.114705
REP-005-1,小号铁钉,60,normal,灰区/证据不足,34,多云,11.5,75.0,0.107723
REP-005-1,小号铁钉,60,normal,灰区/证据不足,35,多云,12.0,75.0,0.101401
REP-005-1,小号铁钉,60,normal,灰区/证据不足,36,阴,13.0,80.0,0.093897
REP-005-1,小号铁钉,60,normal,灰区/证据不足,37,阴,12.5,80.0,0.086729
REP-005-1,小号铁钉,60,normal,灰区/证据不足,38,小雨,11.5,85.0,0.078334
REP-005-1,小号铁钉,60,normal,灰区/证据不足,39,小雨,12.5,85.0,0.07078
REP-005-1,小号铁钉,60,normal,灰区/证据不足,40,小雨,13.0,85.0,0.063944
REP-005-1,小号铁钉,60,normal,灰区/证据不足,41,多云转阵雨,16.5,80.0,0.059748
REP-005-1,小号铁钉,60,normal,灰区/证据不足,42,小雨,13.0,85.0,0.053898
REP-005-1,小号铁钉,60,normal,灰区/证据不足,43,分散阵雨转多云,18.0,80.0,0.050561
REP-005-1,小号铁钉,60,normal,灰区/证据不足,44,多云转阵雨,16.5,80.0,0.047139
REP-005-1,小号铁钉,60,normal,灰区/证据不足,45,小雨,15.0,85.0,0.042527
REP-005-1,小号铁钉,60,normal,灰区/证据不足,46,阴,15.0,80.0,0.039378
REP-005-1,小号铁钉,60,normal,灰区/证据不足,47,多云,16.5,75.0,0.037765
REP-005-1,小号铁钉,60,normal,灰区/证据不足,48,多云,17.5,75.0,0.036414
REP-005-1,小号铁钉,60,normal,灰区/证据不足,49,多云,16.0,75.0,0.034766
REP-005-1,小号铁钉,60,normal,灰区/证据不足,50,小雨,14.0,85.0,0.031216
REP-005-1,小号铁钉,60,normal,灰区/证据不足,51,小雨,13.5,85.0,0.027991
REP-005-1,小号铁钉,60,normal,灰区/证据不足,52,阴转多云,15.5,80.0,0.025852
REP-005-1,小号铁钉,60,normal,灰区/证据不足,53,晴,17.5,70.0,0.025668
REP-005-1,小号铁钉,60,normal,灰区/证据不足,54,中到大雨,13.0,90.0,0.022459
REP-005-1,小号铁钉,60,normal,灰区/证据不足,55,小雨,12.0,85.0,0.020046
REP-005-1,小号铁钉,60,normal,灰区/证据不足,56,多云,14.5,75.0,0.018868
REP-005-1,小号铁钉,60,normal,灰区/证据不足,57,晴,16.5,70.0,0.01852
REP-005-1,小号铁钉,60,normal,灰区/证据不足,58,晴,18.0,70.0,0.0184
REP-005-1,小号铁钉,60,normal,灰区/证据不足,59,多云,19.0,75.0,0.017761
REP-005-1,小号铁钉,60,normal,灰区/证据不足,60,多云,20.0,75.0,0.017237
REP-006-1,小号铁钉,60,humid_hot,灰区/证据不足,1,阴,10.0,80.0,0.900186
REP-006-1,小号铁钉,60,humid_hot,灰区/证据不足,2,多云,10.5,75.0,0.860097
REP-006-1,小号铁钉,60,humid_hot,灰区/证据不足,3,多云,10.5,75.0,0.821194
REP-006-1,小号铁钉,60,humid_hot,灰区/证据不足,4,多云,12.5,75.0,0.793089
REP-006-1,小号铁钉,60,humid_hot,灰区/证据不足,5,多云转晴,14.0,70.0,0.791378
REP-006-1,小号铁钉,60,humid_hot,灰区/证据不足,6,多云,15.0,75.0,0.774898
REP-006-1,小号铁钉,60,humid_hot,灰区/证据不足,7,多云转小雨,14.0,85.0,0.717922
REP-006-1,小号铁钉,60,humid_hot,灰区/证据不足,8,小雨转阴,13.0,85.0,0.663901
REP-006-1,小号铁钉,60,humid_hot,灰区/证据不足,9,小雨转阴,12.0,85.0,0.612805
REP-006-1,小号铁钉,60,humid_hot,灰区/证据不足,10,多云,12.0,75.0,0.587454
REP-006-1,小号铁钉,60,humid_hot,灰区/证据不足,11,多云转阴,12.0,80.0,0.551994
REP-006-1,小号铁钉,60,humid_hot,灰区/证据不足,12,晴转多云,12.0,70.0,0.538676
REP-006-1,小号铁钉,60,humid_hot,灰区/证据不足,13,阴转多云,12.5,80.0,0.506336
REP-006-1,小号铁钉,60,humid_hot,灰区/证据不足,14,晴转多云,11.0,70.0,0.489185
REP-006-1,小号铁钉,60,humid_hot,灰区/证据不足,15,阴,12.5,80.0,0.459146
REP-006-1,小号铁钉,60,humid_hot,灰区/证据不足,16,阴,15.5,80.0,0.43533
REP-006-1,小号铁钉,60,humid_hot,灰区/证据不足,17,小雨,14.0,85.0,0.400391
REP-006-1,小号铁钉,60,humid_hot,灰区/证据不足,18,小雨,11.5,85.0,0.36695
REP-006-1,小号铁钉,60,humid_hot,灰区/证据不足,19,多云,11.5,75.0,0.348405
REP-006-1,小号铁钉,60,humid_hot,灰区/证据不足,20,多云,12.0,75.0,0.331565
REP-006-1,小号铁钉,60,humid_hot,灰区/证据不足,21,阴,13.0,80.0,0.310407
REP-006-1,小号铁钉,60,humid_hot,灰区/证据不足,22,阴,12.5,80.0,0.289862
REP-006-1,小号铁钉,60,humid_hot,灰区/证据不足,23,小雨,11.5,85.0,0.264686
REP-006-1,小号铁钉,60,humid_hot,灰区/证据不足,24,小雨,12.5,85.0,0.241793
REP-006-1,小号铁钉,60,humid_hot,灰区/证据不足,25,小雨,13.0,85.0,0.220843
REP-006-1,小号铁钉,60,humid_hot,灰区/证据不足,26,多云转阵雨,16.5,80.0,0.208619
REP-006-1,小号铁钉,60,humid_hot,灰区/证据不足,27,小雨,13.0,85.0,0.190266
REP-006-1,小号铁钉,60,humid_hot,灰区/证据不足,28,分散阵雨转多云,18.0,80.0,0.180447
REP-006-1,小号铁钉,60,humid_hot,灰区/证据不足,29,多云转阵雨,16.5,80.0,0.170086
REP-006-1,小号铁钉,60,humid_hot,灰区/证据不足,30,小雨,15.0,85.0,0.155134
REP-006-1,小号铁钉,60,humid_hot,灰区/证据不足,31,阴,15.0,80.0,0.145224
REP-006-1,小号铁钉,60,humid_hot,灰区/证据不足,32,多云,16.5,75.0,0.140811
REP-006-1,小号铁钉,60,humid_hot,灰区/证据不足,33,多云,17.5,75.0,0.137266
REP-006-1,小号铁钉,60,humid_hot,灰区/证据不足,34,多云,16.0,75.0,0.132495
REP-006-1,小号铁钉,60,humid_hot,灰区/证据不足,35,小雨,14.0,85.0,0.120272
REP-006-1,小号铁钉,60,humid_hot,灰区/证据不足,36,小雨,13.5,85.0,0.109035
REP-006-1,小号铁钉,60,humid_hot,灰区/证据不足,37,阴转多云,15.5,80.0,0.101808
REP-006-1,小号铁钉,60,humid_hot,灰区/证据不足,38,晴,17.5,70.0,0.101808
REP-006-1,小号铁钉,60,humid_hot,灰区/证据不足,39,中到大雨,13.0,90.0,0.090403
REP-006-1,小号铁钉,60,humid_hot,灰区/证据不足,40,小雨,12.0,85.0,0.08158
REP-006-1,小号铁钉,60,humid_hot,灰区/证据不足,41,多云,14.5,75.0,0.077631
REP-006-1,小号铁钉,60,humid_hot,灰区/证据不足,42,晴,16.5,70.0,0.077036
REP-006-1,小号铁钉,60,humid_hot,灰区/证据不足,43,晴,18.0,70.0,0.077036
REP-006-1,小号铁钉,60,humid_hot,灰区/证据不足,44,多云,19.0,75.0,0.075515
REP-006-1,小号铁钉,60,humid_hot,灰区/证据不足,45,多云,20.0,75.0,0.074093
REP-006-1,小号铁钉,60,humid_hot,灰区/证据不足,46,多云转小雨,18.5,85.0,0.06706
REP-006-1,小号铁钉,60,humid_hot,灰区/证据不足,47,小雨,17.5,85.0,0.060582
REP-006-1,小号铁钉,60,humid_hot,灰区/证据不足,48,小雨,16.0,85.0,0.054597
REP-006-1,小号铁钉,60,humid_hot,灰区/证据不足,49,阴,18.0,80.0,0.050993
REP-006-1,小号铁钉,60,humid_hot,灰区/证据不足,50,多云,19.5,75.0,0.049699
REP-006-1,小号铁钉,60,humid_hot,灰区/证据不足,51,多云转小雨,19.0,85.0,0.044843
REP-006-1,小号铁钉,60,humid_hot,灰区/证据不足,52,小雨,17.5,85.0,0.040364
REP-006-1,小号铁钉,60,humid_hot,灰区/证据不足,53,小雨转阴,16.0,85.0,0.036244
REP-006-1,小号铁钉,60,humid_hot,灰区/证据不足,54,小雨,18.0,85.0,0.032594
REP-006-1,小号铁钉,60,humid_hot,灰区/证据不足,55,小雨,19.0,85.0,0.029324
REP-006-1,小号铁钉,60,humid_hot,灰区/证据不足,56,晴转小雨,19.5,85.0,0.026378
REP-006-1,小号铁钉,60,humid_hot,灰区/证据不足,57,小雨,18.5,85.0,0.023683
REP-006-1,小号铁钉,60,humid_hot,灰区/证据不足,58,雨,18.5,85.0,0.021248
REP-006-1,小号铁钉,60,humid_hot,灰区/证据不足,59,雨转阴,20.0,80.0,0.019844
REP-006-1,小号铁钉,60,humid_hot,灰区/证据不足,60,阴,20.0,80.0,0.018519
REP-007-1,小号铁夹,7,normal,支持曾遭雷击,1,阴转多云,12.5,80.0,0.906436
REP-007-1,小号铁夹,7,normal,支持曾遭雷击,2,晴转多云,11.0,70.0,0.879507
REP-007-1,小号铁夹,7,normal,支持曾遭雷击,3,阴,12.5,80.0,0.829058
REP-007-1,小号铁夹,7,normal,支持曾遭雷击,4,阴,15.5,80.0,0.789442
REP-007-1,小号铁夹,7,normal,支持曾遭雷击,5,小雨,14.0,85.0,0.729212
REP-007-1,小号铁夹,7,normal,支持曾遭雷击,6,小雨,11.5,85.0,0.671188
REP-007-1,小号铁夹,7,normal,支持曾遭雷击,7,多云,11.5,75.0,0.640014
REP-007-2,小号铁夹,7,normal,灰区/证据不足,1,阴转多云,12.5,80.0,0.906436
REP-007-2,小号铁夹,7,normal,灰区/证据不足,2,晴转多云,11.0,70.0,0.879507
REP-007-2,小号铁夹,7,normal,灰区/证据不足,3,阴,12.5,80.0,0.829058
REP-007-2,小号铁夹,7,normal,灰区/证据不足,4,阴,15.5,80.0,0.789442
REP-007-2,小号铁夹,7,normal,灰区/证据不足,5,小雨,14.0,85.0,0.729212
REP-007-2,小号铁夹,7,normal,灰区/证据不足,6,小雨,11.5,85.0,0.671188
REP-007-2,小号铁夹,7,normal,灰区/证据不足,7,多云,11.5,75.0,0.640014
REP-007-3,小号铁夹,7,normal,不支持曾遭雷击,1,阴转多云,12.5,80.0,0.906436
REP-007-3,小号铁夹,7,normal,不支持曾遭雷击,2,晴转多云,11.0,70.0,0.879507
REP-007-3,小号铁夹,7,normal,不支持曾遭雷击,3,阴,12.5,80.0,0.829058
REP-007-3,小号铁夹,7,normal,不支持曾遭雷击,4,阴,15.5,80.0,0.789442
REP-007-3,小号铁夹,7,normal,不支持曾遭雷击,5,小雨,14.0,85.0,0.729212
REP-007-3,小号铁夹,7,normal,不支持曾遭雷击,6,小雨,11.5,85.0,0.671188
REP-007-3,小号铁夹,7,normal,不支持曾遭雷击,7,多云,11.5,75.0,0.640014
REP-008-1,小号铁夹,7,humid_hot,支持曾遭雷击,1,小雨,18.0,85.0,0.893555
REP-008-1,小号铁夹,7,humid_hot,支持曾遭雷击,2,小雨,19.0,85.0,0.831874
REP-008-1,小号铁夹,7,humid_hot,支持曾遭雷击,3,晴转小雨,19.5,85.0,0.774324
REP-008-1,小号铁夹,7,humid_hot,支持曾遭雷击,4,小雨,18.5,85.0,0.719417
REP-008-1,小号铁夹,7,humid_hot,支持曾遭雷击,5,雨,18.5,85.0,0.667915
REP-008-1,小号铁夹,7,humid_hot,支持曾遭雷击,6,雨转阴,20.0,80.0,0.645481
REP-008-1,小号铁夹,7,humid_hot,支持曾遭雷击,7,阴,20.0,80.0,0.623344
REP-008-2,小号铁夹,7,humid_hot,灰区/证据不足,1,小雨,18.0,85.0,0.893555
REP-008-2,小号铁夹,7,humid_hot,灰区/证据不足,2,小雨,19.0,85.0,0.831874
REP-008-2,小号铁夹,7,humid_hot,灰区/证据不足,3,晴转小雨,19.5,85.0,0.774324
REP-008-2,小号铁夹,7,humid_hot,灰区/证据不足,4,小雨,18.5,85.0,0.719417
REP-008-2,小号铁夹,7,humid_hot,灰区/证据不足,5,雨,18.5,85.0,0.667915
REP-008-2,小号铁夹,7,humid_hot,灰区/证据不足,6,雨转阴,20.0,80.0,0.645481
REP-008-2,小号铁夹,7,humid_hot,灰区/证据不足,7,阴,20.0,80.0,0.623344
REP-008-3,小号铁夹,7,humid_hot,不支持曾遭雷击,1,小雨,18.0,85.0,0.893555
REP-008-3,小号铁夹,7,humid_hot,不支持曾遭雷击,2,小雨,19.0,85.0,0.831874
REP-008-3,小号铁夹,7,humid_hot,不支持曾遭雷击,3,晴转小雨,19.5,85.0,0.774324
REP-008-3,小号铁夹,7,humid_hot,不支持曾遭雷击,4,小雨,18.5,85.0,0.719417
REP-008-3,小号铁夹,7,humid_hot,不支持曾遭雷击,5,雨,18.5,85.0,0.667915
REP-008-3,小号铁夹,7,humid_hot,不支持曾遭雷击,6,雨转阴,20.0,80.0,0.645481
REP-008-3,小号铁夹,7,humid_hot,不支持曾遭雷击,7,阴,20.0,80.0,0.623344
REP-009-1,小号铁夹,30,normal,支持曾遭雷击,1,阴,10.0,80.0,0.898287
REP-009-1,小号铁夹,30,normal,支持曾遭雷击,2,多云,10.5,75.0,0.85447
REP-009-1,小号铁夹,30,normal,支持曾遭雷击,3,多云,10.5,75.0,0.812198
REP-009-1,小号铁夹,30,normal,支持曾遭雷击,4,多云,12.5,75.0,0.780917
REP-009-1,小号铁夹,30,normal,支持曾遭雷击,5,多云转晴,14.0,70.0,0.775771
REP-009-1,小号铁夹,30,normal,支持曾遭雷击,6,多云,15.0,75.0,0.756242
REP-009-1,小号铁夹,30,normal,支持曾遭雷击,7,多云转小雨,14.0,85.0,0.697527
REP-009-1,小号铁夹,30,normal,支持曾遭雷击,8,小雨转阴,13.0,85.0,0.642175
REP-009-1,小号铁夹,30,normal,支持曾遭雷击,9,小雨转阴,12.0,85.0,0.590118
REP-009-1,小号铁夹,30,normal,支持曾遭雷击,10,多云,12.0,75.0,0.563194
REP-009-1,小号铁夹,30,normal,支持曾遭雷击,11,多云转阴,12.0,80.0,0.526847
REP-009-1,小号铁夹,30,normal,支持曾遭雷击,12,晴转多云,12.0,70.0,0.511853
REP-009-1,小号铁夹,30,normal,支持曾遭雷击,13,阴转多云,12.5,80.0,0.478986
REP-009-1,小号铁夹,30,normal,支持曾遭雷击,14,晴转多云,11.0,70.0,0.460706
REP-009-1,小号铁夹,30,normal,支持曾遭雷击,15,阴,12.5,80.0,0.430496
REP-009-1,小号铁夹,30,normal,支持曾遭雷击,16,阴,15.5,80.0,0.406353
REP-009-1,小号铁夹,30,normal,支持曾遭雷击,17,小雨,14.0,85.0,0.372079
REP-009-1,小号铁夹,30,normal,支持曾遭雷击,18,小雨,11.5,85.0,0.339489
REP-009-1,小号铁夹,30,normal,支持曾遭雷击,19,多云,11.5,75.0,0.3209
REP-009-1,小号铁夹,30,normal,支持曾遭雷击,20,多云,12.0,75.0,0.304033
REP-009-1,小号铁夹,30,normal,支持曾遭雷击,21,阴,13.0,80.0,0.283367
REP-009-1,小号铁夹,30,normal,支持曾遭雷击,22,阴,12.5,80.0,0.263437
REP-009-1,小号铁夹,30,normal,支持曾遭雷击,23,小雨,11.5,85.0,0.239487
REP-009-1,小号铁夹,30,normal,支持曾遭雷击,24,小雨,12.5,85.0,0.217802
REP-009-1,小号铁夹,30,normal,支持曾遭雷击,25,小雨,13.0,85.0,0.198048
REP-009-1,小号铁夹,30,normal,支持曾遭雷击,26,多云转阵雨,16.5,80.0,0.186254
REP-009-1,小号铁夹,30,normal,支持曾遭雷击,27,小雨,13.0,85.0,0.169114
REP-009-1,小号铁夹,30,normal,支持曾遭雷击,28,分散阵雨转多云,18.0,80.0,0.159675
REP-009-1,小号铁夹,30,normal,支持曾遭雷击,29,多云转阵雨,16.5,80.0,0.149838
REP-009-1,小号铁夹,30,normal,支持曾遭雷击,30,小雨,15.0,85.0,0.136059
REP-009-2,小号铁夹,30,normal,灰区/证据不足,1,阴,10.0,80.0,0.898287
REP-009-2,小号铁夹,30,normal,灰区/证据不足,2,多云,10.5,75.0,0.85447
REP-009-2,小号铁夹,30,normal,灰区/证据不足,3,多云,10.5,75.0,0.812198
REP-009-2,小号铁夹,30,normal,灰区/证据不足,4,多云,12.5,75.0,0.780917
REP-009-2,小号铁夹,30,normal,灰区/证据不足,5,多云转晴,14.0,70.0,0.775771
REP-009-2,小号铁夹,30,normal,灰区/证据不足,6,多云,15.0,75.0,0.756242
REP-009-2,小号铁夹,30,normal,灰区/证据不足,7,多云转小雨,14.0,85.0,0.697527
REP-009-2,小号铁夹,30,normal,灰区/证据不足,8,小雨转阴,13.0,85.0,0.642175
REP-009-2,小号铁夹,30,normal,灰区/证据不足,9,小雨转阴,12.0,85.0,0.590118
REP-009-2,小号铁夹,30,normal,灰区/证据不足,10,多云,12.0,75.0,0.563194
REP-009-2,小号铁夹,30,normal,灰区/证据不足,11,多云转阴,12.0,80.0,0.526847
REP-009-2,小号铁夹,30,normal,灰区/证据不足,12,晴转多云,12.0,70.0,0.511853
REP-009-2,小号铁夹,30,normal,灰区/证据不足,13,阴转多云,12.5,80.0,0.478986
REP-009-2,小号铁夹,30,normal,灰区/证据不足,14,晴转多云,11.0,70.0,0.460706
REP-009-2,小号铁夹,30,normal,灰区/证据不足,15,阴,12.5,80.0,0.430496
REP-009-2,小号铁夹,30,normal,灰区/证据不足,16,阴,15.5,80.0,0.406353
REP-009-2,小号铁夹,30,normal,灰区/证据不足,17,小雨,14.0,85.0,0.372079
REP-009-2,小号铁夹,30,normal,灰区/证据不足,18,小雨,11.5,85.0,0.339489
REP-009-2,小号铁夹,30,normal,灰区/证据不足,19,多云,11.5,75.0,0.3209
REP-009-2,小号铁夹,30,normal,灰区/证据不足,20,多云,12.0,75.0,0.304033
REP-009-2,小号铁夹,30,normal,灰区/证据不足,21,阴,13.0,80.0,0.283367
REP-009-2,小号铁夹,30,normal,灰区/证据不足,22,阴,12.5,80.0,0.263437
REP-009-2,小号铁夹,30,normal,灰区/证据不足,23,小雨,11.5,85.0,0.239487
REP-009-2,小号铁夹,30,normal,灰区/证据不足,24,小雨,12.5,85.0,0.217802
REP-009-2,小号铁夹,30,normal,灰区/证据不足,25,小雨,13.0,85.0,0.198048
REP-009-2,小号铁夹,30,normal,灰区/证据不足,26,多云转阵雨,16.5,80.0,0.186254
REP-009-2,小号铁夹,30,normal,灰区/证据不足,27,小雨,13.0,85.0,0.169114
REP-009-2,小号铁夹,30,normal,灰区/证据不足,28,分散阵雨转多云,18.0,80.0,0.159675
REP-009-2,小号铁夹,30,normal,灰区/证据不足,29,多云转阵雨,16.5,80.0,0.149838
REP-009-2,小号铁夹,30,normal,灰区/证据不足,30,小雨,15.0,85.0,0.136059
REP-009-3,小号铁夹,30,normal,不支持曾遭雷击,1,阴,10.0,80.0,0.898287
REP-009-3,小号铁夹,30,normal,不支持曾遭雷击,2,多云,10.5,75.0,0.85447
REP-009-3,小号铁夹,30,normal,不支持曾遭雷击,3,多云,10.5,75.0,0.812198
REP-009-3,小号铁夹,30,normal,不支持曾遭雷击,4,多云,12.5,75.0,0.780917
REP-009-3,小号铁夹,30,normal,不支持曾遭雷击,5,多云转晴,14.0,70.0,0.775771
REP-009-3,小号铁夹,30,normal,不支持曾遭雷击,6,多云,15.0,75.0,0.756242
REP-009-3,小号铁夹,30,normal,不支持曾遭雷击,7,多云转小雨,14.0,85.0,0.697527
REP-009-3,小号铁夹,30,normal,不支持曾遭雷击,8,小雨转阴,13.0,85.0,0.642175
REP-009-3,小号铁夹,30,normal,不支持曾遭雷击,9,小雨转阴,12.0,85.0,0.590118
REP-009-3,小号铁夹,30,normal,不支持曾遭雷击,10,多云,12.0,75.0,0.563194
REP-009-3,小号铁夹,30,normal,不支持曾遭雷击,11,多云转阴,12.0,80.0,0.526847
REP-009-3,小号铁夹,30,normal,不支持曾遭雷击,12,晴转多云,12.0,70.0,0.511853
REP-009-3,小号铁夹,30,normal,不支持曾遭雷击,13,阴转多云,12.5,80.0,0.478986
REP-009-3,小号铁夹,30,normal,不支持曾遭雷击,14,晴转多云,11.0,70.0,0.460706
REP-009-3,小号铁夹,30,normal,不支持曾遭雷击,15,阴,12.5,80.0,0.430496
REP-009-3,小号铁夹,30,normal,不支持曾遭雷击,16,阴,15.5,80.0,0.406353
REP-009-3,小号铁夹,30,normal,不支持曾遭雷击,17,小雨,14.0,85.0,0.372079
REP-009-3,小号铁夹,30,normal,不支持曾遭雷击,18,小雨,11.5,85.0,0.339489
REP-009-3,小号铁夹,30,normal,不支持曾遭雷击,19,多云,11.5,75.0,0.3209
REP-009-3,小号铁夹,30,normal,不支持曾遭雷击,20,多云,12.0,75.0,0.304033
REP-009-3,小号铁夹,30,normal,不支持曾遭雷击,21,阴,13.0,80.0,0.283367
REP-009-3,小号铁夹,30,normal,不支持曾遭雷击,22,阴,12.5,80.0,0.263437
REP-009-3,小号铁夹,30,normal,不支持曾遭雷击,23,小雨,11.5,85.0,0.239487
REP-009-3,小号铁夹,30,normal,不支持曾遭雷击,24,小雨,12.5,85.0,0.217802
REP-009-3,小号铁夹,30,normal,不支持曾遭雷击,25,小雨,13.0,85.0,0.198048
REP-009-3,小号铁夹,30,normal,不支持曾遭雷击,26,多云转阵雨,16.5,80.0,0.186254
REP-009-3,小号铁夹,30,normal,不支持曾遭雷击,27,小雨,13.0,85.0,0.169114
REP-009-3,小号铁夹,30,normal,不支持曾遭雷击,28,分散阵雨转多云,18.0,80.0,0.159675
REP-009-3,小号铁夹,30,normal,不支持曾遭雷击,29,多云转阵雨,16.5,80.0,0.149838
REP-009-3,小号铁夹,30,normal,不支持曾遭雷击,30,小雨,15.0,85.0,0.136059
REP-010-1,小号铁夹,30,humid_hot,支持曾遭雷击,1,阴,15.0,80.0,0.914659
REP-010-1,小号铁夹,30,humid_hot,支持曾遭雷击,2,多云,16.5,75.0,0.902453
REP-010-1,小号铁夹,30,humid_hot,支持曾遭雷击,3,多云,17.5,75.0,0.8952
REP-010-1,小号铁夹,30,humid_hot,支持曾遭雷击,4,多云,16.0,75.0,0.879282
REP-010-1,小号铁夹,30,humid_hot,支持曾遭雷击,5,小雨,14.0,85.0,0.812197
REP-010-1,小号铁夹,30,humid_hot,支持曾遭雷击,6,小雨,13.5,85.0,0.749261
REP-010-1,小号铁夹,30,humid_hot,支持曾遭雷击,7,阴转多云,15.5,80.0,0.711899
REP-010-1,小号铁夹,30,humid_hot,支持曾遭雷击,8,晴,17.5,70.0,0.711899
REP-010-1,小号铁夹,30,humid_hot,支持曾遭雷击,9,中到大雨,13.0,90.0,0.654573
REP-010-1,小号铁夹,30,humid_hot,支持曾遭雷击,10,小雨,12.0,85.0,0.601073
REP-010-1,小号铁夹,30,humid_hot,支持曾遭雷击,11,多云,14.5,75.0,0.582032
REP-010-1,小号铁夹,30,humid_hot,支持曾遭雷击,12,晴,16.5,70.0,0.582032
REP-010-1,小号铁夹,30,humid_hot,支持曾遭雷击,13,晴,18.0,70.0,0.582032
REP-010-1,小号铁夹,30,humid_hot,支持曾遭雷击,14,多云,19.0,75.0,0.582032
REP-010-1,小号铁夹,30,humid_hot,支持曾遭雷击,15,多云,20.0,75.0,0.582032
REP-010-1,小号铁夹,30,humid_hot,支持曾遭雷击,16,多云转小雨,18.5,85.0,0.548555
REP-010-1,小号铁夹,30,humid_hot,支持曾遭雷击,17,小雨,17.5,85.0,0.504278
REP-010-1,小号铁夹,30,humid_hot,支持曾遭雷击,18,小雨,16.0,85.0,0.462452
REP-010-1,小号铁夹,30,humid_hot,支持曾遭雷击,19,阴,18.0,80.0,0.439515
REP-010-1,小号铁夹,30,humid_hot,支持曾遭雷击,20,多云,19.5,75.0,0.435892
REP-010-1,小号铁夹,30,humid_hot,支持曾遭雷击,21,多云转小雨,19.0,85.0,0.400218
REP-010-1,小号铁夹,30,humid_hot,支持曾遭雷击,22,小雨,17.5,85.0,0.366575
REP-010-1,小号铁夹,30,humid_hot,支持曾遭雷击,23,小雨转阴,16.0,85.0,0.334947
REP-010-1,小号铁夹,30,humid_hot,支持曾遭雷击,24,小雨,18.0,85.0,0.306516
REP-010-1,小号铁夹,30,humid_hot,支持曾遭雷击,25,小雨,19.0,85.0,0.280611
REP-010-1,小号铁夹,30,humid_hot,支持曾遭雷击,26,晴转小雨,19.5,85.0,0.256853
REP-010-1,小号铁夹,30,humid_hot,支持曾遭雷击,27,小雨,18.5,85.0,0.23467
REP-010-1,小号铁夹,30,humid_hot,支持曾遭雷击,28,雨,18.5,85.0,0.214246
REP-010-1,小号铁夹,30,humid_hot,支持曾遭雷击,29,雨转阴,20.0,80.0,0.203606
REP-010-1,小号铁夹,30,humid_hot,支持曾遭雷击,30,阴,20.0,80.0,0.193353
REP-010-2,小号铁夹,30,humid_hot,灰区/证据不足,1,阴,15.0,80.0,0.914659
REP-010-2,小号铁夹,30,humid_hot,灰区/证据不足,2,多云,16.5,75.0,0.902453
REP-010-2,小号铁夹,30,humid_hot,灰区/证据不足,3,多云,17.5,75.0,0.8952
REP-010-2,小号铁夹,30,humid_hot,灰区/证据不足,4,多云,16.0,75.0,0.879282
REP-010-2,小号铁夹,30,humid_hot,灰区/证据不足,5,小雨,14.0,85.0,0.812197
REP-010-2,小号铁夹,30,humid_hot,灰区/证据不足,6,小雨,13.5,85.0,0.749261
REP-010-2,小号铁夹,30,humid_hot,灰区/证据不足,7,阴转多云,15.5,80.0,0.711899
REP-010-2,小号铁夹,30,humid_hot,灰区/证据不足,8,晴,17.5,70.0,0.711899
REP-010-2,小号铁夹,30,humid_hot,灰区/证据不足,9,中到大雨,13.0,90.0,0.654573
REP-010-2,小号铁夹,30,humid_hot,灰区/证据不足,10,小雨,12.0,85.0,0.601073
REP-010-2,小号铁夹,30,humid_hot,灰区/证据不足,11,多云,14.5,75.0,0.582032
REP-010-2,小号铁夹,30,humid_hot,灰区/证据不足,12,晴,16.5,70.0,0.582032
REP-010-2,小号铁夹,30,humid_hot,灰区/证据不足,13,晴,18.0,70.0,0.582032
REP-010-2,小号铁夹,30,humid_hot,灰区/证据不足,14,多云,19.0,75.0,0.582032
REP-010-2,小号铁夹,30,humid_hot,灰区/证据不足,15,多云,20.0,75.0,0.582032
REP-010-2,小号铁夹,30,humid_hot,灰区/证据不足,16,多云转小雨,18.5,85.0,0.548555
REP-010-2,小号铁夹,30,humid_hot,灰区/证据不足,17,小雨,17.5,85.0,0.504278
REP-010-2,小号铁夹,30,humid_hot,灰区/证据不足,18,小雨,16.0,85.0,0.462452
REP-010-2,小号铁夹,30,humid_hot,灰区/证据不足,19,阴,18.0,80.0,0.439515
REP-010-2,小号铁夹,30,humid_hot,灰区/证据不足,20,多云,19.5,75.0,0.435892
REP-010-2,小号铁夹,30,humid_hot,灰区/证据不足,21,多云转小雨,19.0,85.0,0.400218
REP-010-2,小号铁夹,30,humid_hot,灰区/证据不足,22,小雨,17.5,85.0,0.366575
REP-010-2,小号铁夹,30,humid_hot,灰区/证据不足,23,小雨转阴,16.0,85.0,0.334947
REP-010-2,小号铁夹,30,humid_hot,灰区/证据不足,24,小雨,18.0,85.0,0.306516
REP-010-2,小号铁夹,30,humid_hot,灰区/证据不足,25,小雨,19.0,85.0,0.280611
REP-010-2,小号铁夹,30,humid_hot,灰区/证据不足,26,晴转小雨,19.5,85.0,0.256853
REP-010-2,小号铁夹,30,humid_hot,灰区/证据不足,27,小雨,18.5,85.0,0.23467
REP-010-2,小号铁夹,30,humid_hot,灰区/证据不足,28,雨,18.5,85.0,0.214246
REP-010-2,小号铁夹,30,humid_hot,灰区/证据不足,29,雨转阴,20.0,80.0,0.203606
REP-010-2,小号铁夹,30,humid_hot,灰区/证据不足,30,阴,20.0,80.0,0.193353
REP-010-3,小号铁夹,30,humid_hot,不支持曾遭雷击,1,阴,15.0,80.0,0.914659
REP-010-3,小号铁夹,30,humid_hot,不支持曾遭雷击,2,多云,16.5,75.0,0.902453
REP-010-3,小号铁夹,30,humid_hot,不支持曾遭雷击,3,多云,17.5,75.0,0.8952
REP-010-3,小号铁夹,30,humid_hot,不支持曾遭雷击,4,多云,16.0,75.0,0.879282
REP-010-3,小号铁夹,30,humid_hot,不支持曾遭雷击,5,小雨,14.0,85.0,0.812197
REP-010-3,小号铁夹,30,humid_hot,不支持曾遭雷击,6,小雨,13.5,85.0,0.749261
REP-010-3,小号铁夹,30,humid_hot,不支持曾遭雷击,7,阴转多云,15.5,80.0,0.711899
REP-010-3,小号铁夹,30,humid_hot,不支持曾遭雷击,8,晴,17.5,70.0,0.711899
REP-010-3,小号铁夹,30,humid_hot,不支持曾遭雷击,9,中到大雨,13.0,90.0,0.654573
REP-010-3,小号铁夹,30,humid_hot,不支持曾遭雷击,10,小雨,12.0,85.0,0.601073
REP-010-3,小号铁夹,30,humid_hot,不支持曾遭雷击,11,多云,14.5,75.0,0.582032
REP-010-3,小号铁夹,30,humid_hot,不支持曾遭雷击,12,晴,16.5,70.0,0.582032
REP-010-3,小号铁夹,30,humid_hot,不支持曾遭雷击,13,晴,18.0,70.0,0.582032
REP-010-3,小号铁夹,30,humid_hot,不支持曾遭雷击,14,多云,19.0,75.0,0.582032
REP-010-3,小号铁夹,30,humid_hot,不支持曾遭雷击,15,多云,20.0,75.0,0.582032
REP-010-3,小号铁夹,30,humid_hot,不支持曾遭雷击,16,多云转小雨,18.5,85.0,0.548555
REP-010-3,小号铁夹,30,humid_hot,不支持曾遭雷击,17,小雨,17.5,85.0,0.504278
REP-010-3,小号铁夹,30,humid_hot,不支持曾遭雷击,18,小雨,16.0,85.0,0.462452
REP-010-3,小号铁夹,30,humid_hot,不支持曾遭雷击,19,阴,18.0,80.0,0.439515
REP-010-3,小号铁夹,30,humid_hot,不支持曾遭雷击,20,多云,19.5,75.0,0.435892
REP-010-3,小号铁夹,30,humid_hot,不支持曾遭雷击,21,多云转小雨,19.0,85.0,0.400218
REP-010-3,小号铁夹,30,humid_hot,不支持曾遭雷击,22,小雨,17.5,85.0,0.366575
REP-010-3,小号铁夹,30,humid_hot,不支持曾遭雷击,23,小雨转阴,16.0,85.0,0.334947
REP-010-3,小号铁夹,30,humid_hot,不支持曾遭雷击,24,小雨,18.0,85.0,0.306516
REP-010-3,小号铁夹,30,humid_hot,不支持曾遭雷击,25,小雨,19.0,85.0,0.280611
REP-010-3,小号铁夹,30,humid_hot,不支持曾遭雷击,26,晴转小雨,19.5,85.0,0.256853
REP-010-3,小号铁夹,30,humid_hot,不支持曾遭雷击,27,小雨,18.5,85.0,0.23467
REP-010-3,小号铁夹,30,humid_hot,不支持曾遭雷击,28,雨,18.5,85.0,0.214246
REP-010-3,小号铁夹,30,humid_hot,不支持曾遭雷击,29,雨转阴,20.0,80.0,0.203606
REP-010-3,小号铁夹,30,humid_hot,不支持曾遭雷击,30,阴,20.0,80.0,0.193353
REP-011-1,小号铁夹,60,normal,灰区/证据不足,1,中度雾霾,12.0,80.0,0.9048
REP-011-1,小号铁夹,60,normal,灰区/证据不足,2,晴/多云,13.5,65.0,0.9048
REP-011-1,小号铁夹,60,normal,灰区/证据不足,3,阴,11.5,80.0,0.862061
REP-011-1,小号铁夹,60,normal,灰区/证据不足,4,中雨,11.5,90.0,0.780415
REP-011-1,小号铁夹,60,normal,灰区/证据不足,5,小雨,8.5,85.0,0.716409
REP-011-1,小号铁夹,60,normal,灰区/证据不足,6,小雨,7.0,85.0,0.656061
REP-011-1,小号铁夹,60,normal,灰区/证据不足,7,晴,8.0,70.0,0.618139
REP-011-1,小号铁夹,60,normal,灰区/证据不足,8,多云,8.5,75.0,0.578327
REP-011-1,小号铁夹,60,normal,灰区/证据不足,9,多云,9.0,75.0,0.542334
REP-011-1,小号铁夹,60,normal,灰区/证据不足,10,阴,10.0,80.0,0.504049
REP-011-1,小号铁夹,60,normal,灰区/证据不足,11,阴/小雨,10.0,85.0,0.46147
REP-011-1,小号铁夹,60,normal,灰区/证据不足,12,多云,10.5,75.0,0.435771
REP-011-1,小号铁夹,60,normal,灰区/证据不足,13,多云,10.0,75.0,0.409952
REP-011-1,小号铁夹,60,normal,灰区/证据不足,14,小雨,10.0,85.0,0.374501
REP-011-1,小号铁夹,60,normal,灰区/证据不足,15,小雨,10.0,85.0,0.341867
REP-011-1,小号铁夹,60,normal,灰区/证据不足,16,阴,10.0,80.0,0.316346
REP-011-1,小号铁夹,60,normal,灰区/证据不足,17,多云,10.5,75.0,0.297641
REP-011-1,小号铁夹,60,normal,灰区/证据不足,18,多云,10.5,75.0,0.279838
REP-011-1,小号铁夹,60,normal,灰区/证据不足,19,多云,12.5,75.0,0.266133
REP-011-1,小号铁夹,60,normal,灰区/证据不足,20,多云转晴,14.0,70.0,0.261503
REP-011-1,小号铁夹,60,normal,灰区/证据不足,21,多云,15.0,75.0,0.252146
REP-011-1,小号铁夹,60,normal,灰区/证据不足,22,多云转小雨,14.0,85.0,0.230039
REP-011-1,小号铁夹,60,normal,灰区/证据不足,23,小雨转阴,13.0,85.0,0.20948
REP-011-1,小号铁夹,60,normal,灰区/证据不足,24,小雨转阴,12.0,85.0,0.190404
REP-011-1,小号铁夹,60,normal,灰区/证据不足,25,多云,12.0,75.0,0.17974
REP-011-1,小号铁夹,60,normal,灰区/证据不足,26,多云转阴,12.0,80.0,0.166311
REP-011-1,小号铁夹,60,normal,灰区/证据不足,27,晴转多云,12.0,70.0,0.159819
REP-011-1,小号铁夹,60,normal,灰区/证据不足,28,阴转多云,12.5,80.0,0.14793
REP-011-1,小号铁夹,60,normal,灰区/证据不足,29,晴转多云,11.0,70.0,0.140736
REP-011-1,小号铁夹,60,normal,灰区/证据不足,30,阴,12.5,80.0,0.130077
REP-011-1,小号铁夹,60,normal,灰区/证据不足,31,阴,15.5,80.0,0.121446
REP-011-1,小号铁夹,60,normal,灰区/证据不足,32,小雨,14.0,85.0,0.109993
REP-011-1,小号铁夹,60,normal,灰区/证据不足,33,小雨,11.5,85.0,0.099267
REP-011-1,小号铁夹,60,normal,灰区/证据不足,34,多云,11.5,75.0,0.09281
REP-011-1,小号铁夹,60,normal,灰区/证据不足,35,多云,12.0,75.0,0.086975
REP-011-1,小号铁夹,60,normal,灰区/证据不足,36,阴,13.0,80.0,0.080181
REP-011-1,小号铁夹,60,normal,灰区/证据不足,37,阴,12.5,80.0,0.073731
REP-011-1,小号铁夹,60,normal,灰区/证据不足,38,小雨,11.5,85.0,0.066299
REP-011-1,小号铁夹,60,normal,灰区/证据不足,39,小雨,12.5,85.0,0.059639
REP-011-1,小号铁夹,60,normal,灰区/证据不足,40,小雨,13.0,85.0,0.05364
REP-011-1,小号铁夹,60,normal,灰区/证据不足,41,多云转阵雨,16.5,80.0,0.049897
REP-011-1,小号铁夹,60,normal,灰区/证据不足,42,小雨,13.0,85.0,0.044812
REP-011-1,小号铁夹,60,normal,灰区/证据不足,43,分散阵雨转多云,18.0,80.0,0.041851
REP-011-1,小号铁夹,60,normal,灰区/证据不足,44,多云转阵雨,16.5,80.0,0.038845
REP-011-1,小号铁夹,60,normal,灰区/证据不足,45,小雨,15.0,85.0,0.034889
REP-011-1,小号铁夹,60,normal,灰区/证据不足,46,阴,15.0,80.0,0.032162
REP-011-1,小号铁夹,60,normal,灰区/证据不足,47,多云,16.5,75.0,0.030708
REP-011-1,小号铁夹,60,normal,灰区/证据不足,48,多云,17.5,75.0,0.029478
REP-011-1,小号铁夹,60,normal,灰区/证据不足,49,多云,16.0,75.0,0.028019
REP-011-1,小号铁夹,60,normal,灰区/证据不足,50,小雨,14.0,85.0,0.025045
REP-011-1,小号铁夹,60,normal,灰区/证据不足,51,小雨,13.5,85.0,0.022359
REP-011-1,小号铁夹,60,normal,灰区/证据不足,52,阴转多云,15.5,80.0,0.020558
REP-011-1,小号铁夹,60,normal,灰区/证据不足,53,晴,17.5,70.0,0.020321
REP-011-1,小号铁夹,60,normal,灰区/证据不足,54,中到大雨,13.0,90.0,0.017701
REP-011-1,小号铁夹,60,normal,灰区/证据不足,55,小雨,12.0,85.0,0.01573
REP-011-1,小号铁夹,60,normal,灰区/证据不足,56,多云,14.5,75.0,0.01474
REP-011-1,小号铁夹,60,normal,灰区/证据不足,57,晴,16.5,70.0,0.014403
REP-011-1,小号铁夹,60,normal,灰区/证据不足,58,晴,18.0,70.0,0.014246
REP-011-1,小号铁夹,60,normal,灰区/证据不足,59,多云,19.0,75.0,0.013691
REP-011-1,小号铁夹,60,normal,灰区/证据不足,60,多云,20.0,75.0,0.013228
REP-012-1,小号铁夹,60,humid_hot,灰区/证据不足,1,阴,10.0,80.0,0.898287
REP-012-1,小号铁夹,60,humid_hot,灰区/证据不足,2,多云,10.5,75.0,0.85447
REP-012-1,小号铁夹,60,humid_hot,灰区/证据不足,3,多云,10.5,75.0,0.812198
REP-012-1,小号铁夹,60,humid_hot,灰区/证据不足,4,多云,12.5,75.0,0.780917
REP-012-1,小号铁夹,60,humid_hot,灰区/证据不足,5,多云转晴,14.0,70.0,0.775771
REP-012-1,小号铁夹,60,humid_hot,灰区/证据不足,6,多云,15.0,75.0,0.756242
REP-012-1,小号铁夹,60,humid_hot,灰区/证据不足,7,多云转小雨,14.0,85.0,0.697527
REP-012-1,小号铁夹,60,humid_hot,灰区/证据不足,8,小雨转阴,13.0,85.0,0.642175
REP-012-1,小号铁夹,60,humid_hot,灰区/证据不足,9,小雨转阴,12.0,85.0,0.590118
REP-012-1,小号铁夹,60,humid_hot,灰区/证据不足,10,多云,12.0,75.0,0.563194
REP-012-1,小号铁夹,60,humid_hot,灰区/证据不足,11,多云转阴,12.0,80.0,0.526847
REP-012-1,小号铁夹,60,humid_hot,灰区/证据不足,12,晴转多云,12.0,70.0,0.511853
REP-012-1,小号铁夹,60,humid_hot,灰区/证据不足,13,阴转多云,12.5,80.0,0.478986
REP-012-1,小号铁夹,60,humid_hot,灰区/证据不足,14,晴转多云,11.0,70.0,0.460706
REP-012-1,小号铁夹,60,humid_hot,灰区/证据不足,15,阴,12.5,80.0,0.430496
REP-012-1,小号铁夹,60,humid_hot,灰区/证据不足,16,阴,15.5,80.0,0.406353
REP-012-1,小号铁夹,60,humid_hot,灰区/证据不足,17,小雨,14.0,85.0,0.372079
REP-012-1,小号铁夹,60,humid_hot,灰区/证据不足,18,小雨,11.5,85.0,0.339489
REP-012-1,小号铁夹,60,humid_hot,灰区/证据不足,19,多云,11.5,75.0,0.3209
REP-012-1,小号铁夹,60,humid_hot,灰区/证据不足,20,多云,12.0,75.0,0.304033
REP-012-1,小号铁夹,60,humid_hot,灰区/证据不足,21,阴,13.0,80.0,0.283367
REP-012-1,小号铁夹,60,humid_hot,灰区/证据不足,22,阴,12.5,80.0,0.263437
REP-012-1,小号铁夹,60,humid_hot,灰区/证据不足,23,小雨,11.5,85.0,0.239487
REP-012-1,小号铁夹,60,humid_hot,灰区/证据不足,24,小雨,12.5,85.0,0.217802
REP-012-1,小号铁夹,60,humid_hot,灰区/证据不足,25,小雨,13.0,85.0,0.198048
REP-012-1,小号铁夹,60,humid_hot,灰区/证据不足,26,多云转阵雨,16.5,80.0,0.186254
REP-012-1,小号铁夹,60,humid_hot,灰区/证据不足,27,小雨,13.0,85.0,0.169114
REP-012-1,小号铁夹,60,humid_hot,灰区/证据不足,28,分散阵雨转多云,18.0,80.0,0.159675
REP-012-1,小号铁夹,60,humid_hot,灰区/证据不足,29,多云转阵雨,16.5,80.0,0.149838
REP-012-1,小号铁夹,60,humid_hot,灰区/证据不足,30,小雨,15.0,85.0,0.136059
REP-012-1,小号铁夹,60,humid_hot,灰区/证据不足,31,阴,15.0,80.0,0.126802
REP-012-1,小号铁夹,60,humid_hot,灰区/证据不足,32,多云,16.5,75.0,0.122402
REP-012-1,小号铁夹,60,humid_hot,灰区/证据不足,33,多云,17.5,75.0,0.11879
REP-012-1,小号铁夹,60,humid_hot,灰区/证据不足,34,多云,16.0,75.0,0.114153
REP-012-1,小号铁夹,60,humid_hot,灰区/证据不足,35,小雨,14.0,85.0,0.103162
REP-012-1,小号铁夹,60,humid_hot,灰区/证据不足,36,小雨,13.5,85.0,0.093108
REP-012-1,小号铁夹,60,humid_hot,灰区/证据不足,37,阴转多云,15.5,80.0,0.086551
REP-012-1,小号铁夹,60,humid_hot,灰区/证据不足,38,晴,17.5,70.0,0.086494
REP-012-1,小号铁夹,60,humid_hot,灰区/证据不足,39,中到大雨,13.0,90.0,0.076174
REP-012-1,小号铁夹,60,humid_hot,灰区/证据不足,40,小雨,12.0,85.0,0.068434
REP-012-1,小号铁夹,60,humid_hot,灰区/证据不足,41,多云,14.5,75.0,0.064832
REP-012-1,小号铁夹,60,humid_hot,灰区/证据不足,42,晴,16.5,70.0,0.064049
REP-012-1,小号铁夹,60,humid_hot,灰区/证据不足,43,晴,18.0,70.0,0.064048
REP-012-1,小号铁夹,60,humid_hot,灰区/证据不足,44,多云,19.0,75.0,0.062228
REP-012-1,小号铁夹,60,humid_hot,灰区/证据不足,45,多云,20.0,75.0,0.060785
REP-012-1,小号铁夹,60,humid_hot,灰区/证据不足,46,多云转小雨,18.5,85.0,0.054771
REP-012-1,小号铁夹,60,humid_hot,灰区/证据不足,47,小雨,17.5,85.0,0.049261
REP-012-1,小号铁夹,60,humid_hot,灰区/证据不足,48,小雨,16.0,85.0,0.044197
REP-012-1,小号铁夹,60,humid_hot,灰区/证据不足,49,阴,18.0,80.0,0.041096
REP-012-1,小号铁夹,60,humid_hot,灰区/证据不足,50,多云,19.5,75.0,0.039875
REP-012-1,小号铁夹,60,humid_hot,灰区/证据不足,51,多云转小雨,19.0,85.0,0.035819
REP-012-1,小号铁夹,60,humid_hot,灰区/证据不足,52,小雨,17.5,85.0,0.032098
REP-012-1,小号铁夹,60,humid_hot,灰区/证据不足,53,小雨转阴,16.0,85.0,0.028694
REP-012-1,小号铁夹,60,humid_hot,灰区/证据不足,54,小雨,18.0,85.0,0.02569
REP-012-1,小号铁夹,60,humid_hot,灰区/证据不足,55,小雨,19.0,85.0,0.02301
REP-012-1,小号铁夹,60,humid_hot,灰区/证据不足,56,晴转小雨,19.5,85.0,0.020606
REP-012-1,小号铁夹,60,humid_hot,灰区/证据不足,57,小雨,18.5,85.0,0.018419
REP-012-1,小号铁夹,60,humid_hot,灰区/证据不足,58,雨,18.5,85.0,0.016452
REP-012-1,小号铁夹,60,humid_hot,灰区/证据不足,59,雨转阴,20.0,80.0,0.015296
REP-012-1,小号铁夹,60,humid_hot,灰区/证据不足,60,阴,20.0,80.0,0.014212
REP-013-1,普通钢筋,7,normal,支持曾遭雷击,1,阴转多云,12.5,80.0,0.912234
REP-013-1,普通钢筋,7,normal,支持曾遭雷击,2,晴转多云,11.0,70.0,0.902425
REP-013-1,普通钢筋,7,normal,支持曾遭雷击,3,阴,12.5,80.0,0.86728
REP-013-1,普通钢筋,7,normal,支持曾遭雷击,4,阴,15.5,80.0,0.841971
REP-013-1,普通钢筋,7,normal,支持曾遭雷击,5,小雨,14.0,85.0,0.792928
REP-013-1,普通钢筋,7,normal,支持曾遭雷击,6,小雨,11.5,85.0,0.744092
REP-013-1,普通钢筋,7,normal,支持曾遭雷击,7,多云,11.5,75.0,0.723394
REP-013-2,普通钢筋,7,normal,灰区/证据不足,1,阴转多云,12.5,80.0,0.912234
REP-013-2,普通钢筋,7,normal,灰区/证据不足,2,晴转多云,11.0,70.0,0.902425
REP-013-2,普通钢筋,7,normal,灰区/证据不足,3,阴,12.5,80.0,0.86728
REP-013-2,普通钢筋,7,normal,灰区/证据不足,4,阴,15.5,80.0,0.841971
REP-013-2,普通钢筋,7,normal,灰区/证据不足,5,小雨,14.0,85.0,0.792928
REP-013-2,普通钢筋,7,normal,灰区/证据不足,6,小雨,11.5,85.0,0.744092
REP-013-2,普通钢筋,7,normal,灰区/证据不足,7,多云,11.5,75.0,0.723394
REP-013-3,普通钢筋,7,normal,不支持曾遭雷击,1,阴转多云,12.5,80.0,0.912234
REP-013-3,普通钢筋,7,normal,不支持曾遭雷击,2,晴转多云,11.0,70.0,0.902425
REP-013-3,普通钢筋,7,normal,不支持曾遭雷击,3,阴,12.5,80.0,0.86728
REP-013-3,普通钢筋,7,normal,不支持曾遭雷击,4,阴,15.5,80.0,0.841971
REP-013-3,普通钢筋,7,normal,不支持曾遭雷击,5,小雨,14.0,85.0,0.792928
REP-013-3,普通钢筋,7,normal,不支持曾遭雷击,6,小雨,11.5,85.0,0.744092
REP-013-3,普通钢筋,7,normal,不支持曾遭雷击,7,多云,11.5,75.0,0.723394
REP-014-1,普通钢筋,7,humid_hot,支持曾遭雷击,1,小雨,18.0,85.0,0.89927
REP-014-1,普通钢筋,7,humid_hot,支持曾遭雷击,2,小雨,19.0,85.0,0.853551
REP-014-1,普通钢筋,7,humid_hot,支持曾遭雷击,3,晴转小雨,19.5,85.0,0.810023
REP-014-1,普通钢筋,7,humid_hot,支持曾遭雷击,4,小雨,18.5,85.0,0.767287
REP-014-1,普通钢筋,7,humid_hot,支持曾遭雷击,5,雨,18.5,85.0,0.726276
REP-014-1,普通钢筋,7,humid_hot,支持曾遭雷击,6,雨转阴,20.0,80.0,0.715593
REP-014-1,普通钢筋,7,humid_hot,支持曾遭雷击,7,阴,20.0,80.0,0.704553
REP-014-2,普通钢筋,7,humid_hot,灰区/证据不足,1,小雨,18.0,85.0,0.89927
REP-014-2,普通钢筋,7,humid_hot,灰区/证据不足,2,小雨,19.0,85.0,0.853551
REP-014-2,普通钢筋,7,humid_hot,灰区/证据不足,3,晴转小雨,19.5,85.0,0.810023
REP-014-2,普通钢筋,7,humid_hot,灰区/证据不足,4,小雨,18.5,85.0,0.767287
REP-014-2,普通钢筋,7,humid_hot,灰区/证据不足,5,雨,18.5,85.0,0.726276
REP-014-2,普通钢筋,7,humid_hot,灰区/证据不足,6,雨转阴,20.0,80.0,0.715593
REP-014-2,普通钢筋,7,humid_hot,灰区/证据不足,7,阴,20.0,80.0,0.704553
REP-014-3,普通钢筋,7,humid_hot,不支持曾遭雷击,1,小雨,18.0,85.0,0.89927
REP-014-3,普通钢筋,7,humid_hot,不支持曾遭雷击,2,小雨,19.0,85.0,0.853551
REP-014-3,普通钢筋,7,humid_hot,不支持曾遭雷击,3,晴转小雨,19.5,85.0,0.810023
REP-014-3,普通钢筋,7,humid_hot,不支持曾遭雷击,4,小雨,18.5,85.0,0.767287
REP-014-3,普通钢筋,7,humid_hot,不支持曾遭雷击,5,雨,18.5,85.0,0.726276
REP-014-3,普通钢筋,7,humid_hot,不支持曾遭雷击,6,雨转阴,20.0,80.0,0.715593
REP-014-3,普通钢筋,7,humid_hot,不支持曾遭雷击,7,阴,20.0,80.0,0.704553
REP-015-1,普通钢筋,30,normal,支持曾遭雷击,1,阴,10.0,80.0,0.904032
REP-015-1,普通钢筋,30,normal,支持曾遭雷击,2,多云,10.5,75.0,0.876736
REP-015-1,普通钢筋,30,normal,支持曾遭雷击,3,多云,10.5,75.0,0.849643
REP-015-1,普通钢筋,30,normal,支持曾遭雷击,4,多云,12.5,75.0,0.83288
REP-015-1,普通钢筋,30,normal,支持曾遭雷击,5,多云转晴,14.0,70.0,0.83288
REP-015-1,普通钢筋,30,normal,支持曾遭雷击,6,多云,15.0,75.0,0.83288
REP-015-1,普通钢筋,30,normal,支持曾遭雷击,7,多云转小雨,14.0,85.0,0.7884
REP-015-1,普通钢筋,30,normal,支持曾遭雷击,8,小雨转阴,13.0,85.0,0.740017
REP-015-1,普通钢筋,30,normal,支持曾遭雷击,9,小雨转阴,12.0,85.0,0.693314
REP-015-1,普通钢筋,30,normal,支持曾遭雷击,10,多云,12.0,75.0,0.674608
REP-015-1,普通钢筋,30,normal,支持曾遭雷击,11,多云转阴,12.0,80.0,0.6434
REP-015-1,普通钢筋,30,normal,支持曾遭雷击,12,晴转多云,12.0,70.0,0.637301
REP-015-1,普通钢筋,30,normal,支持曾遭雷击,13,阴转多云,12.5,80.0,0.60803
REP-015-1,普通钢筋,30,normal,支持曾遭雷击,14,晴转多云,11.0,70.0,0.596251
REP-015-1,普通钢筋,30,normal,支持曾遭雷击,15,阴,12.5,80.0,0.568036
REP-015-1,普通钢筋,30,normal,支持曾遭雷击,16,阴,15.5,80.0,0.546655
REP-015-1,普通钢筋,30,normal,支持曾遭雷击,17,小雨,14.0,85.0,0.510327
REP-015-1,普通钢筋,30,normal,支持曾遭雷击,18,小雨,11.5,85.0,0.474724
REP-015-1,普通钢筋,30,normal,支持曾遭雷击,19,多云,11.5,75.0,0.457497
REP-015-1,普通钢筋,30,normal,支持曾遭雷击,20,多云,12.0,75.0,0.441918
REP-015-1,普通钢筋,30,normal,支持曾遭雷击,21,阴,13.0,80.0,0.419927
REP-015-1,普通钢筋,30,normal,支持曾遭雷击,22,阴,12.5,80.0,0.398019
REP-015-1,普通钢筋,30,normal,支持曾遭雷击,23,小雨,11.5,85.0,0.368903
REP-015-1,普通钢筋,30,normal,支持曾遭雷击,24,小雨,12.5,85.0,0.342053
REP-015-1,普通钢筋,30,normal,支持曾遭雷击,25,小雨,13.0,85.0,0.317106
REP-015-1,普通钢筋,30,normal,支持曾遭雷击,26,多云转阵雨,16.5,80.0,0.304049
REP-015-1,普通钢筋,30,normal,支持曾遭雷击,27,小雨,13.0,85.0,0.281463
REP-015-1,普通钢筋,30,normal,支持曾遭雷击,28,分散阵雨转多云,18.0,80.0,0.270944
REP-015-1,普通钢筋,30,normal,支持曾遭雷击,29,多云转阵雨,16.5,80.0,0.259219
REP-015-1,普通钢筋,30,normal,支持曾遭雷击,30,小雨,15.0,85.0,0.23998
REP-015-2,普通钢筋,30,normal,灰区/证据不足,1,阴,10.0,80.0,0.904032
REP-015-2,普通钢筋,30,normal,灰区/证据不足,2,多云,10.5,75.0,0.876736
REP-015-2,普通钢筋,30,normal,灰区/证据不足,3,多云,10.5,75.0,0.849643
REP-015-2,普通钢筋,30,normal,灰区/证据不足,4,多云,12.5,75.0,0.83288
REP-015-2,普通钢筋,30,normal,灰区/证据不足,5,多云转晴,14.0,70.0,0.83288
REP-015-2,普通钢筋,30,normal,灰区/证据不足,6,多云,15.0,75.0,0.83288
REP-015-2,普通钢筋,30,normal,灰区/证据不足,7,多云转小雨,14.0,85.0,0.7884
REP-015-2,普通钢筋,30,normal,灰区/证据不足,8,小雨转阴,13.0,85.0,0.740017
REP-015-2,普通钢筋,30,normal,灰区/证据不足,9,小雨转阴,12.0,85.0,0.693314
REP-015-2,普通钢筋,30,normal,灰区/证据不足,10,多云,12.0,75.0,0.674608
REP-015-2,普通钢筋,30,normal,灰区/证据不足,11,多云转阴,12.0,80.0,0.6434
REP-015-2,普通钢筋,30,normal,灰区/证据不足,12,晴转多云,12.0,70.0,0.637301
REP-015-2,普通钢筋,30,normal,灰区/证据不足,13,阴转多云,12.5,80.0,0.60803
REP-015-2,普通钢筋,30,normal,灰区/证据不足,14,晴转多云,11.0,70.0,0.596251
REP-015-2,普通钢筋,30,normal,灰区/证据不足,15,阴,12.5,80.0,0.568036
REP-015-2,普通钢筋,30,normal,灰区/证据不足,16,阴,15.5,80.0,0.546655
REP-015-2,普通钢筋,30,normal,灰区/证据不足,17,小雨,14.0,85.0,0.510327
REP-015-2,普通钢筋,30,normal,灰区/证据不足,18,小雨,11.5,85.0,0.474724
REP-015-2,普通钢筋,30,normal,灰区/证据不足,19,多云,11.5,75.0,0.457497
REP-015-2,普通钢筋,30,normal,灰区/证据不足,20,多云,12.0,75.0,0.441918
REP-015-2,普通钢筋,30,normal,灰区/证据不足,21,阴,13.0,80.0,0.419927
REP-015-2,普通钢筋,30,normal,灰区/证据不足,22,阴,12.5,80.0,0.398019
REP-015-2,普通钢筋,30,normal,灰区/证据不足,23,小雨,11.5,85.0,0.368903
REP-015-2,普通钢筋,30,normal,灰区/证据不足,24,小雨,12.5,85.0,0.342053
REP-015-2,普通钢筋,30,normal,灰区/证据不足,25,小雨,13.0,85.0,0.317106
REP-015-2,普通钢筋,30,normal,灰区/证据不足,26,多云转阵雨,16.5,80.0,0.304049
REP-015-2,普通钢筋,30,normal,灰区/证据不足,27,小雨,13.0,85.0,0.281463
REP-015-2,普通钢筋,30,normal,灰区/证据不足,28,分散阵雨转多云,18.0,80.0,0.270944
REP-015-2,普通钢筋,30,normal,灰区/证据不足,29,多云转阵雨,16.5,80.0,0.259219
REP-015-2,普通钢筋,30,normal,灰区/证据不足,30,小雨,15.0,85.0,0.23998
REP-015-3,普通钢筋,30,normal,不支持曾遭雷击,1,阴,10.0,80.0,0.904032
REP-015-3,普通钢筋,30,normal,不支持曾遭雷击,2,多云,10.5,75.0,0.876736
REP-015-3,普通钢筋,30,normal,不支持曾遭雷击,3,多云,10.5,75.0,0.849643
REP-015-3,普通钢筋,30,normal,不支持曾遭雷击,4,多云,12.5,75.0,0.83288
REP-015-3,普通钢筋,30,normal,不支持曾遭雷击,5,多云转晴,14.0,70.0,0.83288
REP-015-3,普通钢筋,30,normal,不支持曾遭雷击,6,多云,15.0,75.0,0.83288
REP-015-3,普通钢筋,30,normal,不支持曾遭雷击,7,多云转小雨,14.0,85.0,0.7884
REP-015-3,普通钢筋,30,normal,不支持曾遭雷击,8,小雨转阴,13.0,85.0,0.740017
REP-015-3,普通钢筋,30,normal,不支持曾遭雷击,9,小雨转阴,12.0,85.0,0.693314
REP-015-3,普通钢筋,30,normal,不支持曾遭雷击,10,多云,12.0,75.0,0.674608
REP-015-3,普通钢筋,30,normal,不支持曾遭雷击,11,多云转阴,12.0,80.0,0.6434
REP-015-3,普通钢筋,30,normal,不支持曾遭雷击,12,晴转多云,12.0,70.0,0.637301
REP-015-3,普通钢筋,30,normal,不支持曾遭雷击,13,阴转多云,12.5,80.0,0.60803
REP-015-3,普通钢筋,30,normal,不支持曾遭雷击,14,晴转多云,11.0,70.0,0.596251
REP-015-3,普通钢筋,30,normal,不支持曾遭雷击,15,阴,12.5,80.0,0.568036
REP-015-3,普通钢筋,30,normal,不支持曾遭雷击,16,阴,15.5,80.0,0.546655
REP-015-3,普通钢筋,30,normal,不支持曾遭雷击,17,小雨,14.0,85.0,0.510327
REP-015-3,普通钢筋,30,normal,不支持曾遭雷击,18,小雨,11.5,85.0,0.474724
REP-015-3,普通钢筋,30,normal,不支持曾遭雷击,19,多云,11.5,75.0,0.457497
REP-015-3,普通钢筋,30,normal,不支持曾遭雷击,20,多云,12.0,75.0,0.441918
REP-015-3,普通钢筋,30,normal,不支持曾遭雷击,21,阴,13.0,80.0,0.419927
REP-015-3,普通钢筋,30,normal,不支持曾遭雷击,22,阴,12.5,80.0,0.398019
REP-015-3,普通钢筋,30,normal,不支持曾遭雷击,23,小雨,11.5,85.0,0.368903
REP-015-3,普通钢筋,30,normal,不支持曾遭雷击,24,小雨,12.5,85.0,0.342053
REP-015-3,普通钢筋,30,normal,不支持曾遭雷击,25,小雨,13.0,85.0,0.317106
REP-015-3,普通钢筋,30,normal,不支持曾遭雷击,26,多云转阵雨,16.5,80.0,0.304049
REP-015-3,普通钢筋,30,normal,不支持曾遭雷击,27,小雨,13.0,85.0,0.281463
REP-015-3,普通钢筋,30,normal,不支持曾遭雷击,28,分散阵雨转多云,18.0,80.0,0.270944
REP-015-3,普通钢筋,30,normal,不支持曾遭雷击,29,多云转阵雨,16.5,80.0,0.259219
REP-015-3,普通钢筋,30,normal,不支持曾遭雷击,30,小雨,15.0,85.0,0.23998
REP-016-1,普通钢筋,30,humid_hot,支持曾遭雷击,1,阴,15.0,80.0,0.92051
REP-016-1,普通钢筋,30,humid_hot,支持曾遭雷击,2,多云,16.5,75.0,0.92051
REP-016-1,普通钢筋,30,humid_hot,支持曾遭雷击,3,多云,17.5,75.0,0.92051
REP-016-1,普通钢筋,30,humid_hot,支持曾遭雷击,4,多云,16.0,75.0,0.92051
REP-016-1,普通钢筋,30,humid_hot,支持曾遭雷击,5,小雨,14.0,85.0,0.883164
REP-016-1,普通钢筋,30,humid_hot,支持曾遭雷击,6,小雨,13.5,85.0,0.830646
REP-016-1,普通钢筋,30,humid_hot,支持曾遭雷击,7,阴转多云,15.5,80.0,0.804644
REP-016-1,普通钢筋,30,humid_hot,支持曾遭雷击,8,晴,17.5,70.0,0.804644
REP-016-1,普通钢筋,30,humid_hot,支持曾遭雷击,9,中到大雨,13.0,90.0,0.769041
REP-016-1,普通钢筋,30,humid_hot,支持曾遭雷击,10,小雨,12.0,85.0,0.719981
REP-016-1,普通钢筋,30,humid_hot,支持曾遭雷击,11,多云,14.5,75.0,0.710794
REP-016-1,普通钢筋,30,humid_hot,支持曾遭雷击,12,晴,16.5,70.0,0.710794
REP-016-1,普通钢筋,30,humid_hot,支持曾遭雷击,13,晴,18.0,70.0,0.710794
REP-016-1,普通钢筋,30,humid_hot,支持曾遭雷击,14,多云,19.0,75.0,0.710794
REP-016-1,普通钢筋,30,humid_hot,支持曾遭雷击,15,多云,20.0,75.0,0.710794
REP-016-1,普通钢筋,30,humid_hot,支持曾遭雷击,16,多云转小雨,18.5,85.0,0.710794
REP-016-1,普通钢筋,30,humid_hot,支持曾遭雷击,17,小雨,17.5,85.0,0.691645
REP-016-1,普通钢筋,30,humid_hot,支持曾遭雷击,18,小雨,16.0,85.0,0.64667
REP-016-1,普通钢筋,30,humid_hot,支持曾遭雷击,19,阴,18.0,80.0,0.626602
REP-016-1,普通钢筋,30,humid_hot,支持曾遭雷击,20,多云,19.5,75.0,0.626602
REP-016-1,普通钢筋,30,humid_hot,支持曾遭雷击,21,多云转小雨,19.0,85.0,0.59309
REP-016-1,普通钢筋,30,humid_hot,支持曾遭雷击,22,小雨,17.5,85.0,0.553847
REP-016-1,普通钢筋,30,humid_hot,支持曾遭雷击,23,小雨转阴,16.0,85.0,0.515947
REP-016-1,普通钢筋,30,humid_hot,支持曾遭雷击,24,小雨,18.0,85.0,0.481378
REP-016-1,普通钢筋,30,humid_hot,支持曾遭雷击,25,小雨,19.0,85.0,0.449304
REP-016-1,普通钢筋,30,humid_hot,支持曾遭雷击,26,晴转小雨,19.5,85.0,0.419298
REP-016-1,普通钢筋,30,humid_hot,支持曾遭雷击,27,小雨,18.5,85.0,0.390569
REP-016-1,普通钢筋,30,humid_hot,支持曾遭雷击,28,雨,18.5,85.0,0.363544
REP-016-1,普通钢筋,30,humid_hot,支持曾遭雷击,29,雨转阴,20.0,80.0,0.352238
REP-016-1,普通钢筋,30,humid_hot,支持曾遭雷击,30,阴,20.0,80.0,0.341035
REP-016-2,普通钢筋,30,humid_hot,灰区/证据不足,1,阴,15.0,80.0,0.92051
REP-016-2,普通钢筋,30,humid_hot,灰区/证据不足,2,多云,16.5,75.0,0.92051
REP-016-2,普通钢筋,30,humid_hot,灰区/证据不足,3,多云,17.5,75.0,0.92051
REP-016-2,普通钢筋,30,humid_hot,灰区/证据不足,4,多云,16.0,75.0,0.92051
REP-016-2,普通钢筋,30,humid_hot,灰区/证据不足,5,小雨,14.0,85.0,0.883164
REP-016-2,普通钢筋,30,humid_hot,灰区/证据不足,6,小雨,13.5,85.0,0.830646
REP-016-2,普通钢筋,30,humid_hot,灰区/证据不足,7,阴转多云,15.5,80.0,0.804644
REP-016-2,普通钢筋,30,humid_hot,灰区/证据不足,8,晴,17.5,70.0,0.804644
REP-016-2,普通钢筋,30,humid_hot,灰区/证据不足,9,中到大雨,13.0,90.0,0.769041
REP-016-2,普通钢筋,30,humid_hot,灰区/证据不足,10,小雨,12.0,85.0,0.719981
REP-016-2,普通钢筋,30,humid_hot,灰区/证据不足,11,多云,14.5,75.0,0.710794
REP-016-2,普通钢筋,30,humid_hot,灰区/证据不足,12,晴,16.5,70.0,0.710794
REP-016-2,普通钢筋,30,humid_hot,灰区/证据不足,13,晴,18.0,70.0,0.710794
REP-016-2,普通钢筋,30,humid_hot,灰区/证据不足,14,多云,19.0,75.0,0.710794
REP-016-2,普通钢筋,30,humid_hot,灰区/证据不足,15,多云,20.0,75.0,0.710794
REP-016-2,普通钢筋,30,humid_hot,灰区/证据不足,16,多云转小雨,18.5,85.0,0.710794
REP-016-2,普通钢筋,30,humid_hot,灰区/证据不足,17,小雨,17.5,85.0,0.691645
REP-016-2,普通钢筋,30,humid_hot,灰区/证据不足,18,小雨,16.0,85.0,0.64667
REP-016-2,普通钢筋,30,humid_hot,灰区/证据不足,19,阴,18.0,80.0,0.626602
REP-016-2,普通钢筋,30,humid_hot,灰区/证据不足,20,多云,19.5,75.0,0.626602
REP-016-2,普通钢筋,30,humid_hot,灰区/证据不足,21,多云转小雨,19.0,85.0,0.59309
REP-016-2,普通钢筋,30,humid_hot,灰区/证据不足,22,小雨,17.5,85.0,0.553847
REP-016-2,普通钢筋,30,humid_hot,灰区/证据不足,23,小雨转阴,16.0,85.0,0.515947
REP-016-2,普通钢筋,30,humid_hot,灰区/证据不足,24,小雨,18.0,85.0,0.481378
REP-016-2,普通钢筋,30,humid_hot,灰区/证据不足,25,小雨,19.0,85.0,0.449304
REP-016-2,普通钢筋,30,humid_hot,灰区/证据不足,26,晴转小雨,19.5,85.0,0.419298
REP-016-2,普通钢筋,30,humid_hot,灰区/证据不足,27,小雨,18.5,85.0,0.390569
REP-016-2,普通钢筋,30,humid_hot,灰区/证据不足,28,雨,18.5,85.0,0.363544
REP-016-2,普通钢筋,30,humid_hot,灰区/证据不足,29,雨转阴,20.0,80.0,0.352238
REP-016-2,普通钢筋,30,humid_hot,灰区/证据不足,30,阴,20.0,80.0,0.341035
REP-016-3,普通钢筋,30,humid_hot,不支持曾遭雷击,1,阴,15.0,80.0,0.92051
REP-016-3,普通钢筋,30,humid_hot,不支持曾遭雷击,2,多云,16.5,75.0,0.92051
REP-016-3,普通钢筋,30,humid_hot,不支持曾遭雷击,3,多云,17.5,75.0,0.92051
REP-016-3,普通钢筋,30,humid_hot,不支持曾遭雷击,4,多云,16.0,75.0,0.92051
REP-016-3,普通钢筋,30,humid_hot,不支持曾遭雷击,5,小雨,14.0,85.0,0.883164
REP-016-3,普通钢筋,30,humid_hot,不支持曾遭雷击,6,小雨,13.5,85.0,0.830646
REP-016-3,普通钢筋,30,humid_hot,不支持曾遭雷击,7,阴转多云,15.5,80.0,0.804644
REP-016-3,普通钢筋,30,humid_hot,不支持曾遭雷击,8,晴,17.5,70.0,0.804644
REP-016-3,普通钢筋,30,humid_hot,不支持曾遭雷击,9,中到大雨,13.0,90.0,0.769041
REP-016-3,普通钢筋,30,humid_hot,不支持曾遭雷击,10,小雨,12.0,85.0,0.719981
REP-016-3,普通钢筋,30,humid_hot,不支持曾遭雷击,11,多云,14.5,75.0,0.710794
REP-016-3,普通钢筋,30,humid_hot,不支持曾遭雷击,12,晴,16.5,70.0,0.710794
REP-016-3,普通钢筋,30,humid_hot,不支持曾遭雷击,13,晴,18.0,70.0,0.710794
REP-016-3,普通钢筋,30,humid_hot,不支持曾遭雷击,14,多云,19.0,75.0,0.710794
REP-016-3,普通钢筋,30,humid_hot,不支持曾遭雷击,15,多云,20.0,75.0,0.710794
REP-016-3,普通钢筋,30,humid_hot,不支持曾遭雷击,16,多云转小雨,18.5,85.0,0.710794
REP-016-3,普通钢筋,30,humid_hot,不支持曾遭雷击,17,小雨,17.5,85.0,0.691645
REP-016-3,普通钢筋,30,humid_hot,不支持曾遭雷击,18,小雨,16.0,85.0,0.64667
REP-016-3,普通钢筋,30,humid_hot,不支持曾遭雷击,19,阴,18.0,80.0,0.626602
REP-016-3,普通钢筋,30,humid_hot,不支持曾遭雷击,20,多云,19.5,75.0,0.626602
REP-016-3,普通钢筋,30,humid_hot,不支持曾遭雷击,21,多云转小雨,19.0,85.0,0.59309
REP-016-3,普通钢筋,30,humid_hot,不支持曾遭雷击,22,小雨,17.5,85.0,0.553847
REP-016-3,普通钢筋,30,humid_hot,不支持曾遭雷击,23,小雨转阴,16.0,85.0,0.515947
REP-016-3,普通钢筋,30,humid_hot,不支持曾遭雷击,24,小雨,18.0,85.0,0.481378
REP-016-3,普通钢筋,30,humid_hot,不支持曾遭雷击,25,小雨,19.0,85.0,0.449304
REP-016-3,普通钢筋,30,humid_hot,不支持曾遭雷击,26,晴转小雨,19.5,85.0,0.419298
REP-016-3,普通钢筋,30,humid_hot,不支持曾遭雷击,27,小雨,18.5,85.0,0.390569
REP-016-3,普通钢筋,30,humid_hot,不支持曾遭雷击,28,雨,18.5,85.0,0.363544
REP-016-3,普通钢筋,30,humid_hot,不支持曾遭雷击,29,雨转阴,20.0,80.0,0.352238
REP-016-3,普通钢筋,30,humid_hot,不支持曾遭雷击,30,阴,20.0,80.0,0.341035
REP-017-1,普通钢筋,60,normal,灰区/证据不足,1,中度雾霾,12.0,80.0,0.910588
REP-017-1,普通钢筋,60,normal,灰区/证据不足,2,晴/多云,13.5,65.0,0.910588
REP-017-1,普通钢筋,60,normal,灰区/证据不足,3,阴,11.5,80.0,0.901804
REP-017-1,普通钢筋,60,normal,灰区/证据不足,4,中雨,11.5,90.0,0.832344
REP-017-1,普通钢筋,60,normal,灰区/证据不足,5,小雨,8.5,85.0,0.779007
REP-017-1,普通钢筋,60,normal,灰区/证据不足,6,小雨,7.0,85.0,0.727322
REP-017-1,普通钢筋,60,normal,灰区/证据不足,7,晴,8.0,70.0,0.698669
REP-017-1,普通钢筋,60,normal,灰区/证据不足,8,多云,8.5,75.0,0.666441
REP-017-1,普通钢筋,60,normal,灰区/证据不足,9,多云,9.0,75.0,0.637174
REP-017-1,普通钢筋,60,normal,灰区/证据不足,10,阴,10.0,80.0,0.603763
REP-017-1,普通钢筋,60,normal,灰区/证据不足,11,阴/小雨,10.0,85.0,0.56356
REP-017-1,普通钢筋,60,normal,灰区/证据不足,12,多云,10.5,75.0,0.542572
REP-017-1,普通钢筋,60,normal,灰区/证据不足,13,多云,10.0,75.0,0.520397
REP-017-1,普通钢筋,60,normal,灰区/证据不足,14,小雨,10.0,85.0,0.484683
REP-017-1,普通钢筋,60,normal,灰区/证据不足,15,小雨,10.0,85.0,0.451091
REP-017-1,普通钢筋,60,normal,灰区/证据不足,16,阴,10.0,80.0,0.425572
REP-017-1,普通钢筋,60,normal,灰区/证据不足,17,多云,10.5,75.0,0.408231
REP-017-1,普通钢筋,60,normal,灰区/证据不足,18,多云,10.5,75.0,0.391312
REP-017-1,普通钢筋,60,normal,灰区/证据不足,19,多云,12.5,75.0,0.379417
REP-017-1,普通钢筋,60,normal,灰区/证据不足,20,多云转晴,14.0,70.0,0.379417
REP-017-1,普通钢筋,60,normal,灰区/证据不足,21,多云,15.0,75.0,0.37366
REP-017-1,普通钢筋,60,normal,灰区/证据不足,22,多云转小雨,14.0,85.0,0.347559
REP-017-1,普通钢筋,60,normal,灰区/证据不足,23,小雨转阴,13.0,85.0,0.32268
REP-017-1,普通钢筋,60,normal,灰区/证据不足,24,小雨转阴,12.0,85.0,0.299026
REP-017-1,普通钢筋,60,normal,灰区/证据不足,25,多云,12.0,75.0,0.287793
REP-017-1,普通钢筋,60,normal,灰区/证据不足,26,多云转阴,12.0,80.0,0.271493
REP-017-1,普通钢筋,60,normal,灰区/证据不足,27,晴转多云,12.0,70.0,0.265993
REP-017-1,普通钢筋,60,normal,灰区/证据不足,28,阴转多云,12.5,80.0,0.251015
REP-017-1,普通钢筋,60,normal,灰区/证据不足,29,晴转多云,11.0,70.0,0.243474
REP-017-1,普通钢筋,60,normal,灰区/证据不足,30,阴,12.5,80.0,0.229429
REP-017-1,普通钢筋,60,normal,灰区/证据不足,31,阴,15.5,80.0,0.218391
REP-017-1,普通钢筋,60,normal,灰区/证据不足,32,小雨,14.0,85.0,0.20166
REP-017-1,普通钢筋,60,normal,灰区/证据不足,33,小雨,11.5,85.0,0.185549
REP-017-1,普通钢筋,60,normal,灰区/证据不足,34,多云,11.5,75.0,0.176871
REP-017-1,普通钢筋,60,normal,灰区/证据不足,35,多云,12.0,75.0,0.168989
REP-017-1,普通钢筋,60,normal,灰区/证据不足,36,阴,13.0,80.0,0.158832
REP-017-1,普通钢筋,60,normal,灰区/证据不足,37,阴,12.5,80.0,0.148908
REP-017-1,普通钢筋,60,normal,灰区/证据不足,38,小雨,11.5,85.0,0.136513
REP-017-1,普通钢筋,60,normal,灰区/证据不足,39,小雨,12.5,85.0,0.1252
REP-017-1,普通钢筋,60,normal,灰区/证据不足,40,小雨,13.0,85.0,0.114806
REP-017-1,普通钢筋,60,normal,灰区/证据不足,41,多云转阵雨,16.5,80.0,0.108881
REP-017-1,普通钢筋,60,normal,灰区/证据不足,42,小雨,13.0,85.0,0.099696
REP-017-1,普通钢筋,60,normal,灰区/证据不足,43,分散阵雨转多云,18.0,80.0,0.094926
REP-017-1,普通钢筋,60,normal,灰区/证据不足,44,多云转阵雨,16.5,80.0,0.08983
REP-017-1,普通钢筋,60,normal,灰区/证据不足,45,小雨,15.0,85.0,0.082258
REP-017-1,普通钢筋,60,normal,灰区/证据不足,46,阴,15.0,80.0,0.077309
REP-017-1,普通钢筋,60,normal,灰区/证据不足,47,多云,16.5,75.0,0.075257
REP-017-1,普通钢筋,60,normal,灰区/证据不足,48,多云,17.5,75.0,0.073653
REP-017-1,普通钢筋,60,normal,灰区/证据不足,49,多云,16.0,75.0,0.071375
REP-017-1,普通钢筋,60,normal,灰区/证据不足,50,小雨,14.0,85.0,0.065047
REP-017-1,普通钢筋,60,normal,灰区/证据不足,51,小雨,13.5,85.0,0.059204
REP-017-1,普通钢筋,60,normal,灰区/证据不足,52,阴转多云,15.5,80.0,0.055499
REP-017-1,普通钢筋,60,normal,灰区/证据不足,53,晴,17.5,70.0,0.055499
REP-017-1,普通钢筋,60,normal,灰区/证据不足,54,中到大雨,13.0,90.0,0.049673
REP-017-1,普通钢筋,60,normal,灰区/证据不足,55,小雨,12.0,85.0,0.045003
REP-017-1,普通钢筋,60,normal,灰区/证据不足,56,多云,14.5,75.0,0.042994
REP-017-1,普通钢筋,60,normal,灰区/证据不足,57,晴,16.5,70.0,0.042834
REP-017-1,普通钢筋,60,normal,灰区/证据不足,58,晴,18.0,70.0,0.042834
REP-017-1,普通钢筋,60,normal,灰区/证据不足,59,多云,19.0,75.0,0.042322
REP-017-1,普通钢筋,60,normal,灰区/证据不足,60,多云,20.0,75.0,0.041689
REP-018-1,普通钢筋,60,humid_hot,灰区/证据不足,1,阴,10.0,80.0,0.904032
REP-018-1,普通钢筋,60,humid_hot,灰区/证据不足,2,多云,10.5,75.0,0.876736
REP-018-1,普通钢筋,60,humid_hot,灰区/证据不足,3,多云,10.5,75.0,0.849643
REP-018-1,普通钢筋,60,humid_hot,灰区/证据不足,4,多云,12.5,75.0,0.83288
REP-018-1,普通钢筋,60,humid_hot,灰区/证据不足,5,多云转晴,14.0,70.0,0.83288
REP-018-1,普通钢筋,60,humid_hot,灰区/证据不足,6,多云,15.0,75.0,0.83288
REP-018-1,普通钢筋,60,humid_hot,灰区/证据不足,7,多云转小雨,14.0,85.0,0.7884
REP-018-1,普通钢筋,60,humid_hot,灰区/证据不足,8,小雨转阴,13.0,85.0,0.740017
REP-018-1,普通钢筋,60,humid_hot,灰区/证据不足,9,小雨转阴,12.0,85.0,0.693314
REP-018-1,普通钢筋,60,humid_hot,灰区/证据不足,10,多云,12.0,75.0,0.674608
REP-018-1,普通钢筋,60,humid_hot,灰区/证据不足,11,多云转阴,12.0,80.0,0.6434
REP-018-1,普通钢筋,60,humid_hot,灰区/证据不足,12,晴转多云,12.0,70.0,0.637301
REP-018-1,普通钢筋,60,humid_hot,灰区/证据不足,13,阴转多云,12.5,80.0,0.60803
REP-018-1,普通钢筋,60,humid_hot,灰区/证据不足,14,晴转多云,11.0,70.0,0.596251
REP-018-1,普通钢筋,60,humid_hot,灰区/证据不足,15,阴,12.5,80.0,0.568036
REP-018-1,普通钢筋,60,humid_hot,灰区/证据不足,16,阴,15.5,80.0,0.546655
REP-018-1,普通钢筋,60,humid_hot,灰区/证据不足,17,小雨,14.0,85.0,0.510327
REP-018-1,普通钢筋,60,humid_hot,灰区/证据不足,18,小雨,11.5,85.0,0.474724
REP-018-1,普通钢筋,60,humid_hot,灰区/证据不足,19,多云,11.5,75.0,0.457497
REP-018-1,普通钢筋,60,humid_hot,灰区/证据不足,20,多云,12.0,75.0,0.441918
REP-018-1,普通钢筋,60,humid_hot,灰区/证据不足,21,阴,13.0,80.0,0.419927
REP-018-1,普通钢筋,60,humid_hot,灰区/证据不足,22,阴,12.5,80.0,0.398019
REP-018-1,普通钢筋,60,humid_hot,灰区/证据不足,23,小雨,11.5,85.0,0.368903
REP-018-1,普通钢筋,60,humid_hot,灰区/证据不足,24,小雨,12.5,85.0,0.342053
REP-018-1,普通钢筋,60,humid_hot,灰区/证据不足,25,小雨,13.0,85.0,0.317106
REP-018-1,普通钢筋,60,humid_hot,灰区/证据不足,26,多云转阵雨,16.5,80.0,0.304049
REP-018-1,普通钢筋,60,humid_hot,灰区/证据不足,27,小雨,13.0,85.0,0.281463
REP-018-1,普通钢筋,60,humid_hot,灰区/证据不足,28,分散阵雨转多云,18.0,80.0,0.270944
REP-018-1,普通钢筋,60,humid_hot,灰区/证据不足,29,多云转阵雨,16.5,80.0,0.259219
REP-018-1,普通钢筋,60,humid_hot,灰区/证据不足,30,小雨,15.0,85.0,0.23998
REP-018-1,普通钢筋,60,humid_hot,灰区/证据不足,31,阴,15.0,80.0,0.228022
REP-018-1,普通钢筋,60,humid_hot,灰区/证据不足,32,多云,16.5,75.0,0.22441
REP-018-1,普通钢筋,60,humid_hot,灰区/证据不足,33,多云,17.5,75.0,0.222044
REP-018-1,普通钢筋,60,humid_hot,灰区/证据不足,34,多云,16.0,75.0,0.217544
REP-018-1,普通钢筋,60,humid_hot,灰区/证据不足,35,小雨,14.0,85.0,0.200438
REP-018-1,普通钢筋,60,humid_hot,灰区/证据不足,36,小雨,13.5,85.0,0.184439
REP-018-1,普通钢筋,60,humid_hot,灰区/证据不足,37,阴转多云,15.5,80.0,0.174799
REP-018-1,普通钢筋,60,humid_hot,灰区/证据不足,38,晴,17.5,70.0,0.174799
REP-018-1,普通钢筋,60,humid_hot,灰区/证据不足,39,中到大雨,13.0,90.0,0.159911
REP-018-1,普通钢筋,60,humid_hot,灰区/证据不足,40,小雨,12.0,85.0,0.14647
REP-018-1,普通钢筋,60,humid_hot,灰区/证据不足,41,多云,14.5,75.0,0.141471
REP-018-1,普通钢筋,60,humid_hot,灰区/证据不足,42,晴,16.5,70.0,0.141471
REP-018-1,普通钢筋,60,humid_hot,灰区/证据不足,43,晴,18.0,70.0,0.141471
REP-018-1,普通钢筋,60,humid_hot,灰区/证据不足,44,多云,19.0,75.0,0.141471
REP-018-1,普通钢筋,60,humid_hot,灰区/证据不足,45,多云,20.0,75.0,0.141471
REP-018-1,普通钢筋,60,humid_hot,灰区/证据不足,46,多云转小雨,18.5,85.0,0.131657
REP-018-1,普通钢筋,60,humid_hot,灰区/证据不足,47,小雨,17.5,85.0,0.120724
REP-018-1,普通钢筋,60,humid_hot,灰区/证据不足,48,小雨,16.0,85.0,0.110431
REP-018-1,普通钢筋,60,humid_hot,灰区/证据不足,49,阴,18.0,80.0,0.104688
REP-018-1,普通钢筋,60,humid_hot,灰区/证据不足,50,多云,19.5,75.0,0.103563
REP-018-1,普通钢筋,60,humid_hot,灰区/证据不足,51,多云转小雨,19.0,85.0,0.094847
REP-018-1,普通钢筋,60,humid_hot,灰区/证据不足,52,小雨,17.5,85.0,0.086654
REP-018-1,普通钢筋,60,humid_hot,灰区/证据不足,53,小雨转阴,16.0,85.0,0.078977
REP-018-1,普通钢筋,60,humid_hot,灰区/证据不足,54,小雨,18.0,85.0,0.072091
REP-018-1,普通钢筋,60,humid_hot,灰区/证据不足,55,小雨,19.0,85.0,0.065831
REP-018-1,普通钢筋,60,humid_hot,灰区/证据不足,56,晴转小雨,19.5,85.0,0.060105
REP-018-1,普通钢筋,60,humid_hot,灰区/证据不足,57,小雨,18.5,85.0,0.054775
REP-018-1,普通钢筋,60,humid_hot,灰区/证据不足,58,雨,18.5,85.0,0.049882
REP-018-1,普通钢筋,60,humid_hot,灰区/证据不足,59,雨转阴,20.0,80.0,0.047285
REP-018-1,普通钢筋,60,humid_hot,灰区/证据不足,60,阴,20.0,80.0,0.04479
REP-019-1,锈蚀钢筋,7,normal,支持曾遭雷击,1,阴转多云,12.5,80.0,0.903488
REP-019-1,锈蚀钢筋,7,normal,支持曾遭雷击,2,晴转多云,11.0,70.0,0.867397
REP-019-1,锈蚀钢筋,7,normal,支持曾遭雷击,3,阴,12.5,80.0,0.809014
REP-019-1,锈蚀钢筋,7,normal,支持曾遭雷击,4,阴,15.5,80.0,0.762227
REP-019-1,锈蚀钢筋,7,normal,支持曾遭雷击,5,小雨,14.0,85.0,0.696644
REP-019-1,锈蚀钢筋,7,normal,支持曾遭雷击,6,小雨,11.5,85.0,0.634446
REP-019-1,锈蚀钢筋,7,normal,支持曾遭雷击,7,多云,11.5,75.0,0.598595
REP-019-2,锈蚀钢筋,7,normal,灰区/证据不足,1,阴转多云,12.5,80.0,0.903488
REP-019-2,锈蚀钢筋,7,normal,灰区/证据不足,2,晴转多云,11.0,70.0,0.867397
REP-019-2,锈蚀钢筋,7,normal,灰区/证据不足,3,阴,12.5,80.0,0.809014
REP-019-2,锈蚀钢筋,7,normal,灰区/证据不足,4,阴,15.5,80.0,0.762227
REP-019-2,锈蚀钢筋,7,normal,灰区/证据不足,5,小雨,14.0,85.0,0.696644
REP-019-2,锈蚀钢筋,7,normal,灰区/证据不足,6,小雨,11.5,85.0,0.634446
REP-019-2,锈蚀钢筋,7,normal,灰区/证据不足,7,多云,11.5,75.0,0.598595
REP-019-3,锈蚀钢筋,7,normal,不支持曾遭雷击,1,阴转多云,12.5,80.0,0.903488
REP-019-3,锈蚀钢筋,7,normal,不支持曾遭雷击,2,晴转多云,11.0,70.0,0.867397
REP-019-3,锈蚀钢筋,7,normal,不支持曾遭雷击,3,阴,12.5,80.0,0.809014
REP-019-3,锈蚀钢筋,7,normal,不支持曾遭雷击,4,阴,15.5,80.0,0.762227
REP-019-3,锈蚀钢筋,7,normal,不支持曾遭雷击,5,小雨,14.0,85.0,0.696644
REP-019-3,锈蚀钢筋,7,normal,不支持曾遭雷击,6,小雨,11.5,85.0,0.634446
REP-019-3,锈蚀钢筋,7,normal,不支持曾遭雷击,7,多云,11.5,75.0,0.598595
REP-020-1,锈蚀钢筋,7,humid_hot,支持曾遭雷击,1,小雨,18.0,85.0,0.890649
REP-020-1,锈蚀钢筋,7,humid_hot,支持曾遭雷击,2,小雨,19.0,85.0,0.82042
REP-020-1,锈蚀钢筋,7,humid_hot,支持曾遭雷击,3,晴转小雨,19.5,85.0,0.755604
REP-020-1,锈蚀钢筋,7,humid_hot,支持曾遭雷击,4,小雨,18.5,85.0,0.694616
REP-020-1,锈蚀钢筋,7,humid_hot,支持曾遭雷击,5,雨,18.5,85.0,0.638086
REP-020-1,锈蚀钢筋,7,humid_hot,支持曾遭雷击,6,雨转阴,20.0,80.0,0.610146
REP-020-1,锈蚀钢筋,7,humid_hot,支持曾遭雷击,7,阴,20.0,80.0,0.583004
REP-020-2,锈蚀钢筋,7,humid_hot,灰区/证据不足,1,小雨,18.0,85.0,0.890649
REP-020-2,锈蚀钢筋,7,humid_hot,灰区/证据不足,2,小雨,19.0,85.0,0.82042
REP-020-2,锈蚀钢筋,7,humid_hot,灰区/证据不足,3,晴转小雨,19.5,85.0,0.755604
REP-020-2,锈蚀钢筋,7,humid_hot,灰区/证据不足,4,小雨,18.5,85.0,0.694616
REP-020-2,锈蚀钢筋,7,humid_hot,灰区/证据不足,5,雨,18.5,85.0,0.638086
REP-020-2,锈蚀钢筋,7,humid_hot,灰区/证据不足,6,雨转阴,20.0,80.0,0.610146
REP-020-2,锈蚀钢筋,7,humid_hot,灰区/证据不足,7,阴,20.0,80.0,0.583004
REP-020-3,锈蚀钢筋,7,humid_hot,不支持曾遭雷击,1,小雨,18.0,85.0,0.890649
REP-020-3,锈蚀钢筋,7,humid_hot,不支持曾遭雷击,2,小雨,19.0,85.0,0.82042
REP-020-3,锈蚀钢筋,7,humid_hot,不支持曾遭雷击,3,晴转小雨,19.5,85.0,0.755604
REP-020-3,锈蚀钢筋,7,humid_hot,不支持曾遭雷击,4,小雨,18.5,85.0,0.694616
REP-020-3,锈蚀钢筋,7,humid_hot,不支持曾遭雷击,5,雨,18.5,85.0,0.638086
REP-020-3,锈蚀钢筋,7,humid_hot,不支持曾遭雷击,6,雨转阴,20.0,80.0,0.610146
REP-020-3,锈蚀钢筋,7,humid_hot,不支持曾遭雷击,7,阴,20.0,80.0,0.583004
REP-021-1,锈蚀钢筋,30,normal,支持曾遭雷击,1,阴,10.0,80.0,0.895366
REP-021-1,锈蚀钢筋,30,normal,支持曾遭雷击,2,多云,10.5,75.0,0.842705
REP-021-1,锈蚀钢筋,30,normal,支持曾遭雷击,3,多云,10.5,75.0,0.792563
REP-021-1,锈蚀钢筋,30,normal,支持曾遭雷击,4,多云,12.5,75.0,0.753997
REP-021-1,锈蚀钢筋,30,normal,支持曾遭雷击,5,多云转晴,14.0,70.0,0.741124
REP-021-1,锈蚀钢筋,30,normal,支持曾遭雷击,6,多云,15.0,75.0,0.714844
REP-021-1,锈蚀钢筋,30,normal,支持曾遭雷击,7,多云转小雨,14.0,85.0,0.652386
REP-021-1,锈蚀钢筋,30,normal,支持曾遭雷击,8,小雨转阴,13.0,85.0,0.594279
REP-021-1,锈蚀钢筋,30,normal,支持曾遭雷击,9,小雨转阴,12.0,85.0,0.540342
REP-021-1,锈蚀钢筋,30,normal,支持曾遭雷击,10,多云,12.0,75.0,0.510247
REP-021-1,锈蚀钢筋,30,normal,支持曾遭雷击,11,多云转阴,12.0,80.0,0.472281
REP-021-1,锈蚀钢筋,30,normal,支持曾遭雷击,12,晴转多云,12.0,70.0,0.453998
REP-021-1,锈蚀钢筋,30,normal,支持曾遭雷击,13,阴转多云,12.5,80.0,0.420363
REP-021-1,锈蚀钢筋,30,normal,支持曾遭雷击,14,晴转多云,11.0,70.0,0.400054
REP-021-1,锈蚀钢筋,30,normal,支持曾遭雷击,15,阴,12.5,80.0,0.369876
REP-021-1,锈蚀钢筋,30,normal,支持曾遭雷击,16,阴,15.5,80.0,0.345449
REP-021-1,锈蚀钢筋,30,normal,支持曾遭雷击,17,小雨,14.0,85.0,0.312975
REP-021-1,锈蚀钢筋,30,normal,支持曾遭雷击,18,小雨,11.5,85.0,0.282548
REP-021-1,锈蚀钢筋,30,normal,支持曾遭雷击,19,多云,11.5,75.0,0.264259
REP-021-1,锈蚀钢筋,30,normal,支持曾遭雷击,20,多云,12.0,75.0,0.247727
REP-021-1,锈蚀钢筋,30,normal,支持曾遭雷击,21,阴,13.0,80.0,0.228452
REP-021-1,锈蚀钢筋,30,normal,支持曾遭雷击,22,阴,12.5,80.0,0.210143
REP-021-1,锈蚀钢筋,30,normal,支持曾遭雷击,23,小雨,11.5,85.0,0.189023
REP-021-1,锈蚀钢筋,30,normal,支持曾遭雷击,24,小雨,12.5,85.0,0.170093
REP-021-1,锈蚀钢筋,30,normal,支持曾遭雷击,25,小雨,13.0,85.0,0.153034
REP-021-1,锈蚀钢筋,30,normal,支持曾遭雷击,26,多云转阵雨,16.5,80.0,0.142402
REP-021-1,锈蚀钢筋,30,normal,支持曾遭雷击,27,小雨,13.0,85.0,0.127933
REP-021-1,锈蚀钢筋,30,normal,支持曾遭雷击,28,分散阵雨转多云,18.0,80.0,0.119518
REP-021-1,锈蚀钢筋,30,normal,支持曾遭雷击,29,多云转阵雨,16.5,80.0,0.110971
REP-021-1,锈蚀钢筋,30,normal,支持曾遭雷击,30,小雨,15.0,85.0,0.099703
REP-021-2,锈蚀钢筋,30,normal,灰区/证据不足,1,阴,10.0,80.0,0.895366
REP-021-2,锈蚀钢筋,30,normal,灰区/证据不足,2,多云,10.5,75.0,0.842705
REP-021-2,锈蚀钢筋,30,normal,灰区/证据不足,3,多云,10.5,75.0,0.792563
REP-021-2,锈蚀钢筋,30,normal,灰区/证据不足,4,多云,12.5,75.0,0.753997
REP-021-2,锈蚀钢筋,30,normal,灰区/证据不足,5,多云转晴,14.0,70.0,0.741124
REP-021-2,锈蚀钢筋,30,normal,灰区/证据不足,6,多云,15.0,75.0,0.714844
REP-021-2,锈蚀钢筋,30,normal,灰区/证据不足,7,多云转小雨,14.0,85.0,0.652386
REP-021-2,锈蚀钢筋,30,normal,灰区/证据不足,8,小雨转阴,13.0,85.0,0.594279
REP-021-2,锈蚀钢筋,30,normal,灰区/证据不足,9,小雨转阴,12.0,85.0,0.540342
REP-021-2,锈蚀钢筋,30,normal,灰区/证据不足,10,多云,12.0,75.0,0.510247
REP-021-2,锈蚀钢筋,30,normal,灰区/证据不足,11,多云转阴,12.0,80.0,0.472281
REP-021-2,锈蚀钢筋,30,normal,灰区/证据不足,12,晴转多云,12.0,70.0,0.453998
REP-021-2,锈蚀钢筋,30,normal,灰区/证据不足,13,阴转多云,12.5,80.0,0.420363
REP-021-2,锈蚀钢筋,30,normal,灰区/证据不足,14,晴转多云,11.0,70.0,0.400054
REP-021-2,锈蚀钢筋,30,normal,灰区/证据不足,15,阴,12.5,80.0,0.369876
REP-021-2,锈蚀钢筋,30,normal,灰区/证据不足,16,阴,15.5,80.0,0.345449
REP-021-2,锈蚀钢筋,30,normal,灰区/证据不足,17,小雨,14.0,85.0,0.312975
REP-021-2,锈蚀钢筋,30,normal,灰区/证据不足,18,小雨,11.5,85.0,0.282548
REP-021-2,锈蚀钢筋,30,normal,灰区/证据不足,19,多云,11.5,75.0,0.264259
REP-021-2,锈蚀钢筋,30,normal,灰区/证据不足,20,多云,12.0,75.0,0.247727
REP-021-2,锈蚀钢筋,30,normal,灰区/证据不足,21,阴,13.0,80.0,0.228452
REP-021-2,锈蚀钢筋,30,normal,灰区/证据不足,22,阴,12.5,80.0,0.210143
REP-021-2,锈蚀钢筋,30,normal,灰区/证据不足,23,小雨,11.5,85.0,0.189023
REP-021-2,锈蚀钢筋,30,normal,灰区/证据不足,24,小雨,12.5,85.0,0.170093
REP-021-2,锈蚀钢筋,30,normal,灰区/证据不足,25,小雨,13.0,85.0,0.153034
REP-021-2,锈蚀钢筋,30,normal,灰区/证据不足,26,多云转阵雨,16.5,80.0,0.142402
REP-021-2,锈蚀钢筋,30,normal,灰区/证据不足,27,小雨,13.0,85.0,0.127933
REP-021-2,锈蚀钢筋,30,normal,灰区/证据不足,28,分散阵雨转多云,18.0,80.0,0.119518
REP-021-2,锈蚀钢筋,30,normal,灰区/证据不足,29,多云转阵雨,16.5,80.0,0.110971
REP-021-2,锈蚀钢筋,30,normal,灰区/证据不足,30,小雨,15.0,85.0,0.099703
REP-021-3,锈蚀钢筋,30,normal,不支持曾遭雷击,1,阴,10.0,80.0,0.895366
REP-021-3,锈蚀钢筋,30,normal,不支持曾遭雷击,2,多云,10.5,75.0,0.842705
REP-021-3,锈蚀钢筋,30,normal,不支持曾遭雷击,3,多云,10.5,75.0,0.792563
REP-021-3,锈蚀钢筋,30,normal,不支持曾遭雷击,4,多云,12.5,75.0,0.753997
REP-021-3,锈蚀钢筋,30,normal,不支持曾遭雷击,5,多云转晴,14.0,70.0,0.741124
REP-021-3,锈蚀钢筋,30,normal,不支持曾遭雷击,6,多云,15.0,75.0,0.714844
REP-021-3,锈蚀钢筋,30,normal,不支持曾遭雷击,7,多云转小雨,14.0,85.0,0.652386
REP-021-3,锈蚀钢筋,30,normal,不支持曾遭雷击,8,小雨转阴,13.0,85.0,0.594279
REP-021-3,锈蚀钢筋,30,normal,不支持曾遭雷击,9,小雨转阴,12.0,85.0,0.540342
REP-021-3,锈蚀钢筋,30,normal,不支持曾遭雷击,10,多云,12.0,75.0,0.510247
REP-021-3,锈蚀钢筋,30,normal,不支持曾遭雷击,11,多云转阴,12.0,80.0,0.472281
REP-021-3,锈蚀钢筋,30,normal,不支持曾遭雷击,12,晴转多云,12.0,70.0,0.453998
REP-021-3,锈蚀钢筋,30,normal,不支持曾遭雷击,13,阴转多云,12.5,80.0,0.420363
REP-021-3,锈蚀钢筋,30,normal,不支持曾遭雷击,14,晴转多云,11.0,70.0,0.400054
REP-021-3,锈蚀钢筋,30,normal,不支持曾遭雷击,15,阴,12.5,80.0,0.369876
REP-021-3,锈蚀钢筋,30,normal,不支持曾遭雷击,16,阴,15.5,80.0,0.345449
REP-021-3,锈蚀钢筋,30,normal,不支持曾遭雷击,17,小雨,14.0,85.0,0.312975
REP-021-3,锈蚀钢筋,30,normal,不支持曾遭雷击,18,小雨,11.5,85.0,0.282548
REP-021-3,锈蚀钢筋,30,normal,不支持曾遭雷击,19,多云,11.5,75.0,0.264259
REP-021-3,锈蚀钢筋,30,normal,不支持曾遭雷击,20,多云,12.0,75.0,0.247727
REP-021-3,锈蚀钢筋,30,normal,不支持曾遭雷击,21,阴,13.0,80.0,0.228452
REP-021-3,锈蚀钢筋,30,normal,不支持曾遭雷击,22,阴,12.5,80.0,0.210143
REP-021-3,锈蚀钢筋,30,normal,不支持曾遭雷击,23,小雨,11.5,85.0,0.189023
REP-021-3,锈蚀钢筋,30,normal,不支持曾遭雷击,24,小雨,12.5,85.0,0.170093
REP-021-3,锈蚀钢筋,30,normal,不支持曾遭雷击,25,小雨,13.0,85.0,0.153034
REP-021-3,锈蚀钢筋,30,normal,不支持曾遭雷击,26,多云转阵雨,16.5,80.0,0.142402
REP-021-3,锈蚀钢筋,30,normal,不支持曾遭雷击,27,小雨,13.0,85.0,0.127933
REP-021-3,锈蚀钢筋,30,normal,不支持曾遭雷击,28,分散阵雨转多云,18.0,80.0,0.119518
REP-021-3,锈蚀钢筋,30,normal,不支持曾遭雷击,29,多云转阵雨,16.5,80.0,0.110971
REP-021-3,锈蚀钢筋,30,normal,不支持曾遭雷击,30,小雨,15.0,85.0,0.099703
REP-022-1,锈蚀钢筋,30,humid_hot,支持曾遭雷击,1,阴,15.0,80.0,0.911685
REP-022-1,锈蚀钢筋,30,humid_hot,支持曾遭雷击,2,多云,16.5,75.0,0.890026
REP-022-1,锈蚀钢筋,30,humid_hot,支持曾遭雷击,3,多云,17.5,75.0,0.873558
REP-022-1,锈蚀钢筋,30,humid_hot,支持曾遭雷击,4,多云,16.0,75.0,0.84897
REP-022-1,锈蚀钢筋,30,humid_hot,支持曾遭雷击,5,小雨,14.0,85.0,0.775924
REP-022-1,锈蚀钢筋,30,humid_hot,支持曾遭雷击,6,小雨,13.5,85.0,0.708245
REP-022-1,锈蚀钢筋,30,humid_hot,支持曾遭雷击,7,阴转多云,15.5,80.0,0.665827
REP-022-1,锈蚀钢筋,30,humid_hot,支持曾遭雷击,8,晴,17.5,70.0,0.665827
REP-022-1,锈蚀钢筋,30,humid_hot,支持曾遭雷击,9,中到大雨,13.0,90.0,0.59936
REP-022-1,锈蚀钢筋,30,humid_hot,支持曾遭雷击,10,小雨,12.0,85.0,0.544565
REP-022-1,锈蚀钢筋,30,humid_hot,支持曾遭雷击,11,多云,14.5,75.0,0.52175
REP-022-1,锈蚀钢筋,30,humid_hot,支持曾遭雷击,12,晴,16.5,70.0,0.521292
REP-022-1,锈蚀钢筋,30,humid_hot,支持曾遭雷击,13,晴,18.0,70.0,0.521292
REP-022-1,锈蚀钢筋,30,humid_hot,支持曾遭雷击,14,多云,19.0,75.0,0.518019
REP-022-1,锈蚀钢筋,30,humid_hot,支持曾遭雷击,15,多云,20.0,75.0,0.511742
REP-022-1,锈蚀钢筋,30,humid_hot,支持曾遭雷击,16,多云转小雨,18.5,85.0,0.466338
REP-022-1,锈蚀钢筋,30,humid_hot,支持曾遭雷击,17,小雨,17.5,85.0,0.424174
REP-022-1,锈蚀钢筋,30,humid_hot,支持曾遭雷击,18,小雨,16.0,85.0,0.384887
REP-022-1,锈蚀钢筋,30,humid_hot,支持曾遭雷击,19,阴,18.0,80.0,0.361937
REP-022-1,锈蚀钢筋,30,humid_hot,支持曾遭雷击,20,多云,19.5,75.0,0.355166
REP-022-1,锈蚀钢筋,30,humid_hot,支持曾遭雷击,21,多云转小雨,19.0,85.0,0.322658
REP-022-1,锈蚀钢筋,30,humid_hot,支持曾遭雷击,22,小雨,17.5,85.0,0.292416
REP-022-1,锈蚀钢筋,30,humid_hot,支持曾遭雷击,23,小雨转阴,16.0,85.0,0.264367
REP-022-1,锈蚀钢筋,30,humid_hot,支持曾遭雷击,24,小雨,18.0,85.0,0.239375
REP-022-1,锈蚀钢筋,30,humid_hot,支持曾遭雷击,25,小雨,19.0,85.0,0.216832
REP-022-1,锈蚀钢筋,30,humid_hot,支持曾遭雷击,26,晴转小雨,19.5,85.0,0.196379
REP-022-1,锈蚀钢筋,30,humid_hot,支持曾遭雷击,27,小雨,18.5,85.0,0.177526
REP-022-1,锈蚀钢筋,30,humid_hot,支持曾遭雷击,28,雨,18.5,85.0,0.160365
REP-022-1,锈蚀钢筋,30,humid_hot,支持曾遭雷击,29,雨转阴,20.0,80.0,0.150793
REP-022-1,锈蚀钢筋,30,humid_hot,支持曾遭雷击,30,阴,20.0,80.0,0.141688
REP-022-2,锈蚀钢筋,30,humid_hot,灰区/证据不足,1,阴,15.0,80.0,0.911685
REP-022-2,锈蚀钢筋,30,humid_hot,灰区/证据不足,2,多云,16.5,75.0,0.890026
REP-022-2,锈蚀钢筋,30,humid_hot,灰区/证据不足,3,多云,17.5,75.0,0.873558
REP-022-2,锈蚀钢筋,30,humid_hot,灰区/证据不足,4,多云,16.0,75.0,0.84897
REP-022-2,锈蚀钢筋,30,humid_hot,灰区/证据不足,5,小雨,14.0,85.0,0.775924
REP-022-2,锈蚀钢筋,30,humid_hot,灰区/证据不足,6,小雨,13.5,85.0,0.708245
REP-022-2,锈蚀钢筋,30,humid_hot,灰区/证据不足,7,阴转多云,15.5,80.0,0.665827
REP-022-2,锈蚀钢筋,30,humid_hot,灰区/证据不足,8,晴,17.5,70.0,0.665827
REP-022-2,锈蚀钢筋,30,humid_hot,灰区/证据不足,9,中到大雨,13.0,90.0,0.59936
REP-022-2,锈蚀钢筋,30,humid_hot,灰区/证据不足,10,小雨,12.0,85.0,0.544565
REP-022-2,锈蚀钢筋,30,humid_hot,灰区/证据不足,11,多云,14.5,75.0,0.52175
REP-022-2,锈蚀钢筋,30,humid_hot,灰区/证据不足,12,晴,16.5,70.0,0.521292
REP-022-2,锈蚀钢筋,30,humid_hot,灰区/证据不足,13,晴,18.0,70.0,0.521292
REP-022-2,锈蚀钢筋,30,humid_hot,灰区/证据不足,14,多云,19.0,75.0,0.518019
REP-022-2,锈蚀钢筋,30,humid_hot,灰区/证据不足,15,多云,20.0,75.0,0.511742
REP-022-2,锈蚀钢筋,30,humid_hot,灰区/证据不足,16,多云转小雨,18.5,85.0,0.466338
REP-022-2,锈蚀钢筋,30,humid_hot,灰区/证据不足,17,小雨,17.5,85.0,0.424174
REP-022-2,锈蚀钢筋,30,humid_hot,灰区/证据不足,18,小雨,16.0,85.0,0.384887
REP-022-2,锈蚀钢筋,30,humid_hot,灰区/证据不足,19,阴,18.0,80.0,0.361937
REP-022-2,锈蚀钢筋,30,humid_hot,灰区/证据不足,20,多云,19.5,75.0,0.355166
REP-022-2,锈蚀钢筋,30,humid_hot,灰区/证据不足,21,多云转小雨,19.0,85.0,0.322658
REP-022-2,锈蚀钢筋,30,humid_hot,灰区/证据不足,22,小雨,17.5,85.0,0.292416
REP-022-2,锈蚀钢筋,30,humid_hot,灰区/证据不足,23,小雨转阴,16.0,85.0,0.264367
REP-022-2,锈蚀钢筋,30,humid_hot,灰区/证据不足,24,小雨,18.0,85.0,0.239375
REP-022-2,锈蚀钢筋,30,humid_hot,灰区/证据不足,25,小雨,19.0,85.0,0.216832
REP-022-2,锈蚀钢筋,30,humid_hot,灰区/证据不足,26,晴转小雨,19.5,85.0,0.196379
REP-022-2,锈蚀钢筋,30,humid_hot,灰区/证据不足,27,小雨,18.5,85.0,0.177526
REP-022-2,锈蚀钢筋,30,humid_hot,灰区/证据不足,28,雨,18.5,85.0,0.160365
REP-022-2,锈蚀钢筋,30,humid_hot,灰区/证据不足,29,雨转阴,20.0,80.0,0.150793
REP-022-2,锈蚀钢筋,30,humid_hot,灰区/证据不足,30,阴,20.0,80.0,0.141688
REP-022-3,锈蚀钢筋,30,humid_hot,不支持曾遭雷击,1,阴,15.0,80.0,0.911685
REP-022-3,锈蚀钢筋,30,humid_hot,不支持曾遭雷击,2,多云,16.5,75.0,0.890026
REP-022-3,锈蚀钢筋,30,humid_hot,不支持曾遭雷击,3,多云,17.5,75.0,0.873558
REP-022-3,锈蚀钢筋,30,humid_hot,不支持曾遭雷击,4,多云,16.0,75.0,0.84897
REP-022-3,锈蚀钢筋,30,humid_hot,不支持曾遭雷击,5,小雨,14.0,85.0,0.775924
REP-022-3,锈蚀钢筋,30,humid_hot,不支持曾遭雷击,6,小雨,13.5,85.0,0.708245
REP-022-3,锈蚀钢筋,30,humid_hot,不支持曾遭雷击,7,阴转多云,15.5,80.0,0.665827
REP-022-3,锈蚀钢筋,30,humid_hot,不支持曾遭雷击,8,晴,17.5,70.0,0.665827
REP-022-3,锈蚀钢筋,30,humid_hot,不支持曾遭雷击,9,中到大雨,13.0,90.0,0.59936
REP-022-3,锈蚀钢筋,30,humid_hot,不支持曾遭雷击,10,小雨,12.0,85.0,0.544565
REP-022-3,锈蚀钢筋,30,humid_hot,不支持曾遭雷击,11,多云,14.5,75.0,0.52175
REP-022-3,锈蚀钢筋,30,humid_hot,不支持曾遭雷击,12,晴,16.5,70.0,0.521292
REP-022-3,锈蚀钢筋,30,humid_hot,不支持曾遭雷击,13,晴,18.0,70.0,0.521292
REP-022-3,锈蚀钢筋,30,humid_hot,不支持曾遭雷击,14,多云,19.0,75.0,0.518019
REP-022-3,锈蚀钢筋,30,humid_hot,不支持曾遭雷击,15,多云,20.0,75.0,0.511742
REP-022-3,锈蚀钢筋,30,humid_hot,不支持曾遭雷击,16,多云转小雨,18.5,85.0,0.466338
REP-022-3,锈蚀钢筋,30,humid_hot,不支持曾遭雷击,17,小雨,17.5,85.0,0.424174
REP-022-3,锈蚀钢筋,30,humid_hot,不支持曾遭雷击,18,小雨,16.0,85.0,0.384887
REP-022-3,锈蚀钢筋,30,humid_hot,不支持曾遭雷击,19,阴,18.0,80.0,0.361937
REP-022-3,锈蚀钢筋,30,humid_hot,不支持曾遭雷击,20,多云,19.5,75.0,0.355166
REP-022-3,锈蚀钢筋,30,humid_hot,不支持曾遭雷击,21,多云转小雨,19.0,85.0,0.322658
REP-022-3,锈蚀钢筋,30,humid_hot,不支持曾遭雷击,22,小雨,17.5,85.0,0.292416
REP-022-3,锈蚀钢筋,30,humid_hot,不支持曾遭雷击,23,小雨转阴,16.0,85.0,0.264367
REP-022-3,锈蚀钢筋,30,humid_hot,不支持曾遭雷击,24,小雨,18.0,85.0,0.239375
REP-022-3,锈蚀钢筋,30,humid_hot,不支持曾遭雷击,25,小雨,19.0,85.0,0.216832
REP-022-3,锈蚀钢筋,30,humid_hot,不支持曾遭雷击,26,晴转小雨,19.5,85.0,0.196379
REP-022-3,锈蚀钢筋,30,humid_hot,不支持曾遭雷击,27,小雨,18.5,85.0,0.177526
REP-022-3,锈蚀钢筋,30,humid_hot,不支持曾遭雷击,28,雨,18.5,85.0,0.160365
REP-022-3,锈蚀钢筋,30,humid_hot,不支持曾遭雷击,29,雨转阴,20.0,80.0,0.150793
REP-022-3,锈蚀钢筋,30,humid_hot,不支持曾遭雷击,30,阴,20.0,80.0,0.141688
REP-023-1,锈蚀钢筋,60,normal,灰区/证据不足,1,中度雾霾,12.0,80.0,0.901858
REP-023-1,锈蚀钢筋,60,normal,灰区/证据不足,2,晴/多云,13.5,65.0,0.901858
REP-023-1,锈蚀钢筋,60,normal,灰区/证据不足,3,阴,11.5,80.0,0.841219
REP-023-1,锈蚀钢筋,60,normal,灰区/证据不足,4,中雨,11.5,90.0,0.753512
REP-023-1,锈蚀钢筋,60,normal,灰区/证据不足,5,小雨,8.5,85.0,0.684414
REP-023-1,锈蚀钢筋,60,normal,灰区/证据不足,6,小雨,7.0,85.0,0.620147
REP-023-1,锈蚀钢筋,60,normal,灰区/证据不足,7,晴,8.0,70.0,0.578135
REP-023-1,锈蚀钢筋,60,normal,灰区/证据不足,8,多云,8.5,75.0,0.535192
REP-023-1,锈蚀钢筋,60,normal,灰区/证据不足,9,多云,9.0,75.0,0.496588
REP-023-1,锈蚀钢筋,60,normal,灰区/证据不足,10,阴,10.0,80.0,0.456663
REP-023-1,锈蚀钢筋,60,normal,灰区/证据不足,11,阴/小雨,10.0,85.0,0.413675
REP-023-1,锈蚀钢筋,60,normal,灰区/证据不足,12,多云,10.5,75.0,0.386516
REP-023-1,锈蚀钢筋,60,normal,灰区/证据不足,13,多云,10.0,75.0,0.359778
REP-023-1,锈蚀钢筋,60,normal,灰区/证据不足,14,小雨,10.0,85.0,0.325198
REP-023-1,锈蚀钢筋,60,normal,灰区/证据不足,15,小雨,10.0,85.0,0.293727
REP-023-1,锈蚀钢筋,60,normal,灰区/证据不足,16,阴,10.0,80.0,0.268932
REP-023-1,锈蚀钢筋,60,normal,灰区/证据不足,17,多云,10.5,75.0,0.250361
REP-023-1,锈蚀钢筋,60,normal,灰区/证据不足,18,多云,10.5,75.0,0.232902
REP-023-1,锈蚀钢筋,60,normal,灰区/证据不足,19,多云,12.5,75.0,0.219159
REP-023-1,锈蚀钢筋,60,normal,灰区/证据不足,20,多云转晴,14.0,70.0,0.213073
REP-023-1,锈蚀钢筋,60,normal,灰区/证据不足,21,多云,15.0,75.0,0.203282
REP-023-1,锈蚀钢筋,60,normal,灰区/证据不足,22,多云转小雨,14.0,85.0,0.183502
REP-023-1,锈蚀钢筋,60,normal,灰区/证据不足,23,小雨转阴,13.0,85.0,0.165339
REP-023-1,锈蚀钢筋,60,normal,灰区/证据不足,24,小雨转阴,12.0,85.0,0.148697
REP-023-1,锈蚀钢筋,60,normal,灰区/证据不足,25,多云,12.0,75.0,0.138887
REP-023-1,锈蚀钢筋,60,normal,灰区/证据不足,26,多云转阴,12.0,80.0,0.127154
REP-023-1,锈蚀钢筋,60,normal,灰区/证据不足,27,晴转多云,12.0,70.0,0.120902
REP-023-1,锈蚀钢筋,60,normal,灰区/证据不足,28,阴转多云,12.5,80.0,0.110727
REP-023-1,锈蚀钢筋,60,normal,灰区/证据不足,29,晴转多云,11.0,70.0,0.104231
REP-023-1,锈蚀钢筋,60,normal,灰区/证据不足,30,阴,12.5,80.0,0.09532
REP-023-1,锈蚀钢筋,60,normal,灰区/证据不足,31,阴,15.5,80.0,0.088056
REP-023-1,锈蚀钢筋,60,normal,灰区/证据不足,32,小雨,14.0,85.0,0.07891
REP-023-1,锈蚀钢筋,60,normal,灰区/证据不足,33,小雨,11.5,85.0,0.070464
REP-023-1,锈蚀钢筋,60,normal,灰区/证据不足,34,多云,11.5,75.0,0.065186
REP-023-1,锈蚀钢筋,60,normal,灰区/证据不足,35,多云,12.0,75.0,0.060443
REP-023-1,锈蚀钢筋,60,normal,灰区/证据不足,36,阴,13.0,80.0,0.055133
REP-023-1,锈蚀钢筋,60,normal,灰区/证据不足,37,阴,12.5,80.0,0.050163
REP-023-1,锈蚀钢筋,60,normal,灰区/证据不足,38,小雨,11.5,85.0,0.04463
REP-023-1,锈蚀钢筋,60,normal,灰区/证据不足,39,小雨,12.5,85.0,0.039724
REP-023-1,锈蚀钢筋,60,normal,灰区/证据不足,40,小雨,13.0,85.0,0.035351
REP-023-1,锈蚀钢筋,60,normal,灰区/证据不足,41,多云转阵雨,16.5,80.0,0.032537
REP-023-1,锈蚀钢筋,60,normal,灰区/证据不足,42,小雨,13.0,85.0,0.028913
REP-023-1,锈蚀钢筋,60,normal,灰区/证据不足,43,分散阵雨转多云,18.0,80.0,0.026717
REP-023-1,锈蚀钢筋,60,normal,灰区/证据不足,44,多云转阵雨,16.5,80.0,0.024537
REP-023-1,锈蚀钢筋,60,normal,灰区/证据不足,45,小雨,15.0,85.0,0.021806
REP-023-1,锈蚀钢筋,60,normal,灰区/证据不足,46,阴,15.0,80.0,0.019889
REP-023-1,锈蚀钢筋,60,normal,灰区/证据不足,47,多云,16.5,75.0,0.018789
REP-023-1,锈蚀钢筋,60,normal,灰区/证据不足,48,多云,17.5,75.0,0.017846
REP-023-1,锈蚀钢筋,60,normal,灰区/证据不足,49,多云,16.0,75.0,0.016784
REP-023-1,锈蚀钢筋,60,normal,灰区/证据不足,50,小雨,14.0,85.0,0.014845
REP-023-1,锈蚀钢筋,60,normal,灰区/证据不足,51,小雨,13.5,85.0,0.013112
REP-023-1,锈蚀钢筋,60,normal,灰区/证据不足,52,阴转多云,15.5,80.0,0.011929
REP-023-1,锈蚀钢筋,60,normal,灰区/证据不足,53,晴,17.5,70.0,0.011667
REP-023-1,锈蚀钢筋,60,normal,灰区/证据不足,54,中到大雨,13.0,90.0,0.010056
REP-023-1,锈蚀钢筋,60,normal,灰区/证据不足,55,小雨,12.0,85.0,0.008842
REP-023-1,锈蚀钢筋,60,normal,灰区/证据不足,56,多云,14.5,75.0,0.008198
REP-023-1,锈蚀钢筋,60,normal,灰区/证据不足,57,晴,16.5,70.0,0.007926
REP-023-1,锈蚀钢筋,60,normal,灰区/证据不足,58,晴,18.0,70.0,0.007757
REP-023-1,锈蚀钢筋,60,normal,灰区/证据不足,59,多云,19.0,75.0,0.007376
REP-023-1,锈蚀钢筋,60,normal,灰区/证据不足,60,多云,20.0,75.0,0.007051
REP-024-1,锈蚀钢筋,60,humid_hot,灰区/证据不足,1,阴,10.0,80.0,0.895366
REP-024-1,锈蚀钢筋,60,humid_hot,灰区/证据不足,2,多云,10.5,75.0,0.842705
REP-024-1,锈蚀钢筋,60,humid_hot,灰区/证据不足,3,多云,10.5,75.0,0.792563
REP-024-1,锈蚀钢筋,60,humid_hot,灰区/证据不足,4,多云,12.5,75.0,0.753997
REP-024-1,锈蚀钢筋,60,humid_hot,灰区/证据不足,5,多云转晴,14.0,70.0,0.741124
REP-024-1,锈蚀钢筋,60,humid_hot,灰区/证据不足,6,多云,15.0,75.0,0.714844
REP-024-1,锈蚀钢筋,60,humid_hot,灰区/证据不足,7,多云转小雨,14.0,85.0,0.652386
REP-024-1,锈蚀钢筋,60,humid_hot,灰区/证据不足,8,小雨转阴,13.0,85.0,0.594279
REP-024-1,锈蚀钢筋,60,humid_hot,灰区/证据不足,9,小雨转阴,12.0,85.0,0.540342
REP-024-1,锈蚀钢筋,60,humid_hot,灰区/证据不足,10,多云,12.0,75.0,0.510247
REP-024-1,锈蚀钢筋,60,humid_hot,灰区/证据不足,11,多云转阴,12.0,80.0,0.472281
REP-024-1,锈蚀钢筋,60,humid_hot,灰区/证据不足,12,晴转多云,12.0,70.0,0.453998
REP-024-1,锈蚀钢筋,60,humid_hot,灰区/证据不足,13,阴转多云,12.5,80.0,0.420363
REP-024-1,锈蚀钢筋,60,humid_hot,灰区/证据不足,14,晴转多云,11.0,70.0,0.400054
REP-024-1,锈蚀钢筋,60,humid_hot,灰区/证据不足,15,阴,12.5,80.0,0.369876
REP-024-1,锈蚀钢筋,60,humid_hot,灰区/证据不足,16,阴,15.5,80.0,0.345449
REP-024-1,锈蚀钢筋,60,humid_hot,灰区/证据不足,17,小雨,14.0,85.0,0.312975
REP-024-1,锈蚀钢筋,60,humid_hot,灰区/证据不足,18,小雨,11.5,85.0,0.282548
REP-024-1,锈蚀钢筋,60,humid_hot,灰区/证据不足,19,多云,11.5,75.0,0.264259
REP-024-1,锈蚀钢筋,60,humid_hot,灰区/证据不足,20,多云,12.0,75.0,0.247727
REP-024-1,锈蚀钢筋,60,humid_hot,灰区/证据不足,21,阴,13.0,80.0,0.228452
REP-024-1,锈蚀钢筋,60,humid_hot,灰区/证据不足,22,阴,12.5,80.0,0.210143
REP-024-1,锈蚀钢筋,60,humid_hot,灰区/证据不足,23,小雨,11.5,85.0,0.189023
REP-024-1,锈蚀钢筋,60,humid_hot,灰区/证据不足,24,小雨,12.5,85.0,0.170093
REP-024-1,锈蚀钢筋,60,humid_hot,灰区/证据不足,25,小雨,13.0,85.0,0.153034
REP-024-1,锈蚀钢筋,60,humid_hot,灰区/证据不足,26,多云转阵雨,16.5,80.0,0.142402
REP-024-1,锈蚀钢筋,60,humid_hot,灰区/证据不足,27,小雨,13.0,85.0,0.127933
REP-024-1,锈蚀钢筋,60,humid_hot,灰区/证据不足,28,分散阵雨转多云,18.0,80.0,0.119518
REP-024-1,锈蚀钢筋,60,humid_hot,灰区/证据不足,29,多云转阵雨,16.5,80.0,0.110971
REP-024-1,锈蚀钢筋,60,humid_hot,灰区/证据不足,30,小雨,15.0,85.0,0.099703
REP-024-1,锈蚀钢筋,60,humid_hot,灰区/证据不足,31,阴,15.0,80.0,0.091939
REP-024-1,锈蚀钢筋,60,humid_hot,灰区/证据不足,32,多云,16.5,75.0,0.087813
REP-024-1,锈蚀钢筋,60,humid_hot,灰区/证据不足,33,多云,17.5,75.0,0.084323
REP-024-1,锈蚀钢筋,60,humid_hot,灰区/证据不足,34,多云,16.0,75.0,0.080176
REP-024-1,锈蚀钢筋,60,humid_hot,灰区/证据不足,35,小雨,14.0,85.0,0.071691
REP-024-1,锈蚀钢筋,60,humid_hot,灰区/证据不足,36,小雨,13.5,85.0,0.064022
REP-024-1,锈蚀钢筋,60,humid_hot,灰区/证据不足,37,阴转多云,15.5,80.0,0.058885
REP-024-1,锈蚀钢筋,60,humid_hot,灰区/证据不足,38,晴,17.5,70.0,0.058225
REP-024-1,锈蚀钢筋,60,humid_hot,灰区/证据不足,39,中到大雨,13.0,90.0,0.050737
REP-024-1,锈蚀钢筋,60,humid_hot,灰区/证据不足,40,小雨,12.0,85.0,0.045101
REP-024-1,锈蚀钢筋,60,humid_hot,灰区/证据不足,41,多云,14.5,75.0,0.042276
REP-024-1,锈蚀钢筋,60,humid_hot,灰区/证据不足,42,晴,16.5,70.0,0.041325
REP-024-1,锈蚀钢筋,60,humid_hot,灰区/证据不足,43,晴,18.0,70.0,0.040888
REP-024-1,锈蚀钢筋,60,humid_hot,灰区/证据不足,44,多云,19.0,75.0,0.039307
REP-024-1,锈蚀钢筋,60,humid_hot,灰区/证据不足,45,多云,20.0,75.0,0.037991
REP-024-1,锈蚀钢筋,60,humid_hot,灰区/证据不足,46,多云转小雨,18.5,85.0,0.033871
REP-024-1,锈蚀钢筋,60,humid_hot,灰区/证据不足,47,小雨,17.5,85.0,0.030141
REP-024-1,锈蚀钢筋,60,humid_hot,灰区/证据不足,48,小雨,16.0,85.0,0.026758
REP-024-1,锈蚀钢筋,60,humid_hot,灰区/证据不足,49,阴,18.0,80.0,0.024618
REP-024-1,锈蚀钢筋,60,humid_hot,灰区/证据不足,50,多云,19.5,75.0,0.023634
REP-024-1,锈蚀钢筋,60,humid_hot,灰区/证据不足,51,多云转小雨,19.0,85.0,0.021006
REP-024-1,锈蚀钢筋,60,humid_hot,灰区/证据不足,52,小雨,17.5,85.0,0.018626
REP-024-1,锈蚀钢筋,60,humid_hot,灰区/证据不足,53,小雨转阴,16.0,85.0,0.016475
REP-024-1,锈蚀钢筋,60,humid_hot,灰区/证据不足,54,小雨,18.0,85.0,0.014594
REP-024-1,锈蚀钢筋,60,humid_hot,灰区/证据不足,55,小雨,19.0,85.0,0.012934
REP-024-1,锈蚀钢筋,60,humid_hot,灰区/证据不足,56,晴转小雨,19.5,85.0,0.01146
REP-024-1,锈蚀钢筋,60,humid_hot,灰区/证据不足,57,小雨,18.5,85.0,0.010136
REP-024-1,锈蚀钢筋,60,humid_hot,灰区/证据不足,58,雨,18.5,85.0,0.008958
REP-024-1,锈蚀钢筋,60,humid_hot,灰区/证据不足,59,雨转阴,20.0,80.0,0.008241
REP-024-1,锈蚀钢筋,60,humid_hot,灰区/证据不足,60,阴,20.0,80.0,0.007576
