样品类型,样品编号,测量天数,观测剩磁(mT),保留率R,反推初值点估计(mT),反推初值下界(mT),反推初值上界(mT),三区域判定,辅助概率
小号铁钉,1,1,2.1788,0.875958,2.487333,2.479755,2.494636,支持曾遭雷击,1.0
小号铁钉,1,2,1.9523,0.808559,2.414542,2.406981,2.421597,支持曾遭雷击,1.0
小号铁钉,1,3,1.7493,0.745802,2.34553,2.337912,2.352384,支持曾遭雷击,1.0
小号铁钉,1,4,1.6555,0.698656,2.36955,2.362817,2.375623,支持曾遭雷击,1.0
小号铁钉,1,5,1.5628,0.651078,2.400327,2.394127,2.405926,支持曾遭雷击,1.0
小号铁钉,1,6,1.4781,0.616501,2.397562,2.393014,2.401715,支持曾遭雷击,1.0
小号铁钉,1,7,1.3985,0.57979,2.412079,2.408774,2.415123,支持曾遭雷击,1.0
小号铁钉,1,8,1.3258,0.553038,2.397304,2.396108,2.398531,支持曾遭雷击,1.0
小号铁钉,1,9,1.251,0.516667,2.421288,2.420473,2.422231,支持曾遭雷击,1.0
小号铁钉,1,10,1.1781,0.474942,2.480511,2.479604,2.481443,支持曾遭雷击,1.0
小号铁钉,1,11,1.1079,0.432305,2.562776,2.560989,2.564371,支持曾遭雷击,1.0
小号铁钉,1,12,1.0437,0.396366,2.633174,2.630553,2.635427,支持曾遭雷击,1.0
小号铁钉,1,13,0.9911,0.389712,2.543158,2.541056,2.545281,支持曾遭雷击,1.0
小号铁钉,1,14,0.9371,0.369112,2.538795,2.535197,2.542791,支持曾遭雷击,1.0
小号铁钉,1,15,0.8838,0.345197,2.560277,2.555699,2.56519,支持曾遭雷击,1.0
小号铁钉,1,22,0.4879,0.212358,2.297533,2.28962,2.306342,支持曾遭雷击,1.0
小号铁钉,1,30,0.2638,0.111506,2.365802,2.357678,2.374565,支持曾遭雷击,1.0
小号铁钉,1,37,0.1678,0.071699,2.340329,2.325982,2.356536,支持曾遭雷击,1.0
小号铁钉,1,44,0.1009,0.041917,2.407113,2.390824,2.424637,支持曾遭雷击,1.0
小号铁钉,1,51,0.0602,0.022821,2.637914,2.623187,2.652519,支持曾遭雷击,1.0
小号铁钉,1,58,0.0263,0.011383,2.31056,2.303569,2.316937,支持曾遭雷击,1.0
小号铁钉,1,90,0.0014,0.00058,2.413728,2.380093,2.445672,支持曾遭雷击,1.0
小号铁钉,2,1,3.3088,0.875958,3.777349,3.765841,3.78844,支持曾遭雷击,1.0
小号铁钉,2,2,2.9648,0.808559,3.66677,3.655287,3.677483,支持曾遭雷击,1.0
小号铁钉,2,3,2.6566,0.745802,3.562073,3.550504,3.572483,支持曾遭雷击,1.0
小号铁钉,2,4,2.5142,0.698656,3.598624,3.588398,3.607848,支持曾遭雷击,1.0
小号铁钉,2,5,2.3734,0.651078,3.645339,3.635923,3.653842,支持曾遭雷击,1.0
小号铁钉,2,6,2.2448,0.616501,3.641193,3.634286,3.6475,支持曾遭雷击,1.0
小号铁钉,2,7,2.1238,0.57979,3.663049,3.658029,3.667671,支持曾遭雷击,1.0
小号铁钉,2,8,2.0134,0.553038,3.640618,3.638802,3.642481,支持曾遭雷击,1.0
小号铁钉,2,9,1.8998,0.516667,3.677029,3.675791,3.678461,支持曾遭雷击,1.0
小号铁钉,2,10,1.7892,0.474942,3.767193,3.765815,3.768608,支持曾遭雷击,1.0
小号铁钉,2,11,1.6825,0.432305,3.891931,3.889217,3.894354,支持曾遭雷击,1.0
小号铁钉,2,12,1.585,0.396366,3.998832,3.994851,4.002253,支持曾遭雷击,1.0
小号铁钉,2,13,1.5051,0.389712,3.86208,3.858887,3.865303,支持曾遭雷击,1.0
小号铁钉,2,14,1.4231,0.369112,3.855468,3.850004,3.861536,支持曾遭雷击,1.0
小号铁钉,2,15,1.3422,0.345197,3.888214,3.881262,3.895676,支持曾遭雷击,1.0
小号铁钉,2,22,0.741,0.212358,3.489386,3.477369,3.502766,支持曾遭雷击,1.0
小号铁钉,2,30,0.4007,0.111506,3.593544,3.581203,3.606855,支持曾遭雷击,1.0
小号铁钉,2,37,0.2548,0.071699,3.55373,3.531944,3.57834,支持曾遭雷击,1.0
小号铁钉,2,44,0.1533,0.041917,3.65719,3.632441,3.683814,支持曾遭雷击,1.0
小号铁钉,2,51,0.0915,0.022821,4.009454,3.987069,4.031653,支持曾遭雷击,1.0
小号铁钉,2,58,0.04,0.011383,3.514159,3.503526,3.523859,支持曾遭雷击,1.0
小号铁钉,2,90,0.0022,0.00058,3.793002,3.740146,3.843199,支持曾遭雷击,1.0
小号铁钉,3,1,2.8798,0.875958,3.2876,3.277584,3.297253,支持曾遭雷击,1.0
小号铁钉,3,2,2.5805,0.808559,3.19148,3.181485,3.200805,支持曾遭雷击,1.0
小号铁钉,3,3,2.3122,0.745802,3.100288,3.090218,3.109348,支持曾遭雷击,1.0
小号铁钉,3,4,2.1882,0.698656,3.132014,3.123114,3.140042,支持曾遭雷击,1.0
小号铁钉,3,5,2.0657,0.651078,3.172739,3.164543,3.180138,支持曾遭雷击,1.0
小号铁钉,3,6,1.9538,0.616501,3.169175,3.163163,3.174664,支持曾遭雷击,1.0
小号铁钉,3,7,1.8484,0.57979,3.188049,3.18368,3.192072,支持曾遭雷击,1.0
小号铁钉,3,8,1.7524,0.553038,3.16868,3.167099,3.170301,支持曾遭雷击,1.0
小号铁钉,3,9,1.6535,0.516667,3.20032,3.199242,3.201566,支持曾遭雷击,1.0
小号铁钉,3,10,1.5572,0.474942,3.278713,3.277514,3.279945,支持曾遭雷击,1.0
小号铁钉,3,11,1.4643,0.432305,3.387194,3.384833,3.389303,支持曾遭雷击,1.0
小号铁钉,3,12,1.3795,0.396366,3.480371,3.476907,3.483349,支持曾遭雷击,1.0
小号铁钉,3,13,1.31,0.389712,3.361454,3.358675,3.36426,支持曾遭雷击,1.0
小号铁钉,3,14,1.2386,0.369112,3.35562,3.350864,3.360901,支持曾遭雷击,1.0
小号铁钉,3,15,1.1682,0.345197,3.384154,3.378103,3.390648,支持曾遭雷击,1.0
小号铁钉,3,22,0.6449,0.212358,3.036849,3.02639,3.048493,支持曾遭雷击,1.0
小号铁钉,3,30,0.3487,0.111506,3.1272,3.11646,3.138783,支持曾遭雷击,1.0
小号铁钉,3,37,0.2217,0.071699,3.09208,3.073124,3.113493,支持曾遭雷击,1.0
小号铁钉,3,44,0.1334,0.041917,3.182447,3.160911,3.205615,支持曾遭雷击,1.0
小号铁钉,3,51,0.0796,0.022821,3.488006,3.468533,3.507318,支持曾遭雷击,1.0
小号铁钉,3,58,0.0348,0.011383,3.057319,3.048068,3.065757,支持曾遭雷击,1.0
小号铁钉,3,90,0.0019,0.00058,3.275774,3.230126,3.319126,支持曾遭雷击,1.0
小号铁钉,4,1,2.6183,0.875958,2.989069,2.979963,2.997846,支持曾遭雷击,1.0
小号铁钉,4,2,2.3461,0.808559,2.901582,2.892495,2.910059,支持曾遭雷击,1.0
小号铁钉,4,3,2.1023,0.745802,2.818846,2.80969,2.827084,支持曾遭雷击,1.0
小号铁钉,4,4,1.9895,0.698656,2.84761,2.839519,2.85491,支持曾遭雷击,1.0
小号铁钉,4,5,1.8781,0.651078,2.884601,2.877149,2.891329,支持曾遭雷击,1.0
小号铁钉,4,6,1.7763,0.616501,2.88126,2.875794,2.88625,支持曾遭雷击,1.0
小号铁钉,4,7,1.6806,0.57979,2.898634,2.894662,2.902292,支持曾遭雷击,1.0
小号铁钉,4,8,1.5932,0.553038,2.880815,2.879378,2.882289,支持曾遭雷击,1.0
小号铁钉,4,9,1.5033,0.516667,2.90961,2.908631,2.910744,支持曾遭雷击,1.0
小号铁钉,4,10,1.4158,0.474942,2.980992,2.979902,2.982113,支持曾遭雷击,1.0
小号铁钉,4,11,1.3314,0.432305,3.079772,3.077625,3.08169,支持曾遭雷击,1.0
小号铁钉,4,12,1.2543,0.396366,3.164501,3.161352,3.167209,支持曾遭雷击,1.0
小号铁钉,4,13,1.191,0.389712,3.056101,3.053574,3.058652,支持曾遭雷击,1.0
小号铁钉,4,14,1.1261,0.369112,3.050834,3.04651,3.055636,支持曾遭雷击,1.0
小号铁钉,4,15,1.0621,0.345197,3.076793,3.071292,3.082698,支持曾遭雷击,1.0
小号铁钉,4,22,0.5864,0.212358,2.761371,2.751861,2.771959,支持曾遭雷击,1.0
小号铁钉,4,30,0.3171,0.111506,2.843806,2.834039,2.854339,支持曾遭雷击,1.0
小号铁钉,4,37,0.2016,0.071699,2.811742,2.794505,2.831214,支持曾遭雷击,1.0
小号铁钉,4,44,0.1213,0.041917,2.893784,2.874201,2.914851,支持曾遭雷击,1.0
小号铁钉,4,51,0.0724,0.022821,3.172508,3.154796,3.190073,支持曾遭雷击,1.0
小号铁钉,4,58,0.0317,0.011383,2.784971,2.776545,2.792658,支持曾遭雷击,1.0
小号铁钉,4,90,0.0017,0.00058,2.930956,2.890112,2.969744,支持曾遭雷击,1.0
小号铁钉,5,1,1.7502,0.875958,1.99804,1.991953,2.003907,支持曾遭雷击,1.0
小号铁钉,5,2,1.5683,0.808559,1.939623,1.933549,1.94529,支持曾遭雷击,1.0
小号铁钉,5,3,1.4052,0.745802,1.884147,1.878027,1.889653,支持曾遭雷击,1.0
小号铁钉,5,4,1.3299,0.698656,1.903512,1.898103,1.908391,支持曾遭雷击,1.0
小号铁钉,5,5,1.2554,0.651078,1.928187,1.923206,1.932684,支持曾遭雷击,1.0
小号铁钉,5,6,1.1874,0.616501,1.92603,1.922377,1.929366,支持曾遭雷击,1.0
小号铁钉,5,7,1.1234,0.57979,1.937597,1.934942,1.940042,支持曾遭雷击,1.0
小号铁钉,5,8,1.065,0.553038,1.925727,1.924766,1.926712,支持曾遭雷击,1.0
小号铁钉,5,9,1.0049,0.516667,1.944966,1.944311,1.945724,支持曾遭雷击,1.0
小号铁钉,5,10,0.9464,0.474942,1.992662,1.991934,1.993411,支持曾遭雷击,1.0
小号铁钉,5,11,0.8899,0.432305,2.058502,2.057067,2.059783,支持曾遭雷击,1.0
小号铁钉,5,12,0.8384,0.396366,2.115218,2.113113,2.117028,支持曾遭雷击,1.0
小号铁钉,5,13,0.7961,0.389712,2.042789,2.0411,2.044494,支持曾遭雷击,1.0
小号铁钉,5,14,0.7528,0.369112,2.039489,2.036598,2.042699,支持曾遭雷击,1.0
小号铁钉,5,15,0.7099,0.345197,2.056507,2.052829,2.060453,支持曾遭雷击,1.0
小号铁钉,5,22,0.392,0.212358,1.845937,1.83958,1.853015,支持曾遭雷击,1.0
小号铁钉,5,30,0.2119,0.111506,1.900354,1.893828,1.907394,支持曾遭雷击,1.0
小号铁钉,5,37,0.1348,0.071699,1.880074,1.868548,1.893093,支持曾遭雷击,1.0
小号铁钉,5,44,0.0811,0.041917,1.934756,1.921663,1.948841,支持曾遭雷击,1.0
小号铁钉,5,51,0.0484,0.022821,2.120848,2.109007,2.13259,支持曾遭雷击,1.0
小号铁钉,5,58,0.0212,0.011383,1.862504,1.856869,1.867645,支持曾遭雷击,1.0
小号铁钉,5,90,0.0012,0.00058,2.06891,2.040079,2.09629,支持曾遭雷击,1.0
小号铁钉,6,1,1.7501,0.875958,1.997926,1.99184,2.003793,支持曾遭雷击,1.0
小号铁钉,6,2,1.5682,0.808559,1.9395,1.933426,1.945166,支持曾遭雷击,1.0
小号铁钉,6,3,1.4052,0.745802,1.884147,1.878027,1.889653,支持曾遭雷击,1.0
小号铁钉,6,4,1.3298,0.698656,1.903369,1.89796,1.908248,支持曾遭雷击,1.0
小号铁钉,6,5,1.2554,0.651078,1.928187,1.923206,1.932684,支持曾遭雷击,1.0
小号铁钉,6,6,1.1874,0.616501,1.92603,1.922377,1.929366,支持曾遭雷击,1.0
小号铁钉,6,7,1.1233,0.57979,1.937425,1.93477,1.939869,支持曾遭雷击,1.0
小号铁钉,6,8,1.065,0.553038,1.925727,1.924766,1.926712,支持曾遭雷击,1.0
小号铁钉,6,9,1.0049,0.516667,1.944966,1.944311,1.945724,支持曾遭雷击,1.0
小号铁钉,6,10,0.9464,0.474942,1.992662,1.991934,1.993411,支持曾遭雷击,1.0
小号铁钉,6,11,0.8899,0.432305,2.058502,2.057067,2.059783,支持曾遭雷击,1.0
小号铁钉,6,12,0.8384,0.396366,2.115218,2.113113,2.117028,支持曾遭雷击,1.0
小号铁钉,6,13,0.7961,0.389712,2.042789,2.0411,2.044494,支持曾遭雷击,1.0
小号铁钉,6,14,0.7527,0.369112,2.039218,2.036328,2.042427,支持曾遭雷击,1.0
小号铁钉,6,15,0.7099,0.345197,2.056507,2.052829,2.060453,支持曾遭雷击,1.0
小号铁钉,6,22,0.3919,0.212358,1.845466,1.83911,1.852542,支持曾遭雷击,1.0
小号铁钉,6,30,0.2119,0.111506,1.900354,1.893828,1.907394,支持曾遭雷击,1.0
小号铁钉,6,37,0.1348,0.071699,1.880074,1.868548,1.893093,支持曾遭雷击,1.0
小号铁钉,6,44,0.0811,0.041917,1.934756,1.921663,1.948841,支持曾遭雷击,1.0
小号铁钉,6,51,0.0484,0.022821,2.120848,2.109007,2.13259,支持曾遭雷击,1.0
小号铁钉,6,58,0.0212,0.011383,1.862504,1.856869,1.867645,支持曾遭雷击,1.0
小号铁钉,6,90,0.0012,0.00058,2.06891,2.040079,2.09629,支持曾遭雷击,1.0
小号铁钉,7,1,1.5581,0.875958,1.778738,1.773319,1.78396,支持曾遭雷击,1.0
小号铁钉,7,2,1.3961,0.808559,1.726652,1.721245,1.731697,支持曾遭雷击,1.0
小号铁钉,7,3,1.251,0.745802,1.67739,1.671942,1.682292,支持曾遭雷击,1.0
小号铁钉,7,4,1.1839,0.698656,1.694539,1.689724,1.698883,支持曾遭雷击,1.0
小号铁钉,7,5,1.1176,0.651078,1.716538,1.712104,1.720542,支持曾遭雷击,1.0
小号铁钉,7,6,1.0571,0.616501,1.714676,1.711424,1.717646,支持曾遭雷击,1.0
小号铁钉,7,7,1.0001,0.57979,1.724934,1.72257,1.727111,支持曾遭雷击,1.0
小号铁钉,7,8,0.9481,0.553038,1.714349,1.713494,1.715226,支持曾遭雷击,1.0
小号铁钉,7,9,0.8946,0.516667,1.731482,1.730899,1.732157,支持曾遭雷击,1.0
小号铁钉,7,10,0.8425,0.474942,1.773899,1.77325,1.774566,支持曾遭雷击,1.0
小号铁钉,7,11,0.7923,0.432305,1.832735,1.831457,1.833876,支持曾遭雷击,1.0
小号铁钉,7,12,0.7464,0.396366,1.883109,1.881235,1.88472,支持曾遭雷击,1.0
小号铁钉,7,13,0.7088,0.389712,1.818778,1.817274,1.820296,支持曾遭雷击,1.0
小号铁钉,7,14,0.6701,0.369112,1.815438,1.812864,1.818295,支持曾遭雷击,1.0
小号铁钉,7,15,0.632,0.345197,1.830838,1.827565,1.834352,支持曾遭雷击,1.0
小号铁钉,7,22,0.3489,0.212358,1.642978,1.63732,1.649278,支持曾遭雷击,1.0
小号铁钉,7,30,0.1887,0.111506,1.692293,1.686481,1.698561,支持曾遭雷击,1.0
小号铁钉,7,37,0.12,0.071699,1.673656,1.663396,1.685246,支持曾遭雷击,1.0
小号铁钉,7,44,0.0722,0.041917,1.722434,1.710778,1.734973,支持曾遭雷击,1.0
小号铁钉,7,51,0.0431,0.022821,1.888606,1.878062,1.899063,支持曾遭雷击,1.0
小号铁钉,7,58,0.0188,0.011383,1.651655,1.646657,1.656214,支持曾遭雷击,1.0
小号铁钉,7,90,0.001,0.00058,1.724092,1.700066,1.746908,支持曾遭雷击,1.0
小号铁钉,8,1,3.143,0.875958,3.588071,3.577139,3.598606,支持曾遭雷击,1.0
小号铁钉,8,2,2.8163,0.808559,3.48311,3.472202,3.493287,支持曾遭雷击,1.0
小号铁钉,8,3,2.5235,0.745802,3.383607,3.372618,3.393495,支持曾遭雷击,1.0
小号铁钉,8,4,2.3882,0.698656,3.418277,3.408565,3.427039,支持曾遭雷击,1.0
小号铁钉,8,5,2.2545,0.651078,3.462719,3.453774,3.470795,支持曾遭雷击,1.0
小号铁钉,8,6,2.1323,0.616501,3.458712,3.452151,3.464703,支持曾遭雷击,1.0
小号铁钉,8,7,2.0173,0.57979,3.479361,3.474593,3.483752,支持曾遭雷击,1.0
小号铁钉,8,8,1.9125,0.553038,3.458172,3.456446,3.459941,支持曾遭雷击,1.0
小号铁钉,8,9,1.8046,0.516667,3.492771,3.491595,3.494131,支持曾遭雷击,1.0
小号铁钉,8,10,1.6995,0.474942,3.578328,3.577019,3.579673,支持曾遭雷击,1.0
小号铁钉,8,11,1.5981,0.432305,3.696698,3.694121,3.699,支持曾遭雷击,1.0
小号铁钉,8,12,1.5056,0.396366,3.798512,3.794731,3.801762,支持曾遭雷击,1.0
小号铁钉,8,13,1.4297,0.389712,3.668604,3.665571,3.671666,支持曾遭雷击,1.0
小号铁钉,8,14,1.3518,0.369112,3.662302,3.657111,3.668066,支持曾遭雷击,1.0
小号铁钉,8,15,1.2749,0.345197,3.693253,3.686649,3.70034,支持曾遭雷击,1.0
小号铁钉,8,22,0.7039,0.212358,3.314682,3.303266,3.327391,支持曾遭雷击,1.0
小号铁钉,8,30,0.3806,0.111506,3.413284,3.401562,3.425927,支持曾遭雷击,1.0
小号铁钉,8,37,0.242,0.071699,3.375206,3.354515,3.39858,支持曾遭雷击,1.0
小号铁钉,8,44,0.1456,0.041917,3.473495,3.44999,3.498782,支持曾遭雷击,1.0
小号铁钉,8,51,0.0869,0.022821,3.807886,3.786627,3.828969,支持曾遭雷击,1.0
小号铁钉,8,58,0.038,0.011383,3.338451,3.32835,3.347666,支持曾遭雷击,1.0
小号铁钉,8,90,0.0021,0.00058,3.620592,3.570139,3.668508,支持曾遭雷击,1.0
小号铁钉,9,1,2.6231,0.875958,2.994549,2.985426,3.003342,支持曾遭雷击,1.0
小号铁钉,9,2,2.3505,0.808559,2.907023,2.897919,2.915517,支持曾遭雷击,1.0
小号铁钉,9,3,2.1061,0.745802,2.823941,2.814769,2.832194,支持曾遭雷击,1.0
小号铁钉,9,4,1.9932,0.698656,2.852906,2.8448,2.860219,支持曾遭雷击,1.0
小号铁钉,9,5,1.8816,0.651078,2.889977,2.882511,2.896717,支持曾遭雷击,1.0
小号铁钉,9,6,1.7796,0.616501,2.886612,2.881136,2.891612,支持曾遭雷击,1.0
小号铁钉,9,7,1.6837,0.57979,2.903981,2.900001,2.907645,支持曾遭雷击,1.0
小号铁钉,9,8,1.5962,0.553038,2.88624,2.8848,2.887717,支持曾遭雷击,1.0
小号铁钉,9,9,1.5061,0.516667,2.91503,2.914048,2.916165,支持曾遭雷击,1.0
小号铁钉,9,10,1.4184,0.474942,2.986467,2.985375,2.987589,支持曾遭雷击,1.0
小号铁钉,9,11,1.3338,0.432305,3.085324,3.083173,3.087245,支持曾遭雷击,1.0
小号铁钉,9,12,1.2566,0.396366,3.170304,3.167148,3.173017,支持曾遭雷击,1.0
小号铁钉,9,13,1.1932,0.389712,3.061746,3.059215,3.064301,支持曾遭雷击,1.0
小号铁钉,9,14,1.1282,0.369112,3.056524,3.052192,3.061334,支持曾遭雷击,1.0
小号铁钉,9,15,1.064,0.345197,3.082297,3.076786,3.088212,支持曾遭雷击,1.0
小号铁钉,9,22,0.5875,0.212358,2.766551,2.757023,2.777159,支持曾遭雷击,1.0
小号铁钉,9,30,0.3176,0.111506,2.84829,2.838508,2.85884,支持曾遭雷击,1.0
小号铁钉,9,37,0.202,0.071699,2.817321,2.80005,2.836831,支持曾遭雷击,1.0
小号铁钉,9,44,0.1215,0.041917,2.898555,2.87894,2.919657,支持曾遭雷击,1.0
小号铁钉,9,51,0.0725,0.022821,3.17689,3.159153,3.194479,支持曾遭雷击,1.0
小号铁钉,9,58,0.0317,0.011383,2.784971,2.776545,2.792658,支持曾遭雷击,1.0
小号铁钉,9,90,0.0017,0.00058,2.930956,2.890112,2.969744,支持曾遭雷击,1.0
小号铁钉,10,1,2.8329,0.875958,3.234058,3.224206,3.243554,支持曾遭雷击,1.0
小号铁钉,10,2,2.5384,0.808559,3.139412,3.12958,3.148585,支持曾遭雷击,1.0
小号铁钉,10,3,2.2745,0.745802,3.049739,3.039833,3.058651,支持曾遭雷击,1.0
小号铁钉,10,4,2.1526,0.698656,3.081059,3.072304,3.088956,支持曾遭雷击,1.0
小号铁钉,10,5,2.0321,0.651078,3.121132,3.113069,3.128411,支持曾遭雷击,1.0
小号铁钉,10,6,1.9219,0.616501,3.117431,3.111517,3.122831,支持曾遭雷击,1.0
小号铁钉,10,7,1.8183,0.57979,3.136134,3.131836,3.140091,支持曾遭雷击,1.0
小号铁钉,10,8,1.7238,0.553038,3.116965,3.11541,3.11856,支持曾遭雷击,1.0
小号铁钉,10,9,1.6265,0.516667,3.148062,3.147002,3.149288,支持曾遭雷击,1.0
小号铁钉,10,10,1.5319,0.474942,3.225443,3.224264,3.226655,支持曾遭雷击,1.0
小号铁钉,10,11,1.4405,0.432305,3.332141,3.329817,3.334215,支持曾遭雷击,1.0
小号铁钉,10,12,1.3571,0.396366,3.423858,3.42045,3.426787,支持曾遭雷击,1.0
小号铁钉,10,13,1.2886,0.389712,3.306542,3.303808,3.309302,支持曾遭雷击,1.0
小号铁钉,10,14,1.2184,0.369112,3.300894,3.296216,3.306089,支持曾遭雷击,1.0
小号铁钉,10,15,1.1491,0.345197,3.328823,3.322871,3.335211,支持曾遭雷击,1.0
小号铁钉,10,22,0.6344,0.212358,2.987404,2.977116,2.998859,支持曾遭雷击,1.0
小号铁钉,10,30,0.343,0.111506,3.076081,3.065517,3.087475,支持曾遭雷击,1.0
小号铁钉,10,37,0.2181,0.071699,3.04187,3.023222,3.062935,支持曾遭雷击,1.0
小号铁钉,10,44,0.1313,0.041917,3.132348,3.111151,3.155152,支持曾遭雷击,1.0
小号铁钉,10,51,0.0783,0.022821,3.431041,3.411886,3.450038,支持曾遭雷击,1.0
小号铁钉,10,58,0.0342,0.011383,3.004606,2.995515,3.0129,支持曾遭雷击,1.0
小号铁钉,10,90,0.0019,0.00058,3.275774,3.230126,3.319126,支持曾遭雷击,1.0
小号铁钉,11,1,1.4846,0.875958,1.69483,1.689666,1.699806,支持曾遭雷击,1.0
小号铁钉,11,2,1.3302,0.808559,1.645149,1.639997,1.649956,支持曾遭雷击,1.0
小号铁钉,11,3,1.192,0.745802,1.59828,1.593089,1.602951,支持曾遭雷击,1.0
小号铁钉,11,4,1.128,0.698656,1.614528,1.609941,1.618667,支持曾遭雷击,1.0
小号铁钉,11,5,1.0649,0.651078,1.635595,1.63137,1.63941,支持曾遭雷击,1.0
小号铁钉,11,6,1.0072,0.616501,1.633736,1.630636,1.636566,支持曾遭雷击,1.0
小号铁钉,11,7,0.9529,0.57979,1.643525,1.641273,1.645599,支持曾遭雷击,1.0
小号铁钉,11,8,0.9034,0.553038,1.633523,1.632708,1.634359,支持曾遭雷击,1.0
小号铁钉,11,9,0.8524,0.516667,1.649805,1.64925,1.650448,支持曾遭雷击,1.0
小号铁钉,11,10,0.8028,0.474942,1.69031,1.689692,1.690945,支持曾遭雷击,1.0
小号铁钉,11,11,0.7549,0.432305,1.746222,1.745005,1.747309,支持曾遭雷击,1.0
小号铁钉,11,12,0.7112,0.396366,1.794302,1.792516,1.795838,支持曾遭雷击,1.0
小号铁钉,11,13,0.6753,0.389712,1.732817,1.731384,1.734263,支持曾遭雷击,1.0
小号铁钉,11,14,0.6385,0.369112,1.729827,1.727375,1.732549,支持曾遭雷击,1.0
小号铁钉,11,15,0.6022,0.345197,1.744511,1.741392,1.747859,支持曾遭雷击,1.0
小号铁钉,11,22,0.3325,0.212358,1.56575,1.560358,1.571754,支持曾遭雷击,1.0
小号铁钉,11,30,0.1798,0.111506,1.612476,1.606939,1.618449,支持曾遭雷击,1.0
小号铁钉,11,37,0.1143,0.071699,1.594157,1.584385,1.605197,支持曾遭雷击,1.0
小号铁钉,11,44,0.0688,0.041917,1.641322,1.630215,1.653271,支持曾遭雷击,1.0
小号铁钉,11,51,0.041,0.022821,1.796586,1.786556,1.806533,支持曾遭雷击,1.0
小号铁钉,11,58,0.0179,0.011383,1.572586,1.567828,1.576927,支持曾遭雷击,1.0
小号铁钉,11,90,0.001,0.00058,1.724092,1.700066,1.746908,支持曾遭雷击,1.0
小号铁钉,12,1,3.3464,0.875958,3.820273,3.808635,3.83149,支持曾遭雷击,1.0
小号铁钉,12,2,2.9986,0.808559,3.708573,3.696959,3.719408,支持曾遭雷击,1.0
小号铁钉,12,3,2.6869,0.745802,3.602701,3.590999,3.613229,支持曾遭雷击,1.0
小号铁钉,12,4,2.5428,0.698656,3.639559,3.629218,3.648889,支持曾遭雷击,1.0
小号铁钉,12,5,2.4004,0.651078,3.686809,3.677285,3.695408,支持曾遭雷击,1.0
小号铁钉,12,6,2.2703,0.616501,3.682556,3.67557,3.688934,支持曾遭雷击,1.0
小号铁钉,12,7,2.1479,0.57979,3.704615,3.699539,3.70929,支持曾遭雷击,1.0
小号铁钉,12,8,2.0363,0.553038,3.682026,3.680189,3.68391,支持曾遭雷击,1.0
小号铁钉,12,9,1.9214,0.516667,3.718836,3.717584,3.720284,支持曾遭雷击,1.0
小号铁钉,12,10,1.8095,0.474942,3.809935,3.808542,3.811367,支持曾遭雷击,1.0
小号铁钉,12,11,1.7016,0.432305,3.936113,3.933368,3.938563,支持曾遭雷击,1.0
小号铁钉,12,12,1.6031,0.396366,4.044497,4.040471,4.047957,支持曾遭雷击,1.0
小号铁钉,12,13,1.5222,0.389712,3.905958,3.902729,3.909219,支持曾遭雷击,1.0
小号铁钉,12,14,1.4393,0.369112,3.899357,3.89383,3.905494,支持曾遭雷击,1.0
小号铁钉,12,15,1.3574,0.345197,3.932247,3.925216,3.939793,支持曾遭雷击,1.0
小号铁钉,12,22,0.7494,0.212358,3.528942,3.516788,3.542473,支持曾遭雷击,1.0
小号铁钉,12,30,0.4052,0.111506,3.633901,3.621421,3.647361,支持曾遭雷击,1.0
小号铁钉,12,37,0.2577,0.071699,3.594176,3.572143,3.619067,支持曾遭雷击,1.0
小号铁钉,12,44,0.155,0.041917,3.697746,3.672722,3.724665,支持曾遭雷击,1.0
小号铁钉,12,51,0.0925,0.022821,4.053273,4.030644,4.075715,支持曾遭雷击,1.0
小号铁钉,12,58,0.0405,0.011383,3.558086,3.54732,3.567907,支持曾遭雷击,1.0
小号铁钉,12,90,0.0022,0.00058,3.793002,3.740146,3.843199,支持曾遭雷击,1.0
小号铁钉,13,1,3.0768,0.875958,3.512496,3.501795,3.52281,支持曾遭雷击,1.0
小号铁钉,13,2,2.757,0.808559,3.40977,3.399091,3.419732,支持曾遭雷击,1.0
小号铁钉,13,3,2.4704,0.745802,3.312409,3.30165,3.322089,支持曾遭雷击,1.0
小号铁钉,13,4,2.3379,0.698656,3.346282,3.336774,3.354859,支持曾遭雷击,1.0
小号铁钉,13,5,2.207,0.651078,3.389763,3.381007,3.397669,支持曾遭雷击,1.0
小号铁钉,13,6,2.0874,0.616501,3.385881,3.379458,3.391746,支持曾遭雷击,1.0
小号铁钉,13,7,1.9749,0.57979,3.406232,3.401564,3.41053,支持曾遭雷击,1.0
小号铁钉,13,8,1.8722,0.553038,3.385301,3.383613,3.387034,支持曾遭雷击,1.0
小号铁钉,13,9,1.7666,0.516667,3.419223,3.418072,3.420554,支持曾遭雷击,1.0
小号铁钉,13,10,1.6638,0.474942,3.503161,3.50188,3.504477,支持曾遭雷击,1.0
小号铁钉,13,11,1.5645,0.432305,3.618975,3.616452,3.621228,支持曾遭雷击,1.0
小号铁钉,13,12,1.4739,0.396366,3.718535,3.714834,3.721717,支持曾遭雷击,1.0
小号铁钉,13,13,1.3996,0.389712,3.591367,3.588398,3.594365,支持曾遭雷击,1.0
小号铁钉,13,14,1.3233,0.369112,3.58509,3.580008,3.590732,支持曾遭雷击,1.0
小号铁钉,13,15,1.2481,0.345197,3.615616,3.609151,3.622555,支持曾遭雷击,1.0
小号铁钉,13,22,0.6891,0.212358,3.244988,3.233812,3.25743,支持曾遭雷击,1.0
小号铁钉,13,30,0.3726,0.111506,3.341539,3.330063,3.353916,支持曾遭雷击,1.0
小号铁钉,13,37,0.2369,0.071699,3.304076,3.283821,3.326957,支持曾遭雷击,1.0
小号铁钉,13,44,0.1426,0.041917,3.401926,3.378905,3.426692,支持曾遭雷击,1.0
小号铁钉,13,51,0.085,0.022821,3.724629,3.703835,3.745251,支持曾遭雷击,1.0
小号铁钉,13,58,0.0372,0.011383,3.268168,3.25828,3.277189,支持曾遭雷击,1.0
小号铁钉,13,90,0.002,0.00058,3.448183,3.400132,3.493817,支持曾遭雷击,1.0
小号铁钉,14,1,1.8606,0.875958,2.124074,2.117603,2.130311,支持曾遭雷击,1.0
小号铁钉,14,2,1.6672,0.808559,2.06194,2.055482,2.067964,支持曾遭雷击,1.0
小号铁钉,14,3,1.4939,0.745802,2.00308,1.996574,2.008933,支持曾遭雷击,1.0
小号铁钉,14,4,1.4138,0.698656,2.0236,2.01785,2.028787,支持曾遭雷击,1.0
小号铁钉,14,5,1.3347,0.651078,2.049985,2.04469,2.054766,支持曾遭雷击,1.0
小号铁钉,14,6,1.2623,0.616501,2.047522,2.043638,2.051069,支持曾遭雷击,1.0
小号铁钉,14,7,1.1943,0.57979,2.059883,2.05706,2.062482,支持曾遭雷击,1.0
小号铁钉,14,8,1.1322,0.553038,2.047238,2.046216,2.048285,支持曾遭雷击,1.0
小号铁钉,14,9,1.0683,0.516667,2.067676,2.06698,2.068481,支持曾遭雷击,1.0
小号铁钉,14,10,1.0061,0.474942,2.118362,2.117587,2.119158,支持曾遭雷击,1.0
小号铁钉,14,11,0.9461,0.432305,2.188503,2.186977,2.189865,支持曾遭雷击,1.0
小号铁钉,14,12,0.8913,0.396366,2.248681,2.246442,2.250605,支持曾遭雷击,1.0
小号铁钉,14,13,0.8464,0.389712,2.171859,2.170063,2.173671,支持曾遭雷击,1.0
小号铁钉,14,14,0.8003,0.369112,2.168176,2.165103,2.171588,支持曾遭雷击,1.0
小号铁钉,14,15,0.7547,0.345197,2.186287,2.182378,2.190483,支持曾遭雷击,1.0
小号铁钉,14,22,0.4167,0.212358,1.96225,1.955492,1.969774,支持曾遭雷击,1.0
小号铁钉,14,30,0.2253,0.111506,2.020528,2.013589,2.028012,支持曾遭雷击,1.0
小号铁钉,14,37,0.1433,0.071699,1.998624,1.986372,2.012465,支持曾遭雷击,1.0
小号铁钉,14,44,0.0862,0.041917,2.056424,2.042508,2.071394,支持曾遭雷击,1.0
小号铁钉,14,51,0.0514,0.022821,2.252305,2.239731,2.264776,支持曾遭雷击,1.0
小号铁钉,14,58,0.0225,0.011383,1.976715,1.970734,1.982171,支持曾遭雷击,1.0
小号铁钉,14,90,0.0012,0.00058,2.06891,2.040079,2.09629,支持曾遭雷击,1.0
小号铁钉,15,1,1.8008,0.875958,2.055806,2.049543,2.061842,支持曾遭雷击,1.0
小号铁钉,15,2,1.6136,0.808559,1.995649,1.989399,2.00148,支持曾遭雷击,1.0
小号铁钉,15,3,1.4459,0.745802,1.938719,1.932422,1.944385,支持曾遭雷击,1.0
小号铁钉,15,4,1.3683,0.698656,1.958475,1.95291,1.963495,支持曾遭雷击,1.0
小号铁钉,15,5,1.2917,0.651078,1.983941,1.978816,1.988568,支持曾遭雷击,1.0
小号铁钉,15,6,1.2217,0.616501,1.981667,1.977908,1.985099,支持曾遭雷击,1.0
小号铁钉,15,7,1.1559,0.57979,1.993652,1.99092,1.996168,支持曾遭雷击,1.0
小号铁钉,15,8,1.0958,0.553038,1.981419,1.980431,1.982433,支持曾遭雷击,1.0
小号铁钉,15,9,1.0339,0.516667,2.001095,2.000421,2.001874,支持曾遭雷击,1.0
小号铁钉,15,10,0.9738,0.474942,2.050353,2.049604,2.051124,支持曾遭雷击,1.0
小号铁钉,15,11,0.9157,0.432305,2.118182,2.116705,2.119501,支持曾遭雷击,1.0
小号铁钉,15,12,0.8626,0.396366,2.176273,2.174107,2.178135,支持曾遭雷击,1.0
小号铁钉,15,13,0.8192,0.389712,2.102064,2.100326,2.103818,支持曾遭雷击,1.0
小号铁钉,15,14,0.7745,0.369112,2.098278,2.095304,2.101581,支持曾遭雷击,1.0
小号铁钉,15,15,0.7305,0.345197,2.116183,2.112399,2.120244,支持曾遭雷击,1.0
小号铁钉,15,22,0.4033,0.212358,1.899149,1.892608,1.906431,支持曾遭雷击,1.0
小号铁钉,15,30,0.2181,0.111506,1.955957,1.94924,1.963202,支持曾遭雷击,1.0
小号铁钉,15,37,0.1387,0.071699,1.934467,1.922609,1.947864,支持曾遭雷击,1.0
小号铁钉,15,44,0.0834,0.041917,1.989626,1.976162,2.00411,支持曾遭雷击,1.0
小号铁钉,15,51,0.0498,0.022821,2.182195,2.170012,2.194277,支持曾遭雷击,1.0
小号铁钉,15,58,0.0218,0.011383,1.915217,1.909422,1.920503,支持曾遭雷击,1.0
小号铁钉,15,90,0.0012,0.00058,2.06891,2.040079,2.09629,支持曾遭雷击,1.0
小号铁钉,16,1,1.8039,0.875958,2.059345,2.053071,2.065391,支持曾遭雷击,1.0
小号铁钉,16,2,1.6164,0.808559,1.999112,1.992851,2.004953,支持曾遭雷击,1.0
小号铁钉,16,3,1.4484,0.745802,1.942071,1.935764,1.947747,支持曾遭雷击,1.0
小号铁钉,16,4,1.3707,0.698656,1.96191,1.956335,1.966939,支持曾遭雷击,1.0
小号铁钉,16,5,1.294,0.651078,1.987473,1.982339,1.992109,支持曾遭雷击,1.0
小号铁钉,16,6,1.2238,0.616501,1.985073,1.981307,1.988512,支持曾遭雷击,1.0
小号铁钉,16,7,1.1578,0.57979,1.996929,1.994192,1.999449,支持曾遭雷击,1.0
小号铁钉,16,8,1.0977,0.553038,1.984855,1.983865,1.985871,支持曾遭雷击,1.0
小号铁钉,16,9,1.0357,0.516667,2.004579,2.003904,2.00536,支持曾遭雷击,1.0
小号铁钉,16,10,0.9754,0.474942,2.053722,2.052971,2.054494,支持曾遭雷击,1.0
小号铁钉,16,11,0.9172,0.432305,2.121652,2.120172,2.122973,支持曾遭雷击,1.0
小号铁钉,16,12,0.8641,0.396366,2.180057,2.177887,2.181922,支持曾遭雷击,1.0
小号铁钉,16,13,0.8206,0.389712,2.105656,2.103915,2.107413,支持曾遭雷击,1.0
小号铁钉,16,14,0.7759,0.369112,2.102071,2.099092,2.10538,支持曾遭雷击,1.0
小号铁钉,16,15,0.7317,0.345197,2.119659,2.115869,2.123727,支持曾遭雷击,1.0
小号铁钉,16,22,0.404,0.212358,1.902445,1.895893,1.90974,支持曾遭雷击,1.0
小号铁钉,16,30,0.2184,0.111506,1.958648,1.951921,1.965903,支持曾遭雷击,1.0
小号铁钉,16,37,0.1389,0.071699,1.937257,1.925381,1.950673,支持曾遭雷击,1.0
小号铁钉,16,44,0.0836,0.041917,1.994397,1.980901,2.008916,支持曾遭雷击,1.0
小号铁钉,16,51,0.0499,0.022821,2.186577,2.174369,2.198683,支持曾遭雷击,1.0
小号铁钉,16,58,0.0218,0.011383,1.915217,1.909422,1.920503,支持曾遭雷击,1.0
小号铁钉,16,90,0.0012,0.00058,2.06891,2.040079,2.09629,支持曾遭雷击,1.0
小号铁钉,17,1,2.0409,0.875958,2.329906,2.322807,2.336747,支持曾遭雷击,1.0
小号铁钉,17,2,1.8287,0.808559,2.261678,2.254595,2.268286,支持曾遭雷击,1.0
小号铁钉,17,3,1.6386,0.745802,2.197099,2.189963,2.20352,支持曾遭雷击,1.0
小号铁钉,17,4,1.5508,0.698656,2.21969,2.213383,2.22538,支持曾遭雷击,1.0
小号铁钉,17,5,1.4639,0.651078,2.248425,2.242617,2.253669,支持曾遭雷击,1.0
小号铁钉,17,6,1.3846,0.616501,2.2459,2.241639,2.24979,支持曾遭雷击,1.0
小号铁钉,17,7,1.31,0.57979,2.259438,2.256341,2.262289,支持曾遭雷击,1.0
小号铁钉,17,8,1.2419,0.553038,2.245597,2.244476,2.246746,支持曾遭雷击,1.0
小号铁钉,17,9,1.1718,0.516667,2.267998,2.267234,2.268881,支持曾遭雷击,1.0
小号铁钉,17,10,1.1036,0.474942,2.32365,2.3228,2.324523,支持曾遭雷击,1.0
小号铁钉,17,11,1.0378,0.432305,2.400622,2.398948,2.402116,支持曾遭雷击,1.0
小号铁钉,17,12,0.9777,0.396366,2.466661,2.464206,2.468772,支持曾遭雷击,1.0
小号铁钉,17,13,0.9284,0.389712,2.38227,2.380301,2.384259,支持曾遭雷击,1.0
小号铁钉,17,14,0.8778,0.369112,2.378139,2.374769,2.381882,支持曾遭雷击,1.0
小号铁钉,17,15,0.8279,0.345197,2.39834,2.394052,2.402943,支持曾遭雷击,1.0
小号铁钉,17,22,0.4571,0.212358,2.152495,2.145081,2.160748,支持曾遭雷击,1.0
小号铁钉,17,30,0.2471,0.111506,2.216034,2.208424,2.224242,支持曾遭雷击,1.0
小号铁钉,17,37,0.1571,0.071699,2.191095,2.177663,2.206268,支持曾遭雷击,1.0
小号铁钉,17,44,0.0946,0.041917,2.256818,2.241545,2.273247,支持曾遭雷击,1.0
小号铁钉,17,51,0.0564,0.022821,2.471401,2.457603,2.485085,支持曾遭雷击,1.0
小号铁钉,17,58,0.0247,0.011383,2.169993,2.163428,2.175983,支持曾遭雷击,1.0
小号铁钉,17,90,0.0014,0.00058,2.413728,2.380093,2.445672,支持曾遭雷击,1.0
小号铁钉,18,1,2.4734,0.875958,2.823651,2.815048,2.831941,支持曾遭雷击,1.0
小号铁钉,18,2,2.2163,0.808559,2.741049,2.732465,2.749058,支持曾遭雷击,1.0
小号铁钉,18,3,1.9859,0.745802,2.662772,2.654124,2.670554,支持曾遭雷击,1.0
小号铁钉,18,4,1.8794,0.698656,2.690022,2.682378,2.696917,支持曾遭雷击,1.0
小号铁钉,18,5,1.7742,0.651078,2.725019,2.71798,2.731375,支持曾遭雷击,1.0
小号铁钉,18,6,1.678,0.616501,2.721811,2.716648,2.726526,支持曾遭雷击,1.0
小号铁钉,18,7,1.5876,0.57979,2.738231,2.734479,2.741687,支持曾遭雷击,1.0
小号铁钉,18,8,1.505,0.553038,2.721332,2.719975,2.722725,支持曾遭雷击,1.0
小号铁钉,18,9,1.4201,0.516667,2.748578,2.747653,2.749649,支持曾遭雷击,1.0
小号铁钉,18,10,1.3374,0.474942,2.81592,2.81489,2.816978,支持曾遭雷击,1.0
小号铁钉,18,11,1.2577,0.432305,2.909291,2.907262,2.911102,支持曾遭雷击,1.0
小号铁钉,18,12,1.1848,0.396366,2.989158,2.986183,2.991716,支持曾遭雷击,1.0
小号铁钉,18,13,1.1251,0.389712,2.887002,2.884615,2.889411,支持曾遭雷击,1.0
小号铁钉,18,14,1.0638,0.369112,2.882051,2.877966,2.886587,支持曾遭雷击,1.0
小号铁钉,18,15,1.0033,0.345197,2.906456,2.901259,2.912033,支持曾遭雷击,1.0
小号铁钉,18,22,0.5539,0.212358,2.608328,2.599345,2.618329,支持曾遭雷击,1.0
小号铁钉,18,30,0.2995,0.111506,2.685966,2.676742,2.695915,支持曾遭雷击,1.0
小号铁钉,18,37,0.1904,0.071699,2.655534,2.639255,2.673924,支持曾遭雷击,1.0
小号铁钉,18,44,0.1146,0.041917,2.733946,2.715445,2.753849,支持曾遭雷击,1.0
小号铁钉,18,51,0.0684,0.022821,2.997231,2.980498,3.013826,支持曾遭雷击,1.0
小号铁钉,18,58,0.0299,0.011383,2.626834,2.618886,2.634085,支持曾遭雷击,1.0
小号铁钉,18,90,0.0016,0.00058,2.758547,2.720106,2.795053,支持曾遭雷击,1.0
小号铁钉,19,1,2.2913,0.875958,2.615764,2.607795,2.623444,支持曾遭雷击,1.0
小号铁钉,19,2,2.0532,0.808559,2.539332,2.53138,2.546752,支持曾遭雷击,1.0
小号铁钉,19,3,1.8397,0.745802,2.466742,2.45873,2.47395,支持曾遭雷击,1.0
小号铁钉,19,4,1.7411,0.698656,2.492071,2.484989,2.498458,支持曾遭雷击,1.0
小号铁钉,19,5,1.6436,0.651078,2.524429,2.517908,2.530317,支持曾遭雷击,1.0
小号铁钉,19,6,1.5545,0.616501,2.521487,2.516704,2.525855,支持曾遭雷击,1.0
小号铁钉,19,7,1.4707,0.57979,2.536607,2.533131,2.539808,支持曾遭雷击,1.0
小号铁钉,19,8,1.3943,0.553038,2.521165,2.519908,2.522455,支持曾遭雷击,1.0
小号铁钉,19,9,1.3156,0.516667,2.54632,2.545463,2.547312,支持曾遭雷击,1.0
小号铁钉,19,10,1.239,0.474942,2.608737,2.607783,2.609717,支持曾遭雷击,1.0
小号铁钉,19,11,1.1651,0.432305,2.69509,2.693211,2.696768,支持曾遭雷击,1.0
小号铁钉,19,12,1.0976,0.396366,2.76916,2.766403,2.771529,支持曾遭雷击,1.0
小号铁钉,19,13,1.0423,0.389712,2.674537,2.672326,2.676769,支持曾遭雷击,1.0
小号铁钉,19,14,0.9855,0.369112,2.66992,2.666136,2.674123,支持曾遭雷击,1.0
小号铁钉,19,15,0.9295,0.345197,2.692665,2.68785,2.697832,支持曾遭雷击,1.0
小号铁钉,19,22,0.5132,0.212358,2.416671,2.408348,2.425937,支持曾遭雷击,1.0
小号铁钉,19,30,0.2775,0.111506,2.488666,2.480119,2.497884,支持曾遭雷击,1.0
小号铁钉,19,37,0.1764,0.071699,2.460274,2.445192,2.477312,支持曾遭雷击,1.0
小号铁钉,19,44,0.1062,0.041917,2.533552,2.516407,2.551996,支持曾遭雷击,1.0
小号铁钉,19,51,0.0633,0.022821,2.773753,2.758268,2.789111,支持曾遭雷击,1.0
小号铁钉,19,58,0.0277,0.011383,2.433555,2.426192,2.440272,支持曾遭雷击,1.0
小号铁钉,19,90,0.0015,0.00058,2.586137,2.550099,2.620363,支持曾遭雷击,1.0
小号铁钉,20,1,2.0154,0.875958,2.300795,2.293785,2.30755,支持曾遭雷击,1.0
小号铁钉,20,2,1.8059,0.808559,2.233479,2.226485,2.240005,支持曾遭雷击,1.0
小号铁钉,20,3,1.6181,0.745802,2.169612,2.162565,2.175952,支持曾遭雷击,1.0
小号铁钉,20,4,1.5314,0.698656,2.191923,2.185695,2.197541,支持曾遭雷击,1.0
小号铁钉,20,5,1.4456,0.651078,2.220318,2.214582,2.225496,支持曾遭雷击,1.0
小号铁钉,20,6,1.3673,0.616501,2.217838,2.213631,2.22168,支持曾遭雷击,1.0
小号铁钉,20,7,1.2936,0.57979,2.231152,2.228094,2.233967,支持曾遭雷击,1.0
小号铁钉,20,8,1.2263,0.553038,2.217389,2.216283,2.218523,支持曾遭雷击,1.0
小号铁钉,20,9,1.1571,0.516667,2.239546,2.238792,2.240419,支持曾遭雷击,1.0
小号铁钉,20,10,1.0898,0.474942,2.294594,2.293754,2.295456,支持曾遭雷击,1.0
小号铁钉,20,11,1.0248,0.432305,2.37055,2.368897,2.372026,支持曾遭雷击,1.0
小号铁钉,20,12,0.9654,0.396366,2.435629,2.433205,2.437713,支持曾遭雷击,1.0
小号铁钉,20,13,0.9168,0.389712,2.352505,2.35056,2.354468,支持曾遭雷击,1.0
小号铁钉,20,14,0.8668,0.369112,2.348338,2.34501,2.352034,支持曾遭雷击,1.0
小号铁钉,20,15,0.8175,0.345197,2.368213,2.363978,2.372757,支持曾遭雷击,1.0
小号铁钉,20,22,0.4513,0.212358,2.125182,2.117863,2.133331,支持曾遭雷击,1.0
小号铁钉,20,30,0.244,0.111506,2.188233,2.180718,2.196338,支持曾遭雷击,1.0
小号铁钉,20,37,0.1552,0.071699,2.164595,2.151326,2.179585,支持曾遭雷击,1.0
小号铁钉,20,44,0.0934,0.041917,2.22819,2.213111,2.244411,支持曾遭雷击,1.0
小号铁钉,20,51,0.0557,0.022821,2.440728,2.427101,2.454241,支持曾遭雷击,1.0
小号铁钉,20,58,0.0244,0.011383,2.143637,2.137151,2.149554,支持曾遭雷击,1.0
小号铁钉,20,90,0.0013,0.00058,2.241319,2.210086,2.270981,支持曾遭雷击,1.0
小号铁夹,1,1,2.4595,0.87411,2.81372,2.80595,2.821482,支持曾遭雷击,1.0
小号铁夹,1,2,2.1899,0.803269,2.726234,2.718635,2.733864,支持曾遭雷击,1.0
小号铁夹,1,3,1.9498,0.737632,2.643325,2.635707,2.650854,支持曾遭雷击,1.0
小号铁夹,1,4,1.8396,0.687933,2.674097,2.667113,2.680902,支持曾遭雷击,1.0
小号铁夹,1,5,1.7309,0.638238,2.711997,2.7055,2.718303,支持曾遭雷击,1.0
小号铁夹,1,6,1.632,0.601659,2.7125,2.70783,2.717056,支持曾遭雷击,1.0
小号铁夹,1,7,1.5392,0.563319,2.732378,2.728895,2.735787,支持曾遭雷击,1.0
小号铁夹,1,8,1.4549,0.53494,2.719745,2.718137,2.72133,支持曾遭雷击,1.0
小号铁夹,1,9,1.3683,0.49754,2.750132,2.749156,2.751151,支持曾遭雷击,1.0
小号铁夹,1,10,1.2843,0.455328,2.820602,2.819681,2.821651,支持曾遭雷击,1.0
小号铁夹,1,11,1.2035,0.412611,2.916793,2.914684,2.918773,支持曾遭雷击,1.0
小号铁夹,1,12,1.13,0.376629,3.000303,2.997417,3.002993,支持曾遭雷击,1.0
小号铁夹,1,13,1.0699,0.368662,2.902118,2.899727,2.904568,支持曾遭雷击,1.0
小号铁夹,1,14,1.0085,0.347624,2.901127,2.896978,2.905712,支持曾遭雷击,1.0
小号铁夹,1,15,0.948,0.323657,2.929029,2.923858,2.934749,支持曾遭雷击,1.0
小号铁夹,1,22,0.5058,0.192999,2.620743,2.611414,2.631232,支持曾遭雷击,1.0
小号铁夹,1,30,0.264,0.097795,2.699529,2.691074,2.708421,支持曾遭雷击,1.0
小号铁夹,1,37,0.1636,0.060954,2.683992,2.667801,2.70065,支持曾遭雷击,1.0
小号铁夹,1,44,0.0957,0.034542,2.770528,2.752681,2.788942,支持曾遭雷击,1.0
小号铁夹,1,51,0.0554,0.018229,3.039147,3.02263,3.054432,支持曾遭雷击,1.0
小号铁夹,1,58,0.0231,0.008813,2.621101,2.611622,2.631064,支持曾遭雷击,1.0
小号铁夹,1,90,0.0011,0.000389,2.824398,2.788271,2.863056,支持曾遭雷击,1.0
小号铁夹,2,1,1.7776,0.87411,2.033612,2.027996,2.039222,支持曾遭雷击,1.0
小号铁夹,2,2,1.5828,0.803269,1.970448,1.964956,1.975962,支持曾遭雷击,1.0
小号铁夹,2,3,1.4093,0.737632,1.910574,1.905068,1.916017,支持曾遭雷击,1.0
小号铁夹,2,4,1.3296,0.687933,1.932746,1.927698,1.937664,支持曾遭雷击,1.0
小号铁夹,2,5,1.2511,0.638238,1.96024,1.955544,1.964798,支持曾遭雷击,1.0
小号铁夹,2,6,1.1796,0.601659,1.960579,1.957204,1.963872,支持曾遭雷击,1.0
小号铁夹,2,7,1.1125,0.563319,1.974903,1.972385,1.977367,支持曾遭雷击,1.0
小号铁夹,2,8,1.0515,0.53494,1.965641,1.964479,1.966787,支持曾遭雷击,1.0
小号铁夹,2,9,0.989,0.49754,1.987781,1.987076,1.988518,支持曾遭雷击,1.0
小号铁夹,2,10,0.9283,0.455328,2.038748,2.038083,2.039507,支持曾遭雷击,1.0
小号铁夹,2,11,0.8699,0.412611,2.108283,2.106758,2.109714,支持曾遭雷击,1.0
小号铁夹,2,12,0.8167,0.376629,2.168449,2.166363,2.170394,支持曾遭雷击,1.0
小号铁夹,2,13,0.7733,0.368662,2.097586,2.095859,2.099358,支持曾遭雷击,1.0
小号铁夹,2,14,0.7289,0.347624,2.096809,2.09381,2.100122,支持曾遭雷击,1.0
小号铁夹,2,15,0.6852,0.323657,2.117057,2.11332,2.121192,支持曾遭雷击,1.0
小号铁夹,2,22,0.3656,0.192999,1.894313,1.88757,1.901895,支持曾遭雷击,1.0
小号铁夹,2,30,0.1908,0.097795,1.951023,1.944913,1.95745,支持曾遭雷击,1.0
小号铁夹,2,37,0.1183,0.060954,1.940808,1.929101,1.952854,支持曾遭雷击,1.0
小号铁夹,2,44,0.0691,0.034542,2.000455,1.987568,2.01375,支持曾遭雷击,1.0
小号铁夹,2,51,0.0401,0.018229,2.199816,2.18786,2.21088,支持曾遭雷击,1.0
小号铁夹,2,58,0.0167,0.008813,1.894908,1.888056,1.902111,支持曾遭雷击,1.0
小号铁夹,2,90,0.0008,0.000389,2.054108,2.027834,2.082223,支持曾遭雷击,1.0
小号铁夹,3,1,1.998,0.87411,2.285754,2.279442,2.29206,支持曾遭雷击,1.0
小号铁夹,3,2,1.779,0.803269,2.2147,2.208527,2.220898,支持曾遭雷击,1.0
小号铁夹,3,3,1.584,0.737632,2.147414,2.141225,2.15353,支持曾遭雷击,1.0
小号铁夹,3,4,1.4944,0.687933,2.172304,2.166631,2.177832,支持曾遭雷击,1.0
小号铁夹,3,5,1.4062,0.638238,2.203253,2.197975,2.208376,支持曾遭雷击,1.0
小号铁夹,3,6,1.3258,0.601659,2.203574,2.19978,2.207275,支持曾遭雷击,1.0
小号铁夹,3,7,1.2504,0.563319,2.219702,2.216873,2.222472,支持曾遭雷击,1.0
小号铁夹,3,8,1.1819,0.53494,2.209407,2.208101,2.210695,支持曾遭雷击,1.0
小号铁夹,3,9,1.1116,0.49754,2.234194,2.233401,2.235021,支持曾遭雷击,1.0
小号铁夹,3,10,1.0433,0.455328,2.291313,2.290565,2.292166,支持曾遭雷击,1.0
小号铁夹,3,11,0.9777,0.412611,2.369546,2.367833,2.371154,支持曾遭雷击,1.0
小号铁夹,3,12,0.918,0.376629,2.437414,2.435069,2.4396,支持曾遭雷击,1.0
小号铁夹,3,13,0.8692,0.368662,2.357716,2.355774,2.359707,支持曾遭雷击,1.0
小号铁夹,3,14,0.8192,0.347624,2.356572,2.353202,2.360296,支持曾遭雷击,1.0
小号铁夹,3,15,0.7701,0.323657,2.379372,2.375172,2.384019,支持曾遭雷击,1.0
小号铁夹,3,22,0.4109,0.192999,2.12903,2.121451,2.137551,支持曾遭雷击,1.0
小号铁夹,3,30,0.2145,0.097795,2.193367,2.186498,2.200592,支持曾遭雷击,1.0
小号铁夹,3,37,0.1329,0.060954,2.180333,2.167181,2.193866,支持曾遭雷击,1.0
小号铁夹,3,44,0.0777,0.034542,2.249426,2.234936,2.264376,支持曾遭雷击,1.0
小号铁夹,3,51,0.045,0.018229,2.468621,2.455205,2.481037,支持曾遭雷击,1.0
小号铁夹,3,58,0.0188,0.008813,2.13319,2.125476,2.141299,支持曾遭雷击,1.0
小号铁夹,3,90,0.0009,0.000389,2.310871,2.281313,2.3425,支持曾遭雷击,1.0
小号铁夹,4,1,2.1051,0.87411,2.408279,2.401629,2.414922,支持曾遭雷击,1.0
小号铁夹,4,2,1.8744,0.803269,2.333464,2.32696,2.339995,支持曾遭雷击,1.0
小号铁夹,4,3,1.6689,0.737632,2.262512,2.255991,2.268956,支持曾遭雷击,1.0
小号铁夹,4,4,1.5745,0.687933,2.288739,2.282762,2.294564,支持曾遭雷击,1.0
小号铁夹,4,5,1.4816,0.638238,2.321391,2.31583,2.326788,支持曾遭雷击,1.0
小号铁夹,4,6,1.3969,0.601659,2.321747,2.31775,2.325647,支持曾遭雷击,1.0
小号铁夹,4,7,1.3175,0.563319,2.338818,2.335836,2.341736,支持曾遭雷击,1.0
小号铁夹,4,8,1.2453,0.53494,2.327925,2.326549,2.329282,支持曾遭雷击,1.0
小号铁夹,4,9,1.1712,0.49754,2.353983,2.353148,2.354855,支持曾遭雷击,1.0
小号铁夹,4,10,1.0993,0.455328,2.414302,2.413513,2.415199,支持曾遭雷击,1.0
小号铁夹,4,11,1.0301,0.412611,2.496542,2.494737,2.498237,支持曾遭雷击,1.0
小号铁夹,4,12,0.9672,0.376629,2.568047,2.565576,2.57035,支持曾遭雷击,1.0
小号铁夹,4,13,0.9158,0.368662,2.484119,2.482073,2.486217,支持曾遭雷击,1.0
小号铁夹,4,14,0.8632,0.347624,2.483146,2.479595,2.48707,支持曾遭雷击,1.0
小号铁夹,4,15,0.8114,0.323657,2.506977,2.502551,2.511873,支持曾遭雷击,1.0
小号铁夹,4,22,0.4329,0.192999,2.24302,2.235036,2.251997,支持曾遭雷击,1.0
小号铁夹,4,30,0.226,0.097795,2.310961,2.303723,2.318573,支持曾遭雷击,1.0
小号铁夹,4,37,0.1401,0.060954,2.298455,2.28459,2.312721,支持曾遭雷击,1.0
小号铁夹,4,44,0.0819,0.034542,2.371017,2.355743,2.386775,支持曾遭雷击,1.0
小号铁夹,4,51,0.0474,0.018229,2.600281,2.586149,2.613359,支持曾遭雷击,1.0
小号铁夹,4,58,0.0198,0.008813,2.246658,2.238533,2.255198,支持曾遭雷击,1.0
小号铁夹,4,90,0.0009,0.000389,2.310871,2.281313,2.3425,支持曾遭雷击,1.0
小号铁夹,5,1,2.2346,0.87411,2.55643,2.54937,2.563482,支持曾遭雷击,1.0
小号铁夹,5,2,1.9897,0.803269,2.477003,2.470099,2.483935,支持曾遭雷击,1.0
小号铁夹,5,3,1.7715,0.737632,2.401606,2.394684,2.408446,支持曾遭雷击,1.0
小号铁夹,5,4,1.6714,0.687933,2.429596,2.423251,2.435779,支持曾遭雷击,1.0
小号铁夹,5,5,1.5727,0.638238,2.464128,2.458224,2.469857,支持曾遭雷击,1.0
小号铁夹,5,6,1.4828,0.601659,2.464519,2.460276,2.468659,支持曾遭雷击,1.0
小号铁夹,5,7,1.3985,0.563319,2.482608,2.479444,2.485706,支持曾遭雷击,1.0
小号铁夹,5,8,1.3219,0.53494,2.471119,2.469658,2.472559,支持曾遭雷击,1.0
小号铁夹,5,9,1.2432,0.49754,2.498695,2.497808,2.499621,支持曾遭雷击,1.0
小号铁夹,5,10,1.1669,0.455328,2.562766,2.561929,2.563719,支持曾遭雷击,1.0
小号铁夹,5,11,1.0935,0.412611,2.650198,2.648282,2.651997,支持曾遭雷击,1.0
小号铁夹,5,12,1.0267,0.376629,2.726027,2.723405,2.728472,支持曾遭雷击,1.0
小号铁夹,5,13,0.9721,0.368662,2.636834,2.634662,2.63906,支持曾遭雷击,1.0
小号铁夹,5,14,0.9163,0.347624,2.635897,2.632128,2.640063,支持曾遭雷击,1.0
小号铁夹,5,15,0.8613,0.323657,2.661152,2.656454,2.666349,支持曾遭雷击,1.0
小号铁夹,5,22,0.4595,0.192999,2.380845,2.37237,2.390374,支持曾遭雷击,1.0
小号铁夹,5,30,0.2399,0.097795,2.453095,2.445412,2.461175,支持曾遭雷击,1.0
小号铁夹,5,37,0.1487,0.060954,2.439545,2.424829,2.454686,支持曾遭雷击,1.0
小号铁夹,5,44,0.0869,0.034542,2.515767,2.499561,2.532488,支持曾遭雷击,1.0
小号铁夹,5,51,0.0503,0.018229,2.75937,2.744373,2.773248,支持曾遭雷击,1.0
小号铁夹,5,58,0.021,0.008813,2.382819,2.374202,2.391876,支持曾遭雷击,1.0
小号铁夹,5,90,0.001,0.000389,2.567635,2.534792,2.602778,支持曾遭雷击,1.0
小号铁夹,6,1,2.7097,0.87411,3.099954,3.091394,3.108506,支持曾遭雷击,1.0
小号铁夹,6,2,2.4126,0.803269,3.003476,2.995105,3.011882,支持曾遭雷击,1.0
小号铁夹,6,3,2.1482,0.737632,2.912294,2.903901,2.920589,支持曾遭雷击,1.0
小号铁夹,6,4,2.0267,0.687933,2.946071,2.938377,2.953568,支持曾遭雷击,1.0
小号铁夹,6,5,1.907,0.638238,2.987913,2.980755,2.99486,支持曾遭雷击,1.0
小号铁夹,6,6,1.798,0.601659,2.988404,2.983259,2.993424,支持曾遭雷击,1.0
小号铁夹,6,7,1.6958,0.563319,3.010373,3.006536,3.014129,支持曾遭雷击,1.0
小号铁夹,6,8,1.6029,0.53494,2.996411,2.99464,2.998158,支持曾遭雷击,1.0
小号铁夹,6,9,1.5075,0.49754,3.029909,3.028834,3.031032,支持曾遭雷击,1.0
小号铁夹,6,10,1.4149,0.455328,3.107428,3.106413,3.108583,支持曾遭雷击,1.0
小号铁夹,6,11,1.3259,0.412611,3.213441,3.211117,3.215622,支持曾遭雷击,1.0
小号铁夹,6,12,1.245,0.376629,3.305643,3.302464,3.308608,支持曾遭雷击,1.0
小号铁夹,6,13,1.1788,0.368662,3.19751,3.194877,3.20021,支持曾遭雷击,1.0
小号铁夹,6,14,1.111,0.347624,3.195986,3.191415,3.201037,支持曾遭雷击,1.0
小号铁夹,6,15,1.0444,0.323657,3.226875,3.221178,3.233177,支持曾遭雷击,1.0
小号铁夹,6,22,0.5572,0.192999,2.887066,2.876789,2.898621,支持曾遭雷击,1.0
小号铁夹,6,30,0.2909,0.097795,2.974595,2.965278,2.984393,支持曾遭雷击,1.0
小号铁夹,6,37,0.1803,0.060954,2.957969,2.940126,2.976328,支持曾遭雷击,1.0
小号铁夹,6,44,0.1054,0.034542,3.051345,3.031689,3.071625,支持曾遭雷击,1.0
小号铁夹,6,51,0.061,0.018229,3.346353,3.328166,3.363184,支持曾遭雷击,1.0
小号铁夹,6,58,0.0254,0.008813,2.882076,2.871653,2.893031,支持曾遭雷击,1.0
小号铁夹,6,90,0.0012,0.000389,3.081161,3.04175,3.123334,支持曾遭雷击,1.0
小号铁夹,7,1,1.8645,0.87411,2.133027,2.127137,2.138912,支持曾遭雷击,1.0
小号铁夹,7,2,1.6601,0.803269,2.06668,2.060919,2.072463,支持曾遭雷击,1.0
小号铁夹,7,3,1.4781,0.737632,2.003846,1.998071,2.009554,支持曾遭雷击,1.0
小号铁夹,7,4,1.3946,0.687933,2.027231,2.021937,2.032391,支持曾遭雷击,1.0
小号铁夹,7,5,1.3122,0.638238,2.055973,2.051047,2.060753,支持曾遭雷击,1.0
小号铁夹,7,6,1.2372,0.601659,2.056314,2.052774,2.059768,支持曾遭雷击,1.0
小号铁夹,7,7,1.1669,0.563319,2.071474,2.068833,2.074058,支持曾遭雷击,1.0
小号铁夹,7,8,1.1029,0.53494,2.061727,2.060508,2.062928,支持曾遭雷击,1.0
小号铁夹,7,9,1.0373,0.49754,2.084859,2.084119,2.085631,支持曾遭雷击,1.0
小号铁夹,7,10,0.9736,0.455328,2.138237,2.137539,2.139032,支持曾遭雷击,1.0
小号铁夹,7,11,0.9124,0.412611,2.211286,2.209687,2.212786,支持曾遭雷击,1.0
小号铁夹,7,12,0.8567,0.376629,2.274654,2.272466,2.276694,支持曾遭雷击,1.0
小号铁夹,7,13,0.8111,0.368662,2.200119,2.198307,2.201977,支持曾遭雷击,1.0
小号铁夹,7,14,0.7645,0.347624,2.199218,2.196073,2.202694,支持曾遭雷击,1.0
小号铁夹,7,15,0.7187,0.323657,2.220562,2.216642,2.224899,支持曾遭雷击,1.0
小号铁夹,7,22,0.3834,0.192999,1.986542,1.97947,1.994493,支持曾遭雷击,1.0
小号铁夹,7,30,0.2002,0.097795,2.047143,2.040731,2.053886,支持曾遭雷击,1.0
小号铁夹,7,37,0.1241,0.060954,2.035962,2.023681,2.048598,支持曾遭雷击,1.0
小号铁夹,7,44,0.0725,0.034542,2.098885,2.085365,2.112835,支持曾遭雷击,1.0
小号铁夹,7,51,0.042,0.018229,2.304046,2.291524,2.315635,支持曾遭雷击,1.0
小号铁夹,7,58,0.0175,0.008813,1.985682,1.978501,1.99323,支持曾遭雷击,1.0
小号铁夹,7,90,0.0008,0.000389,2.054108,2.027834,2.082223,支持曾遭雷击,1.0
小号铁夹,8,1,2.3186,0.87411,2.652527,2.645203,2.659845,支持曾遭雷击,1.0
小号铁夹,8,2,2.0644,0.803269,2.569998,2.562834,2.57719,支持曾遭雷击,1.0
小号铁夹,8,3,1.8381,0.737632,2.491895,2.484713,2.498992,支持曾遭雷击,1.0
小号铁夹,8,4,1.7342,0.687933,2.520884,2.514301,2.5273,支持曾遭雷击,1.0
小号铁夹,8,5,1.6318,0.638238,2.556726,2.550601,2.562671,支持曾遭雷击,1.0
小号铁夹,8,6,1.5385,0.601659,2.557096,2.552694,2.561392,支持曾遭雷击,1.0
小号铁夹,8,7,1.4511,0.563319,2.575984,2.5727,2.579197,支持曾遭雷击,1.0
小号铁夹,8,8,1.3715,0.53494,2.563839,2.562324,2.565334,支持曾遭雷击,1.0
小号铁夹,8,9,1.2899,0.49754,2.592557,2.591637,2.593518,支持曾遭雷击,1.0
小号铁夹,8,10,1.2107,0.455328,2.65896,2.658092,2.659949,支持曾遭雷击,1.0
小号铁夹,8,11,1.1346,0.412611,2.749808,2.74782,2.751674,支持曾遭雷击,1.0
小号铁夹,8,12,1.0653,0.376629,2.828515,2.825795,2.831052,支持曾遭雷击,1.0
小号铁夹,8,13,1.0086,0.368662,2.735841,2.733587,2.738151,支持曾遭雷击,1.0
小号铁夹,8,14,0.9507,0.347624,2.734855,2.730944,2.739177,支持曾遭雷击,1.0
小号铁夹,8,15,0.8937,0.323657,2.761258,2.756384,2.766651,支持曾遭雷击,1.0
小号铁夹,8,22,0.4768,0.192999,2.470483,2.461689,2.48037,支持曾遭雷击,1.0
小号铁夹,8,30,0.2489,0.097795,2.545124,2.537153,2.553508,支持曾遭雷击,1.0
小号铁夹,8,37,0.1543,0.060954,2.531418,2.516148,2.547129,支持曾遭雷击,1.0
小号铁夹,8,44,0.0902,0.034542,2.611303,2.594481,2.628658,支持曾遭雷击,1.0
小号铁夹,8,51,0.0522,0.018229,2.863601,2.848037,2.878003,支持曾遭雷击,1.0
小号铁夹,8,58,0.0218,0.008813,2.473593,2.464647,2.482995,支持曾遭雷击,1.0
小号铁夹,8,90,0.001,0.000389,2.567635,2.534792,2.602778,支持曾遭雷击,1.0
小号铁夹,9,1,2.4314,0.87411,2.781573,2.773892,2.789246,支持曾遭雷击,1.0
小号铁夹,9,2,2.1649,0.803269,2.695112,2.687599,2.702654,支持曾遭雷击,1.0
小号铁夹,9,3,1.9276,0.737632,2.613229,2.605698,2.620672,支持曾遭雷击,1.0
小号铁夹,9,4,1.8186,0.687933,2.64357,2.636667,2.650298,支持曾遭雷击,1.0
小号铁夹,9,5,1.7112,0.638238,2.681131,2.674708,2.687365,支持曾遭雷击,1.0
小号铁夹,9,6,1.6134,0.601659,2.681585,2.676969,2.68609,支持曾遭雷击,1.0
小号铁夹,9,7,1.5217,0.563319,2.701312,2.697869,2.704682,支持曾遭雷击,1.0
小号铁夹,9,8,1.4383,0.53494,2.688713,2.687124,2.69028,支持曾遭雷击,1.0
小号铁夹,9,9,1.3527,0.49754,2.718778,2.717813,2.719785,支持曾遭雷击,1.0
小号铁夹,9,10,1.2696,0.455328,2.788317,2.787407,2.789354,支持曾遭雷击,1.0
小号铁夹,9,11,1.1898,0.412611,2.88359,2.881505,2.885547,支持曾遭雷击,1.0
小号铁夹,9,12,1.1171,0.376629,2.966051,2.963198,2.968712,支持曾遭雷击,1.0
小号铁夹,9,13,1.0577,0.368662,2.869025,2.866662,2.871448,支持曾遭雷击,1.0
小号铁夹,9,14,0.997,0.347624,2.868045,2.863943,2.872578,支持曾遭雷击,1.0
小号铁夹,9,15,0.9372,0.323657,2.89566,2.890548,2.901315,支持曾遭雷击,1.0
小号铁夹,9,22,0.5,0.192999,2.590691,2.581469,2.60106,支持曾遭雷击,1.0
小号铁夹,9,30,0.261,0.097795,2.668853,2.660494,2.677644,支持曾遭雷击,1.0
小号铁夹,9,37,0.1618,0.060954,2.654461,2.638449,2.670936,支持曾遭雷击,1.0
小号铁夹,9,44,0.0946,0.034542,2.738683,2.721041,2.756885,支持曾遭雷击,1.0
小号铁夹,9,51,0.0548,0.018229,3.006232,2.989894,3.021352,支持曾遭雷击,1.0
小号铁夹,9,58,0.0228,0.008813,2.58706,2.577705,2.596894,支持曾遭雷击,1.0
小号铁夹,9,90,0.0011,0.000389,2.824398,2.788271,2.863056,支持曾遭雷击,1.0
小号铁夹,10,1,1.6433,0.87411,1.87997,1.874779,1.885156,支持曾遭雷击,1.0
小号铁夹,10,2,1.4632,0.803269,1.821556,1.816479,1.826654,支持曾遭雷击,1.0
小号铁夹,10,3,1.3028,0.737632,1.766193,1.761103,1.771224,支持曾遭雷击,1.0
小号铁夹,10,4,1.2291,0.687933,1.786656,1.78199,1.791203,支持曾遭雷击,1.0
小号铁夹,10,5,1.1566,0.638238,1.812176,1.807835,1.81639,支持曾遭雷击,1.0
小号铁夹,10,6,1.0905,0.601659,1.812488,1.809368,1.815533,支持曾遭雷击,1.0
小号铁夹,10,7,1.0285,0.563319,1.825787,1.823459,1.828065,支持曾遭雷击,1.0
小号铁夹,10,8,0.9721,0.53494,1.817213,1.816139,1.818273,支持曾遭雷击,1.0
小号铁夹,10,9,0.9142,0.49754,1.837441,1.836789,1.838122,支持曾遭雷击,1.0
小号铁夹,10,10,0.8581,0.455328,1.884574,1.883959,1.885275,支持曾遭雷击,1.0
小号铁夹,10,11,0.8041,0.412611,1.948811,1.947401,1.950133,支持曾遭雷击,1.0
小号铁夹,10,12,0.755,0.376629,2.004627,2.002699,2.006425,支持曾遭雷击,1.0
小号铁夹,10,13,0.7149,0.368662,1.939176,1.937578,1.940813,支持曾遭雷击,1.0
小号铁夹,10,14,0.6738,0.347624,1.938304,1.935532,1.941367,支持曾遭雷击,1.0
小号铁夹,10,15,0.6334,0.323657,1.957011,1.953556,1.960833,支持曾遭雷击,1.0
小号铁夹,10,22,0.3379,0.192999,1.750789,1.744557,1.757796,支持曾遭雷击,1.0
小号铁夹,10,30,0.1764,0.097795,1.803776,1.798127,1.809718,支持曾遭雷击,1.0
小号铁夹,10,37,0.1093,0.060954,1.793156,1.782339,1.804285,支持曾遭雷击,1.0
小号铁夹,10,44,0.0639,0.034542,1.849914,1.837997,1.862209,支持曾遭雷击,1.0
小号铁夹,10,51,0.037,0.018229,2.029755,2.018724,2.039964,支持曾遭雷击,1.0
小号铁夹,10,58,0.0154,0.008813,1.7474,1.741081,1.754043,支持曾遭雷击,1.0
小号铁夹,10,90,0.0007,0.000389,1.797344,1.774354,1.821945,支持曾遭雷击,1.0
小号铁夹,11,1,2.4533,0.87411,2.806627,2.798877,2.81437,支持曾遭雷击,1.0
小号铁夹,11,2,2.1843,0.803269,2.719263,2.711683,2.726873,支持曾遭雷击,1.0
小号铁夹,11,3,1.9449,0.737632,2.636682,2.629084,2.644193,支持曾遭雷击,1.0
小号铁夹,11,4,1.8349,0.687933,2.667264,2.660299,2.674053,支持曾遭雷击,1.0
小号铁夹,11,5,1.7266,0.638238,2.70526,2.698779,2.71155,支持曾遭雷击,1.0
小号铁夹,11,6,1.6279,0.601659,2.705685,2.701027,2.71023,支持曾遭雷击,1.0
小号铁夹,11,7,1.5353,0.563319,2.725455,2.721981,2.728855,支持曾遭雷击,1.0
小号铁夹,11,8,1.4512,0.53494,2.712828,2.711224,2.714409,支持曾遭雷击,1.0
小号铁夹,11,9,1.3648,0.49754,2.743098,2.742124,2.744114,支持曾遭雷击,1.0
小号铁夹,11,10,1.2811,0.455328,2.813574,2.812655,2.81462,支持曾遭雷击,1.0
小号铁夹,11,11,1.2005,0.412611,2.909523,2.907419,2.911497,支持曾遭雷击,1.0
小号铁夹,11,12,1.1272,0.376629,2.992868,2.989989,2.995552,支持曾遭雷击,1.0
小号铁夹,11,13,1.0672,0.368662,2.894794,2.892409,2.897238,支持曾遭雷击,1.0
小号铁夹,11,14,1.0059,0.347624,2.893648,2.889509,2.89822,支持曾遭雷击,1.0
小号铁夹,11,15,0.9456,0.323657,2.921613,2.916456,2.927319,支持曾遭雷击,1.0
小号铁夹,11,22,0.5045,0.192999,2.614007,2.604702,2.624469,支持曾遭雷击,1.0
小号铁夹,11,30,0.2634,0.097795,2.693394,2.684958,2.702266,支持曾遭雷击,1.0
小号铁夹,11,37,0.1632,0.060954,2.677429,2.661279,2.694047,支持曾遭雷击,1.0
小号铁夹,11,44,0.0954,0.034542,2.761843,2.744052,2.780199,支持曾遭雷击,1.0
小号铁夹,11,51,0.0553,0.018229,3.033661,3.017174,3.048919,支持曾遭雷击,1.0
小号铁夹,11,58,0.023,0.008813,2.609754,2.600316,2.619674,支持曾遭雷击,1.0
小号铁夹,11,90,0.0011,0.000389,2.824398,2.788271,2.863056,支持曾遭雷击,1.0
小号铁夹,12,1,1.8224,0.87411,2.084864,2.079107,2.090616,支持曾遭雷击,1.0
小号铁夹,12,2,1.6227,0.803269,2.02012,2.014489,2.025773,支持曾遭雷击,1.0
小号铁夹,12,3,1.4448,0.737632,1.958702,1.953057,1.964281,支持曾遭雷击,1.0
小号铁夹,12,4,1.3631,0.687933,1.981442,1.976268,1.986485,支持曾遭雷击,1.0
小号铁夹,12,5,1.2826,0.638238,2.009595,2.004781,2.014267,支持曾遭雷击,1.0
小号铁夹,12,6,1.2093,0.601659,2.009942,2.006482,2.013319,支持曾遭雷击,1.0
小号铁夹,12,7,1.1406,0.563319,2.024786,2.022205,2.027312,支持曾遭雷击,1.0
小号铁夹,12,8,1.078,0.53494,2.01518,2.013988,2.016354,支持曾遭雷击,1.0
小号铁夹,12,9,1.0139,0.49754,2.037827,2.037104,2.038582,支持曾遭雷击,1.0
小号铁夹,12,10,0.9516,0.455328,2.08992,2.089238,2.090698,支持曾遭雷击,1.0
小号铁夹,12,11,0.8918,0.412611,2.16136,2.159797,2.162827,支持曾遭雷击,1.0
小号铁夹,12,12,0.8373,0.376629,2.223144,2.221006,2.225138,支持曾遭雷击,1.0
小号铁夹,12,13,0.7928,0.368662,2.15048,2.148709,2.152296,支持曾遭雷击,1.0
小号铁夹,12,14,0.7473,0.347624,2.149739,2.146665,2.153137,支持曾遭雷击,1.0
小号铁夹,12,15,0.7024,0.323657,2.1702,2.166369,2.174438,支持曾遭雷击,1.0
小号铁夹,12,22,0.3748,0.192999,1.941982,1.935069,1.949754,支持曾遭雷击,1.0
小号铁夹,12,30,0.1957,0.097795,2.001128,1.994861,2.00772,支持曾遭雷击,1.0
小号铁夹,12,37,0.1213,0.060954,1.990026,1.978021,2.002377,支持曾遭雷击,1.0
小号铁夹,12,44,0.0709,0.034542,2.052565,2.039343,2.066207,支持曾遭雷击,1.0
小号铁夹,12,51,0.0411,0.018229,2.254674,2.24242,2.266014,支持曾遭雷击,1.0
小号铁夹,12,58,0.0171,0.008813,1.940295,1.933278,1.947671,支持曾遭雷击,1.0
小号铁夹,12,90,0.0008,0.000389,2.054108,2.027834,2.082223,支持曾遭雷击,1.0
小号铁夹,13,1,1.6702,0.87411,1.910744,1.905468,1.916015,支持曾遭雷击,1.0
小号铁夹,13,2,1.4871,0.803269,1.85131,1.846149,1.856491,支持曾遭雷击,1.0
小号铁夹,13,3,1.3241,0.737632,1.79507,1.789896,1.800183,支持曾遭雷击,1.0
小号铁夹,13,4,1.2492,0.687933,1.815874,1.811132,1.820495,支持曾遭雷击,1.0
小号铁夹,13,5,1.1755,0.638238,1.841789,1.837377,1.846071,支持曾遭雷击,1.0
小号铁夹,13,6,1.1083,0.601659,1.842073,1.838902,1.845168,支持曾遭雷击,1.0
小号铁夹,13,7,1.0453,0.563319,1.85561,1.853245,1.857925,支持曾遭雷击,1.0
小号铁夹,13,8,0.988,0.53494,1.846936,1.845845,1.848013,支持曾遭雷击,1.0
小号铁夹,13,9,0.9292,0.49754,1.86759,1.866927,1.868282,支持曾遭雷击,1.0
小号铁夹,13,10,0.8721,0.455328,1.915321,1.914696,1.916033,支持曾遭雷击,1.0
小号铁夹,13,11,0.8173,0.412611,1.980802,1.97937,1.982146,支持曾遭雷击,1.0
小号铁夹,13,12,0.7674,0.376629,2.037551,2.035591,2.039378,支持曾遭雷击,1.0
小号铁夹,13,13,0.7266,0.368662,1.970912,1.969289,1.972576,支持曾遭雷击,1.0
小号铁夹,13,14,0.6848,0.347624,1.969947,1.96713,1.97306,支持曾遭雷击,1.0
小号铁夹,13,15,0.6438,0.323657,1.989144,1.985632,1.993029,支持曾遭雷击,1.0
小号铁夹,13,22,0.3435,0.192999,1.779805,1.773469,1.786928,支持曾遭雷击,1.0
小号铁夹,13,30,0.1793,0.097795,1.83343,1.827688,1.839469,支持曾遭雷击,1.0
小号铁夹,13,37,0.1111,0.060954,1.822686,1.811692,1.833999,支持曾遭雷击,1.0
小号铁夹,13,44,0.065,0.034542,1.881759,1.869637,1.894266,支持曾遭雷击,1.0
小号铁夹,13,51,0.0376,0.018229,2.06267,2.05146,2.073044,支持曾遭雷击,1.0
小号铁夹,13,58,0.0157,0.008813,1.781441,1.774998,1.788212,支持曾遭雷击,1.0
小号铁夹,13,90,0.0007,0.000389,1.797344,1.774354,1.821945,支持曾遭雷击,1.0
小号铁夹,14,1,2.946,0.87411,3.370286,3.36098,3.379584,支持曾遭雷击,1.0
小号铁夹,14,2,2.623,0.803269,3.265406,3.256304,3.274545,支持曾遭雷击,1.0
小号铁夹,14,3,2.3355,0.737632,3.166215,3.15709,3.175234,支持曾遭雷击,1.0
小号铁夹,14,4,2.2034,0.687933,3.202927,3.194563,3.211078,支持曾遭雷击,1.0
小号铁夹,14,5,2.0733,0.638238,3.248474,3.240692,3.256027,支持曾遭雷击,1.0
小号铁夹,14,6,1.9548,0.601659,3.249016,3.243423,3.254474,支持曾遭雷击,1.0
小号铁夹,14,7,1.8437,0.563319,3.272925,3.268752,3.277008,支持曾遭雷击,1.0
小号铁夹,14,8,1.7426,0.53494,3.257562,3.255636,3.259461,支持曾遭雷击,1.0
小号铁夹,14,9,1.6389,0.49754,3.294009,3.29284,3.295229,支持曾遭雷击,1.0
小号铁夹,14,10,1.5383,0.455328,3.378441,3.377338,3.379697,支持曾遭雷击,1.0
小号铁夹,14,11,1.4416,0.412611,3.493851,3.491324,3.496222,支持曾遭雷击,1.0
小号铁夹,14,12,1.3535,0.376629,3.593725,3.590269,3.596948,支持曾遭雷击,1.0
小号铁夹,14,13,1.2816,0.368662,3.476357,3.473493,3.479292,支持曾遭雷击,1.0
小号铁夹,14,14,1.2079,0.347624,3.474736,3.469766,3.480227,支持曾遭雷击,1.0
小号铁夹,14,15,1.1355,0.323657,3.508346,3.502152,3.515198,支持曾遭雷击,1.0
小号铁夹,14,22,0.6058,0.192999,3.138881,3.127708,3.151444,支持曾遭雷击,1.0
小号铁夹,14,30,0.3163,0.097795,3.234322,3.224192,3.244976,支持曾遭雷击,1.0
小号铁夹,14,37,0.196,0.060954,3.21554,3.196144,3.235498,支持曾遭雷击,1.0
小号铁夹,14,44,0.1146,0.034542,3.317686,3.296314,3.339736,支持曾遭雷击,1.0
小号铁夹,14,51,0.0664,0.018229,3.642588,3.622791,3.660908,支持曾遭雷击,1.0
小号铁夹,14,58,0.0277,0.008813,3.143051,3.131685,3.154999,支持曾遭雷击,1.0
小号铁夹,14,90,0.0013,0.000389,3.337925,3.29523,3.383612,支持曾遭雷击,1.0
小号铁夹,15,1,2.9701,0.87411,3.397857,3.388475,3.407231,支持曾遭雷击,1.0
小号铁夹,15,2,2.6446,0.803269,3.292296,3.283119,3.30151,支持曾遭雷击,1.0
小号铁夹,15,3,2.3547,0.737632,3.192244,3.183044,3.201337,支持曾遭雷击,1.0
小号铁夹,15,4,2.2215,0.687933,3.229238,3.220805,3.237456,支持曾遭雷击,1.0
小号铁夹,15,5,2.0903,0.638238,3.27511,3.267264,3.282725,支持曾遭雷击,1.0
小号铁夹,15,6,1.9709,0.601659,3.275776,3.270136,3.281278,支持曾遭雷击,1.0
小号铁夹,15,7,1.8588,0.563319,3.29973,3.295524,3.303847,支持曾遭雷击,1.0
小号铁夹,15,8,1.7569,0.53494,3.284294,3.282353,3.286208,支持曾遭雷击,1.0
小号铁夹,15,9,1.6524,0.49754,3.321142,3.319964,3.322373,支持曾遭雷击,1.0
小号铁夹,15,10,1.551,0.455328,3.406333,3.405221,3.4076,支持曾遭雷击,1.0
小号铁夹,15,11,1.4534,0.412611,3.522449,3.519902,3.52484,支持曾遭雷击,1.0
小号铁夹,15,12,1.3646,0.376629,3.623197,3.619712,3.626447,支持曾遭雷击,1.0
小号铁夹,15,13,1.2921,0.368662,3.504838,3.501951,3.507798,支持曾遭雷击,1.0
小号铁夹,15,14,1.2178,0.347624,3.503215,3.498205,3.508751,支持曾遭雷击,1.0
小号铁夹,15,15,1.1448,0.323657,3.53708,3.530836,3.543988,支持曾遭雷击,1.0
小号铁夹,15,22,0.6108,0.192999,3.164788,3.153523,3.177454,支持曾遭雷击,1.0
小号铁夹,15,30,0.3189,0.097795,3.260909,3.250695,3.27165,支持曾遭雷击,1.0
小号铁夹,15,37,0.1976,0.060954,3.241789,3.222234,3.26191,支持曾遭雷击,1.0
小号铁夹,15,44,0.1155,0.034542,3.343741,3.322202,3.365965,支持曾遭雷击,1.0
小号铁夹,15,51,0.0669,0.018229,3.670017,3.650071,3.688475,支持曾遭雷击,1.0
小号铁夹,15,58,0.0279,0.008813,3.165745,3.154296,3.177778,支持曾遭雷击,1.0
小号铁夹,15,90,0.0013,0.000389,3.337925,3.29523,3.383612,支持曾遭雷击,1.0
小号铁夹,16,1,2.7432,0.87411,3.138279,3.129613,3.146936,支持曾遭雷击,1.0
小号铁夹,16,2,2.4425,0.803269,3.040699,3.032224,3.049209,支持曾遭雷击,1.0
小号铁夹,16,3,2.1747,0.737632,2.94822,2.939723,2.956618,支持曾遭雷击,1.0
小号铁夹,16,4,2.0517,0.687933,2.982411,2.974623,2.990001,支持曾遭雷击,1.0
小号铁夹,16,5,1.9306,0.638238,3.02489,3.017643,3.031923,支持曾遭雷击,1.0
小号铁夹,16,6,1.8203,0.601659,3.025468,3.020259,3.03055,支持曾遭雷击,1.0
小号铁夹,16,7,1.7168,0.563319,3.047653,3.043767,3.051455,支持曾遭雷击,1.0
小号铁夹,16,8,1.6227,0.53494,3.033425,3.031632,3.035193,支持曾遭雷击,1.0
小号铁夹,16,9,1.5261,0.49754,3.067293,3.066205,3.06843,支持曾遭雷击,1.0
小号铁夹,16,10,1.4324,0.455328,3.145861,3.144834,3.147032,支持曾遭雷击,1.0
小号铁夹,16,11,1.3423,0.412611,3.253188,3.250836,3.255396,支持曾遭雷击,1.0
小号铁夹,16,12,1.2604,0.376629,3.346532,3.343313,3.349534,支持曾遭雷击,1.0
小号铁夹,16,13,1.1933,0.368662,3.236842,3.234176,3.239575,支持曾遭雷击,1.0
小号铁夹,16,14,1.1248,0.347624,3.235684,3.231056,3.240798,支持曾遭雷击,1.0
小号铁夹,16,15,1.0573,0.323657,3.266732,3.260965,3.273112,支持曾遭雷击,1.0
小号铁夹,16,22,0.5641,0.192999,2.922818,2.912413,2.934515,支持曾遭雷击,1.0
小号铁夹,16,30,0.2945,0.097795,3.011407,3.001975,3.021326,支持曾遭雷击,1.0
小号铁夹,16,37,0.1825,0.060954,2.994062,2.976001,3.012645,支持曾遭雷击,1.0
小号铁夹,16,44,0.1067,0.034542,3.08898,3.069081,3.10951,支持曾遭雷击,1.0
小号铁夹,16,51,0.0618,0.018229,3.39024,3.371814,3.407291,支持曾遭雷击,1.0
小号铁夹,16,58,0.0258,0.008813,2.927463,2.916876,2.938591,支持曾遭雷击,1.0
小号铁夹,16,90,0.0012,0.000389,3.081161,3.04175,3.123334,支持曾遭雷击,1.0
小号铁夹,17,1,2.016,0.87411,2.306347,2.299978,2.312709,支持曾遭雷击,1.0
小号铁夹,17,2,1.795,0.803269,2.234618,2.22839,2.240872,支持曾遭雷击,1.0
小号铁夹,17,3,1.5982,0.737632,2.166664,2.16042,2.172836,支持曾遭雷击,1.0
小号铁夹,17,4,1.5078,0.687933,2.191782,2.186059,2.19736,支持曾遭雷击,1.0
小号铁夹,17,5,1.4188,0.638238,2.222995,2.217669,2.228163,支持曾遭雷击,1.0
小号铁夹,17,6,1.3377,0.601659,2.223352,2.219525,2.227087,支持曾遭雷击,1.0
小号铁夹,17,7,1.2617,0.563319,2.239762,2.236907,2.242556,支持曾遭雷击,1.0
小号铁夹,17,8,1.1925,0.53494,2.229222,2.227904,2.230522,支持曾遭雷击,1.0
小号铁夹,17,9,1.1216,0.49754,2.254293,2.253493,2.255128,支持曾遭雷击,1.0
小号铁夹,17,10,1.0527,0.455328,2.311958,2.311203,2.312818,支持曾遭雷击,1.0
小号铁夹,17,11,0.9865,0.412611,2.390874,2.389145,2.392497,支持曾遭雷击,1.0
小号铁夹,17,12,0.9263,0.376629,2.459452,2.457086,2.461657,支持曾遭雷击,1.0
小号铁夹,17,13,0.877,0.368662,2.378874,2.376914,2.380883,支持曾遭雷击,1.0
小号铁夹,17,14,0.8266,0.347624,2.37786,2.374459,2.381617,支持曾遭雷击,1.0
小号铁夹,17,15,0.777,0.323657,2.400691,2.396453,2.40538,支持曾遭雷击,1.0
小号铁夹,17,22,0.4146,0.192999,2.148201,2.140554,2.156799,支持曾遭雷击,1.0
小号铁夹,17,30,0.2164,0.097795,2.212796,2.205865,2.220085,支持曾遭雷击,1.0
小号铁夹,17,37,0.1341,0.060954,2.20002,2.186749,2.213675,支持曾遭雷击,1.0
小号铁夹,17,44,0.0784,0.034542,2.269691,2.25507,2.284776,支持曾遭雷击,1.0
小号铁夹,17,51,0.0454,0.018229,2.490565,2.477029,2.503091,支持曾遭雷击,1.0
小号铁夹,17,58,0.0189,0.008813,2.144537,2.136781,2.152689,支持曾遭雷击,1.0
小号铁夹,17,90,0.0009,0.000389,2.310871,2.281313,2.3425,支持曾遭雷击,1.0
小号铁夹,18,1,1.7173,0.87411,1.964627,1.959203,1.970047,支持曾遭雷击,1.0
小号铁夹,18,2,1.529,0.803269,1.903472,1.898166,1.908799,支持曾遭雷击,1.0
小号铁夹,18,3,1.3614,0.737632,1.845637,1.840318,1.850894,支持曾遭雷击,1.0
小号铁夹,18,4,1.2844,0.687933,1.867042,1.862166,1.871793,支持曾遭雷击,1.0
小号铁夹,18,5,1.2086,0.638238,1.893651,1.889114,1.898053,支持曾遭雷击,1.0
小号铁夹,18,6,1.1395,0.601659,1.89393,1.890669,1.897111,支持曾遭雷击,1.0
小号铁夹,18,7,1.0747,0.563319,1.907801,1.905369,1.910181,支持曾遭雷击,1.0
小号铁夹,18,8,1.0158,0.53494,1.898905,1.897782,1.900012,支持曾遭雷击,1.0
小号铁夹,18,9,0.9554,0.49754,1.920249,1.919567,1.92096,支持曾遭雷击,1.0
小号铁夹,18,10,0.8967,0.455328,1.969348,1.968705,1.97008,支持曾遭雷击,1.0
小号铁夹,18,11,0.8403,0.412611,2.036545,2.035072,2.037927,支持曾遭雷击,1.0
小号铁夹,18,12,0.789,0.376629,2.094901,2.092887,2.09678,支持曾遭雷击,1.0
小号铁夹,18,13,0.7471,0.368662,2.026518,2.024849,2.02823,支持曾遭雷击,1.0
小号铁夹,18,14,0.7041,0.347624,2.025467,2.02257,2.028668,支持曾遭雷击,1.0
小号铁夹,18,15,0.6619,0.323657,2.045067,2.041457,2.049061,支持曾遭雷击,1.0
小号铁夹,18,22,0.3532,0.192999,1.830064,1.82355,1.837389,支持曾遭雷击,1.0
小号铁夹,18,30,0.1844,0.097795,1.88558,1.879675,1.891791,支持曾遭雷击,1.0
小号铁夹,18,37,0.1143,0.060954,1.875185,1.863873,1.886823,支持曾遭雷击,1.0
小号铁夹,18,44,0.0668,0.034542,1.933869,1.921412,1.946722,支持曾遭雷击,1.0
小号铁夹,18,51,0.0387,0.018229,2.123014,2.111476,2.133692,支持曾遭雷击,1.0
小号铁夹,18,58,0.0161,0.008813,1.826828,1.820221,1.833772,支持曾遭雷击,1.0
小号铁夹,18,90,0.0007,0.000389,1.797344,1.774354,1.821945,支持曾遭雷击,1.0
小号铁夹,19,1,2.564,0.87411,2.93327,2.92517,2.941362,支持曾遭雷击,1.0
小号铁夹,19,2,2.2829,0.803269,2.842011,2.83409,2.849965,支持曾遭雷击,1.0
小号铁夹,19,3,2.0326,0.737632,2.755576,2.747635,2.763425,支持曾遭雷击,1.0
小号铁夹,19,4,1.9177,0.687933,2.787625,2.780345,2.794719,支持曾遭雷击,1.0
小号铁夹,19,5,1.8045,0.638238,2.827315,2.820542,2.833888,支持曾遭雷击,1.0
小号铁夹,19,6,1.7013,0.601659,2.827681,2.822813,2.832431,支持曾遭雷击,1.0
小号铁夹,19,7,1.6046,0.563319,2.848476,2.844845,2.85203,支持曾遭雷击,1.0
小号铁夹,19,8,1.5167,0.53494,2.835272,2.833596,2.836924,支持曾遭雷击,1.0
小号铁夹,19,9,1.4264,0.49754,2.866907,2.86589,2.867969,支持曾遭雷击,1.0
小号铁夹,19,10,1.3389,0.455328,2.940515,2.939555,2.941609,支持曾遭雷击,1.0
小号铁夹,19,11,1.2546,0.412611,3.040639,3.03844,3.042703,支持曾遭雷击,1.0
小号铁夹,19,12,1.178,0.376629,3.127749,3.124741,3.130554,支持曾遭雷击,1.0
小号铁夹,19,13,1.1154,0.368662,3.025537,3.023045,3.028092,支持曾遭雷击,1.0
小号铁夹,19,14,1.0513,0.347624,3.024249,3.019923,3.029028,支持曾遭雷击,1.0
小号铁夹,19,15,0.9882,0.323657,3.053234,3.047844,3.059197,支持曾遭雷击,1.0
小号铁夹,19,22,0.5273,0.192999,2.732143,2.722417,2.743077,支持曾遭雷击,1.0
小号铁夹,19,30,0.2753,0.097795,2.815077,2.80626,2.82435,支持曾遭雷击,1.0
小号铁夹,19,37,0.1706,0.060954,2.798832,2.781949,2.816204,支持曾遭雷击,1.0
小号铁夹,19,44,0.0997,0.034542,2.886329,2.867736,2.905512,支持曾遭雷击,1.0
小号铁夹,19,51,0.0578,0.018229,3.170807,3.153574,3.186754,支持曾遭雷击,1.0
小号铁夹,19,58,0.0241,0.008813,2.734568,2.724679,2.744963,支持曾遭雷击,1.0
小号铁夹,19,90,0.0011,0.000389,2.824398,2.788271,2.863056,支持曾遭雷击,1.0
小号铁夹,20,1,2.2116,0.87411,2.530117,2.523131,2.537097,支持曾遭雷击,1.0
小号铁夹,20,2,1.9692,0.803269,2.451482,2.444649,2.458343,支持曾遭雷击,1.0
小号铁夹,20,3,1.7533,0.737632,2.376932,2.370082,2.383702,支持曾遭雷击,1.0
小号铁夹,20,4,1.6542,0.687933,2.404594,2.398314,2.410713,支持曾遭雷击,1.0
小号铁夹,20,5,1.5565,0.638238,2.438745,2.432903,2.444415,支持曾遭雷击,1.0
小号铁夹,20,6,1.4676,0.601659,2.439255,2.435056,2.443353,支持曾遭雷击,1.0
小号铁夹,20,7,1.3841,0.563319,2.457046,2.453913,2.460111,支持曾遭雷击,1.0
小号铁夹,20,8,1.3083,0.53494,2.445695,2.444249,2.447121,支持曾遭雷击,1.0
小号铁夹,20,9,1.2304,0.49754,2.472969,2.472091,2.473885,支持曾遭雷击,1.0
小号铁夹,20,10,1.1549,0.455328,2.536411,2.535583,2.537355,支持曾遭雷击,1.0
小号铁夹,20,11,1.0822,0.412611,2.622812,2.620915,2.624592,支持曾遭雷击,1.0
小号铁夹,20,12,1.0161,0.376629,2.697883,2.695288,2.700302,支持曾遭雷击,1.0
小号铁夹,20,13,0.9621,0.368662,2.609709,2.607559,2.611912,支持曾遭雷击,1.0
小号铁夹,20,14,0.9068,0.347624,2.608569,2.604838,2.612691,支持曾遭雷击,1.0
小号铁夹,20,15,0.8524,0.323657,2.633654,2.629005,2.638797,支持曾遭雷击,1.0
小号铁夹,20,22,0.4548,0.192999,2.356493,2.348104,2.365924,支持曾遭雷击,1.0
小号铁夹,20,30,0.2374,0.097795,2.427531,2.419928,2.435527,支持曾遭雷击,1.0
小号铁夹,20,37,0.1472,0.060954,2.414936,2.400369,2.429925,支持曾遭雷击,1.0
小号铁夹,20,44,0.086,0.034542,2.489712,2.473674,2.506259,支持曾遭雷击,1.0
小号铁夹,20,51,0.0498,0.018229,2.731941,2.717093,2.745681,支持曾遭雷击,1.0
小号铁夹,20,58,0.0208,0.008813,2.360125,2.35159,2.369096,支持曾遭雷击,1.0
小号铁夹,20,90,0.001,0.000389,2.567635,2.534792,2.602778,支持曾遭雷击,1.0
普通钢筋,1,1,2.1603,0.879701,2.455721,2.448632,2.462971,支持曾遭雷击,1.0
普通钢筋,1,2,1.9766,0.8242,2.398203,2.391056,2.405291,支持曾遭雷击,1.0
普通钢筋,1,3,1.8085,0.771639,2.343714,2.336536,2.350688,支持曾遭雷击,1.0
普通钢筋,1,4,1.7291,0.733709,2.356658,2.350349,2.362531,支持曾遭雷击,1.0
普通钢筋,1,5,1.6499,0.694005,2.37736,2.371546,2.382791,支持曾遭雷击,1.0
普通钢筋,1,6,1.5768,0.667011,2.363978,2.359831,2.368043,支持曾遭雷击,1.0
普通钢筋,1,7,1.5072,0.636707,2.367179,2.364201,2.370087,支持曾遭雷击,1.0
普通钢筋,1,8,1.4431,0.616443,2.34101,2.340145,2.341957,支持曾遭雷击,1.0
普通钢筋,1,9,1.3765,0.584546,2.354819,2.354179,2.355424,支持曾遭雷击,1.0
普通钢筋,1,10,1.3109,0.545404,2.403539,2.402694,2.40444,支持曾遭雷击,1.0
普通钢筋,1,11,1.2469,0.503891,2.474541,2.472886,2.476046,支持曾遭雷击,1.0
普通钢筋,1,12,1.1879,0.468935,2.533187,2.530771,2.535358,支持曾遭雷击,1.0
普通钢筋,1,13,1.1389,0.467983,2.433635,2.431669,2.435716,支持曾遭雷击,1.0
普通钢筋,1,14,1.0881,0.449898,2.418549,2.41506,2.422329,支持曾遭雷击,1.0
普通钢筋,1,15,1.0375,0.427063,2.429382,2.425213,2.434032,支持曾遭雷击,1.0
普通钢筋,1,22,0.641,0.291596,2.198249,2.190894,2.206508,支持曾遭雷击,1.0
普通钢筋,1,30,0.3892,0.17249,2.256359,2.248559,2.263212,支持曾遭雷击,1.0
普通钢筋,1,37,0.2693,0.123103,2.187592,2.174272,2.201643,支持曾遭雷击,1.0
普通钢筋,1,44,0.1783,0.07988,2.232106,2.217131,2.247309,支持曾遭雷击,1.0
普通钢筋,1,51,0.1172,0.048269,2.428081,2.415116,2.439824,支持曾遭雷击,1.0
普通钢筋,1,58,0.0601,0.026721,2.249161,2.244703,2.253683,支持曾遭雷击,1.0
普通钢筋,1,90,0.0057,0.002193,2.598929,2.570706,2.632227,支持曾遭雷击,1.0
普通钢筋,2,1,3.4999,0.879701,3.978512,3.967026,3.990257,支持曾遭雷击,1.0
普通钢筋,2,2,3.2023,0.8242,3.885341,3.873762,3.896825,支持曾遭雷击,1.0
普通钢筋,2,3,2.9299,0.771639,3.796984,3.785356,3.808283,支持曾遭雷击,1.0
普通钢筋,2,4,2.8014,0.733709,3.818137,3.807916,3.827653,支持曾遭雷击,1.0
普通钢筋,2,5,2.6731,0.694005,3.851701,3.842281,3.860499,支持曾遭雷击,1.0
普通钢筋,2,6,2.5545,0.667011,3.82977,3.823051,3.836356,支持曾遭雷击,1.0
普通钢筋,2,7,2.4418,0.636707,3.835044,3.830219,3.839755,支持曾遭雷击,1.0
普通钢筋,2,8,2.338,0.616443,3.792724,3.791324,3.794259,支持曾遭雷击,1.0
普通钢筋,2,9,2.2301,0.584546,3.815097,3.81406,3.816078,支持曾遭雷击,1.0
普通钢筋,2,10,2.1238,0.545404,3.893993,3.892624,3.895453,支持曾遭雷击,1.0
普通钢筋,2,11,2.0202,0.503891,4.009197,4.006515,4.011635,支持曾遭雷击,1.0
普通钢筋,2,12,1.9245,0.468935,4.10398,4.100066,4.107497,支持曾遭雷击,1.0
普通钢筋,2,13,1.8451,0.467983,3.942664,3.939479,3.946035,支持曾遭雷击,1.0
普通钢筋,2,14,1.7628,0.449898,3.918223,3.91257,3.924346,支持曾遭雷击,1.0
普通钢筋,2,15,1.6808,0.427063,3.935717,3.928962,3.943249,支持曾遭雷击,1.0
普通钢筋,2,22,1.0385,0.291596,3.561438,3.549522,3.574818,支持曾遭雷击,1.0
普通钢筋,2,30,0.6305,0.17249,3.655279,3.642643,3.66638,支持曾遭雷击,1.0
普通钢筋,2,37,0.4364,0.123103,3.544987,3.523402,3.567756,支持曾遭雷击,1.0
普通钢筋,2,44,0.2889,0.07988,3.616688,3.592424,3.641322,支持曾遭雷击,1.0
普通钢筋,2,51,0.1899,0.048269,3.934237,3.91323,3.953265,支持曾遭雷击,1.0
普通钢筋,2,58,0.0973,0.026721,3.64132,3.634103,3.648642,支持曾遭雷击,1.0
普通钢筋,2,90,0.0093,0.002193,4.240358,4.19431,4.294687,支持曾遭雷击,1.0
普通钢筋,3,1,1.8456,0.879701,2.097986,2.091929,2.104179,支持曾遭雷击,1.0
普通钢筋,3,2,1.6887,0.8242,2.048895,2.042789,2.054951,支持曾遭雷击,1.0
普通钢筋,3,3,1.545,0.771639,2.002232,1.9961,2.00819,支持曾遭雷击,1.0
普通钢筋,3,4,1.4773,0.733709,2.01347,2.00808,2.018488,支持曾遭雷击,1.0
普通钢筋,3,5,1.4096,0.694005,2.031109,2.026142,2.035749,支持曾遭雷击,1.0
普通钢筋,3,6,1.3471,0.667011,2.019606,2.016063,2.023079,支持曾遭雷击,1.0
普通钢筋,3,7,1.2877,0.636707,2.022437,2.019892,2.024921,支持曾遭雷击,1.0
普通钢筋,3,8,1.2329,0.616443,2.000021,1.999283,2.000831,支持曾遭雷击,1.0
普通钢筋,3,9,1.176,0.584546,2.011818,2.011271,2.012335,支持曾遭雷击,1.0
普通钢筋,3,10,1.12,0.545404,2.053523,2.052801,2.054293,支持曾遭雷击,1.0
普通钢筋,3,11,1.0653,0.503891,2.114146,2.112732,2.115432,支持曾遭雷击,1.0
普通钢筋,3,12,1.0148,0.468935,2.164053,2.161989,2.165907,支持曾遭雷击,1.0
普通钢筋,3,13,0.973,0.467983,2.079135,2.077455,2.080913,支持曾遭雷击,1.0
普通钢筋,3,14,0.9296,0.449898,2.066247,2.063266,2.069476,支持曾遭雷击,1.0
普通钢筋,3,15,0.8863,0.427063,2.075337,2.071775,2.079308,支持曾遭雷击,1.0
普通钢筋,3,22,0.5476,0.291596,1.877943,1.871659,1.884998,支持曾遭雷击,1.0
普通钢筋,3,30,0.3325,0.17249,1.927645,1.920981,1.9335,支持曾遭雷击,1.0
普通钢筋,3,37,0.2301,0.123103,1.86916,1.857779,1.881166,支持曾遭雷击,1.0
普通钢筋,3,44,0.1523,0.07988,1.906617,1.893825,1.919603,支持曾遭雷击,1.0
普通钢筋,3,51,0.1001,0.048269,2.073813,2.06274,2.083843,支持曾遭雷击,1.0
普通钢筋,3,58,0.0513,0.026721,1.919833,1.916027,1.923693,支持曾遭雷击,1.0
普通钢筋,3,90,0.0049,0.002193,2.234167,2.209905,2.262792,支持曾遭雷击,1.0
普通钢筋,4,1,4.9868,0.879701,5.668746,5.65238,5.68548,支持曾遭雷击,1.0
普通钢筋,4,2,4.5627,0.8242,5.535911,5.519412,5.552273,支持曾遭雷击,1.0
普通钢筋,4,3,4.1746,0.771639,5.410045,5.393476,5.426143,支持曾遭雷击,1.0
普通钢筋,4,4,3.9914,0.733709,5.440035,5.425472,5.453593,支持曾遭雷击,1.0
普通钢筋,4,5,3.8086,0.694005,5.487856,5.474434,5.500392,支持曾遭雷击,1.0
普通钢筋,4,6,3.6397,0.667011,5.456729,5.447156,5.466112,支持曾遭雷击,1.0
普通钢筋,4,7,3.4792,0.636707,5.464364,5.457489,5.471077,支持曾遭雷击,1.0
普通钢筋,4,8,3.3312,0.616443,5.403902,5.401906,5.406089,支持曾遭雷击,1.0
普通钢筋,4,9,3.1774,0.584546,5.435671,5.434194,5.437069,支持曾遭雷击,1.0
普通钢筋,4,10,3.0261,0.545404,5.548362,5.546412,5.550443,支持曾遭雷击,1.0
普通钢筋,4,11,2.8784,0.503891,5.712342,5.70852,5.715815,支持曾遭雷击,1.0
普通钢筋,4,12,2.742,0.468935,5.847292,5.841715,5.852303,支持曾遭雷击,1.0
普通钢筋,4,13,2.6289,0.467983,5.617511,5.612972,5.622314,支持曾遭雷击,1.0
普通钢筋,4,14,2.5117,0.449898,5.582823,5.574768,5.591547,支持曾遭雷击,1.0
普通钢筋,4,15,2.3948,0.427063,5.6076,5.597977,5.618332,支持曾遭雷击,1.0
普通钢筋,4,22,1.4797,0.291596,5.074492,5.057514,5.093556,支持曾遭雷击,1.0
普通钢筋,4,30,0.8983,0.17249,5.20783,5.189827,5.223647,支持曾遭雷击,1.0
普通钢筋,4,37,0.6217,0.123103,5.050226,5.019476,5.082663,支持曾遭雷击,1.0
普通钢筋,4,44,0.4116,0.07988,5.152747,5.118178,5.187844,支持曾遭雷击,1.0
普通钢筋,4,51,0.2706,0.048269,5.606132,5.576198,5.633246,支持曾遭雷击,1.0
普通钢筋,4,58,0.1387,0.026721,5.190659,5.18037,5.201096,支持曾遭雷击,1.0
普通钢筋,4,90,0.0132,0.002193,6.018573,5.953214,6.095684,支持曾遭雷击,1.0
普通钢筋,5,1,2.6512,0.879701,3.013752,3.005051,3.022649,支持曾遭雷击,1.0
普通钢筋,5,2,2.4258,0.8242,2.943216,2.934445,2.951915,支持曾遭雷击,1.0
普通钢筋,5,3,2.2194,0.771639,2.876217,2.867408,2.884775,支持曾遭雷击,1.0
普通钢筋,5,4,2.1221,0.733709,2.892293,2.88455,2.899501,支持曾遭雷击,1.0
普通钢筋,5,5,2.0249,0.694005,2.917702,2.910566,2.924367,支持曾遭雷击,1.0
普通钢筋,5,6,1.9351,0.667011,2.90115,2.89606,2.906139,支持曾遭雷击,1.0
普通钢筋,5,7,1.8497,0.636707,2.905103,2.901448,2.908672,支持曾遭雷击,1.0
普通钢筋,5,8,1.7711,0.616443,2.873094,2.872033,2.874257,支持曾遭雷击,1.0
普通钢筋,5,9,1.6893,0.584546,2.889935,2.889149,2.890678,支持曾遭雷击,1.0
普通钢筋,5,10,1.6088,0.545404,2.949739,2.948702,2.950845,支持曾遭雷击,1.0
普通钢筋,5,11,1.5303,0.503891,3.036964,3.034932,3.038811,支持曾遭雷击,1.0
普通钢筋,5,12,1.4578,0.468935,3.108746,3.105781,3.11141,支持曾遭雷击,1.0
普通钢筋,5,13,1.3977,0.467983,2.986646,2.984234,2.9892,支持曾遭雷击,1.0
普通钢筋,5,14,1.3354,0.449898,2.968229,2.963947,2.972868,支持曾遭雷击,1.0
普通钢筋,5,15,1.2732,0.427063,2.981291,2.976175,2.986997,支持曾遭雷击,1.0
普通钢筋,5,22,0.7867,0.291596,2.697914,2.688887,2.708049,支持曾遭雷击,1.0
普通钢筋,5,30,0.4776,0.17249,2.768852,2.75928,2.777261,支持曾遭雷击,1.0
普通钢筋,5,37,0.3305,0.123103,2.684735,2.668388,2.701979,支持曾遭雷击,1.0
普通钢筋,5,44,0.2188,0.07988,2.739118,2.720742,2.757775,支持曾遭雷击,1.0
普通钢筋,5,51,0.1439,0.048269,2.981236,2.965317,2.995655,支持曾遭雷击,1.0
普通钢筋,5,58,0.0737,0.026721,2.758122,2.752655,2.763668,支持曾遭雷击,1.0
普通钢筋,5,90,0.007,0.002193,3.191667,3.157007,3.23256,支持曾遭雷击,1.0
普通钢筋,6,1,4.1007,0.879701,4.661471,4.648014,4.675232,支持曾遭雷击,1.0
普通钢筋,6,2,3.752,0.8242,4.552291,4.538724,4.565746,支持曾遭雷击,1.0
普通钢筋,6,3,3.4329,0.771639,4.448844,4.435219,4.462082,支持曾遭雷击,1.0
普通钢筋,6,4,3.2823,0.733709,4.473575,4.461599,4.484724,支持曾遭雷击,1.0
普通钢筋,6,5,3.1319,0.694005,4.512791,4.501754,4.5231,支持曾遭雷击,1.0
普通钢筋,6,6,2.993,0.667011,4.48718,4.479308,4.494896,支持曾遭雷击,1.0
普通钢筋,6,7,2.861,0.636707,4.493431,4.487778,4.498951,支持曾遭雷击,1.0
普通钢筋,6,8,2.7393,0.616443,4.443717,4.442076,4.445515,支持曾遭雷击,1.0
普通钢筋,6,9,2.6129,0.584546,4.469965,4.468749,4.471114,支持曾遭雷击,1.0
普通钢筋,6,10,2.4884,0.545404,4.562488,4.560884,4.564199,支持曾遭雷击,1.0
普通钢筋,6,11,2.367,0.503891,4.697441,4.694298,4.700297,支持曾遭雷击,1.0
普通钢筋,6,12,2.2548,0.468935,4.808342,4.803756,4.812463,支持曾遭雷击,1.0
普通钢筋,6,13,2.1618,0.467983,4.619398,4.615666,4.623347,支持曾遭雷击,1.0
普通钢筋,6,14,2.0654,0.449898,4.59082,4.584196,4.597994,支持曾遭雷击,1.0
普通钢筋,6,15,1.9693,0.427063,4.611261,4.603347,4.620086,支持曾遭雷击,1.0
普通钢筋,6,22,1.2168,0.291596,4.172901,4.158939,4.188578,支持曾遭雷击,1.0
普通钢筋,6,30,0.7387,0.17249,4.28256,4.267756,4.295567,支持曾遭雷击,1.0
普通钢筋,6,37,0.5113,0.123103,4.153419,4.128129,4.180096,支持曾遭雷击,1.0
普通钢筋,6,44,0.3385,0.07988,4.237622,4.209192,4.266485,支持曾遭雷击,1.0
普通钢筋,6,51,0.2225,0.048269,4.609624,4.585011,4.631919,支持曾遭雷击,1.0
普通钢筋,6,58,0.114,0.026721,4.266295,4.257839,4.274874,支持曾遭雷击,1.0
普通钢筋,6,90,0.0108,0.002193,4.924287,4.870811,4.987378,支持曾遭雷击,1.0
普通钢筋,7,1,2.8413,0.879701,3.229848,3.220524,3.239383,支持曾遭雷击,1.0
普通钢筋,7,2,2.5996,0.8242,3.154087,3.144687,3.163409,支持曾遭雷击,1.0
普通钢筋,7,3,2.3785,0.771639,3.082401,3.072961,3.091573,支持曾遭雷击,1.0
普通钢筋,7,4,2.2742,0.733709,3.099596,3.091298,3.107321,支持曾遭雷击,1.0
普通钢筋,7,5,2.17,0.694005,3.126778,3.119131,3.133921,支持曾遭雷击,1.0
普通钢筋,7,6,2.0738,0.667011,3.109093,3.103638,3.114439,支持曾遭雷击,1.0
普通钢筋,7,7,1.9823,0.636707,3.113362,3.109445,3.117187,支持曾遭雷击,1.0
普通钢筋,7,8,1.898,0.616443,3.078952,3.077815,3.080198,支持曾遭雷击,1.0
普通钢筋,7,9,1.8104,0.584546,3.097104,3.096262,3.097901,支持曾遭雷击,1.0
普通钢筋,7,10,1.7241,0.545404,3.161142,3.160031,3.162328,支持曾遭雷击,1.0
普通钢筋,7,11,1.64,0.503891,3.25467,3.252492,3.256649,支持曾遭雷击,1.0
普通钢筋,7,12,1.5623,0.468935,3.331592,3.328414,3.334447,支持曾遭雷击,1.0
普通钢筋,7,13,1.4978,0.467983,3.200543,3.197957,3.203279,支持曾遭雷击,1.0
普通钢筋,7,14,1.4311,0.449898,3.180944,3.176355,3.185915,支持曾遭雷击,1.0
普通钢筋,7,15,1.3645,0.427063,3.195077,3.189594,3.201192,支持曾遭雷击,1.0
普通钢筋,7,22,0.8431,0.291596,2.891332,2.881658,2.902194,支持曾遭雷击,1.0
普通钢筋,7,30,0.5118,0.17249,2.967124,2.956867,2.976136,支持曾遭雷击,1.0
普通钢筋,7,37,0.3542,0.123103,2.877256,2.859737,2.895736,支持曾遭雷击,1.0
普通钢筋,7,44,0.2345,0.07988,2.935664,2.915969,2.955659,支持曾遭雷击,1.0
普通钢筋,7,51,0.1542,0.048269,3.194625,3.177567,3.210076,支持曾遭雷击,1.0
普通钢筋,7,58,0.079,0.026721,2.956468,2.950607,2.962412,支持曾遭雷击,1.0
普通钢筋,7,90,0.0075,0.002193,3.419644,3.382508,3.463457,支持曾遭雷击,1.0
普通钢筋,8,1,3.5893,0.879701,4.080137,4.068358,4.092182,支持曾遭雷击,1.0
普通钢筋,8,2,3.284,0.8242,3.984468,3.972593,3.996244,支持曾遭雷击,1.0
普通钢筋,8,3,3.0047,0.771639,3.893921,3.881996,3.905508,支持曾遭雷击,1.0
普通钢筋,8,4,2.8729,0.733709,3.915588,3.905106,3.925346,支持曾遭雷击,1.0
普通钢筋,8,5,2.7413,0.694005,3.949971,3.940311,3.958994,支持曾遭雷击,1.0
普通钢筋,8,6,2.6197,0.667011,3.92752,3.920629,3.934273,支持曾遭雷击,1.0
普通钢筋,8,7,2.5042,0.636707,3.933048,3.9281,3.93788,支持曾遭雷击,1.0
普通钢筋,8,8,2.3977,0.616443,3.88957,3.888134,3.891144,支持曾遭雷击,1.0
普通钢筋,8,9,2.287,0.584546,3.912438,3.911374,3.913444,支持曾遭雷击,1.0
普通钢筋,8,10,2.1781,0.545404,3.993552,3.992148,3.99505,支持曾遭雷击,1.0
普通钢筋,8,11,2.0718,0.503891,4.1116,4.108849,4.1141,支持曾遭雷击,1.0
普通钢筋,8,12,1.9736,0.468935,4.208686,4.204672,4.212292,支持曾遭雷击,1.0
普通钢筋,8,13,1.8922,0.467983,4.043308,4.040042,4.046765,支持曾遭雷击,1.0
普通钢筋,8,14,1.8078,0.449898,4.018246,4.012448,4.024525,支持曾遭雷击,1.0
普通钢筋,8,15,1.7237,0.427063,4.03617,4.029244,4.043895,支持曾遭雷击,1.0
普通钢筋,8,22,1.065,0.291596,3.652318,3.640097,3.666038,支持曾遭雷击,1.0
普通钢筋,8,30,0.6466,0.17249,3.748617,3.735659,3.760002,支持曾遭雷击,1.0
普通钢筋,8,37,0.4475,0.123103,3.635155,3.613021,3.658504,支持曾遭雷击,1.0
普通钢筋,8,44,0.2962,0.07988,3.708075,3.683198,3.733332,支持曾遭雷击,1.0
普通钢筋,8,51,0.1948,0.048269,4.035752,4.014203,4.055271,支持曾遭雷击,1.0
普通钢筋,8,58,0.0998,0.026721,3.734879,3.727476,3.742389,支持曾遭雷击,1.0
普通钢筋,8,90,0.0095,0.002193,4.331549,4.28451,4.387046,支持曾遭雷击,1.0
普通钢筋,9,1,3.685,0.879701,4.188924,4.176831,4.20129,支持曾遭雷击,1.0
普通钢筋,9,2,3.3716,0.8242,4.090752,4.078561,4.102843,支持曾遭雷击,1.0
普通钢筋,9,3,3.0848,0.771639,3.997726,3.985483,4.009622,支持曾遭雷击,1.0
普通钢筋,9,4,2.9495,0.733709,4.019989,4.009227,4.030008,支持曾遭雷击,1.0
普通钢筋,9,5,2.8144,0.694005,4.055301,4.045384,4.064565,支持曾遭雷击,1.0
普通钢筋,9,6,2.6896,0.667011,4.032315,4.025241,4.039249,支持曾遭雷击,1.0
普通钢筋,9,7,2.5709,0.636707,4.037806,4.032726,4.042766,支持曾遭雷击,1.0
普通钢筋,9,8,2.4616,0.616443,3.993229,3.991755,3.994845,支持曾遭雷击,1.0
普通钢筋,9,9,2.3479,0.584546,4.016621,4.015529,4.017654,支持曾遭雷击,1.0
普通钢筋,9,10,2.2361,0.545404,4.099895,4.098454,4.101433,支持曾遭雷击,1.0
普通钢筋,9,11,2.127,0.503891,4.221148,4.218324,4.223714,支持曾遭雷击,1.0
普通钢筋,9,12,2.0262,0.468935,4.320855,4.316734,4.324557,支持曾遭雷击,1.0
普通钢筋,9,13,1.9426,0.467983,4.151005,4.147651,4.154554,支持曾遭雷击,1.0
普通钢筋,9,14,1.856,0.449898,4.125381,4.119429,4.131828,支持曾遭雷击,1.0
普通钢筋,9,15,1.7697,0.427063,4.143882,4.136771,4.151813,支持曾遭雷击,1.0
普通钢筋,9,22,1.0934,0.291596,3.749713,3.737167,3.763799,支持曾遭雷击,1.0
普通钢筋,9,30,0.6638,0.17249,3.848333,3.83503,3.860021,支持曾遭雷击,1.0
普通钢筋,9,37,0.4594,0.123103,3.731822,3.709099,3.755791,支持曾遭雷击,1.0
普通钢筋,9,44,0.3041,0.07988,3.806974,3.781433,3.832904,支持曾遭雷击,1.0
普通钢筋,9,51,0.2,0.048269,4.143483,4.121359,4.163523,支持曾遭雷击,1.0
普通钢筋,9,58,0.1025,0.026721,3.835923,3.82832,3.843636,支持曾遭雷击,1.0
普通钢筋,9,90,0.0097,0.002193,4.422739,4.37471,4.479404,支持曾遭雷击,1.0
普通钢筋,10,1,2.3858,0.879701,2.712059,2.704229,2.720065,支持曾遭雷击,1.0
普通钢筋,10,2,2.1829,0.8242,2.648506,2.640613,2.656334,支持曾遭雷击,1.0
普通钢筋,10,3,1.9973,0.771639,2.588388,2.580461,2.59609,支持曾遭雷击,1.0
普通钢筋,10,4,1.9096,0.733709,2.602668,2.595701,2.609155,支持曾遭雷击,1.0
普通钢筋,10,5,1.8222,0.694005,2.625629,2.619208,2.631627,支持曾遭雷击,1.0
普通钢筋,10,6,1.7414,0.667011,2.61075,2.60617,2.61524,支持曾遭雷击,1.0
普通钢筋,10,7,1.6646,0.636707,2.614389,2.611099,2.6176,支持曾遭雷击,1.0
普通钢筋,10,8,1.5938,0.616443,2.585476,2.584522,2.586523,支持曾遭雷击,1.0
普通钢筋,10,9,1.5202,0.584546,2.600651,2.599944,2.601319,支持曾遭雷击,1.0
普通钢筋,10,10,1.4478,0.545404,2.654545,2.653612,2.655541,支持曾遭雷击,1.0
普通钢筋,10,11,1.3771,0.503891,2.73293,2.731102,2.734592,支持曾遭雷击,1.0
普通钢筋,10,12,1.3119,0.468935,2.797616,2.794948,2.800013,支持曾遭雷击,1.0
普通钢筋,10,13,1.2578,0.467983,2.687704,2.685533,2.690002,支持曾遭雷击,1.0
普通钢筋,10,14,1.2017,0.449898,2.671051,2.667197,2.675225,支持曾遭雷击,1.0
普通钢筋,10,15,1.1458,0.427063,2.682975,2.67837,2.68811,支持曾遭雷击,1.0
普通钢筋,10,22,0.7079,0.291596,2.427677,2.419554,2.436797,支持曾遭雷击,1.0
普通钢筋,10,30,0.4298,0.17249,2.491735,2.483121,2.499303,支持曾遭雷击,1.0
普通钢筋,10,37,0.2975,0.123103,2.416667,2.401953,2.43219,支持曾遭雷击,1.0
普通钢筋,10,44,0.1969,0.07988,2.464956,2.448419,2.481745,支持曾遭雷击,1.0
普通钢筋,10,51,0.1295,0.048269,2.682905,2.66858,2.695881,支持曾遭雷击,1.0
普通钢筋,10,58,0.0663,0.026721,2.481187,2.476269,2.486176,支持曾遭雷击,1.0
普通钢筋,10,90,0.0063,0.002193,2.872501,2.841307,2.909304,支持曾遭雷击,1.0
锈蚀钢筋,1,1,4.8101,0.871267,5.520809,5.496127,5.540659,支持曾遭雷击,1.0
锈蚀钢筋,1,2,4.2192,0.792209,5.32587,5.302568,5.344655,支持曾遭雷击,1.0
锈蚀钢筋,1,3,3.7009,0.719798,5.141578,5.119343,5.159383,支持曾遭雷击,1.0
锈蚀钢筋,1,4,3.4663,0.664218,5.218616,5.198337,5.235099,支持曾遭雷击,1.0
锈蚀钢筋,1,5,3.237,0.609734,5.308875,5.290141,5.324138,支持曾遭雷击,1.0
锈蚀钢筋,1,6,3.0296,0.568723,5.32702,5.312299,5.338484,支持曾遭雷击,1.0
锈蚀钢筋,1,7,2.8366,0.526863,5.383941,5.371382,5.392679,支持曾遭雷击,1.0
锈蚀钢筋,1,8,2.6624,0.495041,5.378136,5.368835,5.384614,支持曾遭雷击,1.0
锈蚀钢筋,1,9,2.4848,0.455572,5.454239,5.447682,5.459064,支持曾遭雷击,1.0
锈蚀钢筋,1,10,2.3139,0.412522,5.609153,5.603812,5.612747,支持曾遭雷击,1.0
锈蚀钢筋,1,11,2.1508,0.369876,5.814923,5.8086,5.819608,支持曾遭雷击,1.0
锈蚀钢筋,1,12,2.0036,0.334058,5.997759,5.990727,6.003589,支持曾遭雷击,1.0
锈蚀钢筋,1,13,1.8842,0.323541,5.823676,5.818788,5.82833,支持曾遭雷击,1.0
锈蚀钢筋,1,14,1.7629,0.301859,5.840148,5.831624,5.849476,支持曾遭雷击,1.0
锈蚀钢筋,1,15,1.6444,0.278082,5.91337,5.902823,5.92587,支持曾遭雷击,1.0
锈蚀钢筋,1,22,0.8094,0.153955,5.257388,5.23658,5.28337,支持曾遭雷击,1.0
锈蚀钢筋,1,30,0.389,0.071664,5.428137,5.405916,5.458797,支持曾遭雷击,1.0
锈蚀钢筋,1,37,0.227,0.04147,5.47381,5.432434,5.525198,支持曾遭雷击,1.0
锈蚀钢筋,1,44,0.124,0.021819,5.683125,5.635631,5.745224,支持曾遭雷击,1.0
锈蚀钢筋,1,51,0.067,0.01069,6.2673,6.217827,6.345957,支持曾遭雷击,1.0
锈蚀钢筋,1,58,0.0249,0.004799,5.189,5.143166,5.253948,支持曾遭雷击,1.0
锈蚀钢筋,1,90,0.0008,0.000151,5.297357,5.162963,5.4385,支持曾遭雷击,1.0
锈蚀钢筋,2,1,4.2406,0.871267,4.867163,4.845404,4.884663,支持曾遭雷击,1.0
锈蚀钢筋,2,2,3.7196,0.792209,4.695228,4.674685,4.711789,支持曾遭雷击,1.0
锈蚀钢筋,2,3,3.2626,0.719798,4.532657,4.513056,4.548354,支持曾遭雷击,1.0
锈蚀钢筋,2,4,3.0559,0.664218,4.600747,4.582868,4.615278,支持曾遭雷击,1.0
锈蚀钢筋,2,5,2.8537,0.609734,4.68024,4.663724,4.693696,支持曾遭雷击,1.0
锈蚀钢筋,2,6,2.6709,0.568723,4.696309,4.683331,4.706416,支持曾遭雷击,1.0
锈蚀钢筋,2,7,2.5007,0.526863,4.746394,4.735322,4.754097,支持曾遭雷击,1.0
锈蚀钢筋,2,8,2.3471,0.495041,4.741219,4.73302,4.74693,支持曾遭雷击,1.0
锈蚀钢筋,2,9,2.1906,0.455572,4.808458,4.802677,4.812711,支持曾遭雷击,1.0
锈蚀钢筋,2,10,2.0399,0.412522,4.944946,4.940238,4.948115,支持曾遭雷击,1.0
锈蚀钢筋,2,11,1.8961,0.369876,5.126314,5.120739,5.130444,支持曾遭雷击,1.0
锈蚀钢筋,2,12,1.7663,0.334058,5.287404,5.281204,5.292543,支持曾遭雷击,1.0
锈蚀钢筋,2,13,1.6611,0.323541,5.134119,5.129811,5.138222,支持曾遭雷击,1.0
锈蚀钢筋,2,14,1.5541,0.301859,5.148434,5.140919,5.156657,支持曾遭雷击,1.0
锈蚀钢筋,2,15,1.4497,0.278082,5.213216,5.203918,5.224236,支持曾遭雷击,1.0
锈蚀钢筋,2,22,0.7136,0.153955,4.635128,4.616782,4.658035,支持曾遭雷击,1.0
锈蚀钢筋,2,30,0.343,0.071664,4.786249,4.766656,4.813284,支持曾遭雷击,1.0
锈蚀钢筋,2,37,0.2001,0.04147,4.825151,4.788679,4.87045,支持曾遭雷击,1.0
锈蚀钢筋,2,44,0.1093,0.021819,5.0094,4.967536,5.064137,支持曾遭雷击,1.0
锈蚀钢筋,2,51,0.0591,0.01069,5.52832,5.484681,5.597703,支持曾遭雷击,1.0
锈蚀钢筋,2,58,0.022,0.004799,4.584659,4.544163,4.642042,支持曾遭雷击,1.0
锈蚀钢筋,2,90,0.0007,0.000151,4.635188,4.517593,4.758687,支持曾遭雷击,1.0
锈蚀钢筋,3,1,4.722,0.871267,5.419692,5.395462,5.439178,支持曾遭雷击,1.0
锈蚀钢筋,3,2,4.1419,0.792209,5.228295,5.20542,5.246735,支持曾遭雷击,1.0
锈蚀钢筋,3,3,3.6331,0.719798,5.047385,5.025558,5.064864,支持曾遭雷击,1.0
锈蚀钢筋,3,4,3.4028,0.664218,5.123015,5.103107,5.139196,支持曾遭雷击,1.0
锈蚀钢筋,3,5,3.1777,0.609734,5.21162,5.193229,5.226603,支持曾遭雷击,1.0
锈蚀钢筋,3,6,2.9741,0.568723,5.229433,5.214982,5.240687,支持曾遭雷击,1.0
锈蚀钢筋,3,7,2.7847,0.526863,5.285434,5.273104,5.294012,支持曾遭雷击,1.0
锈蚀钢筋,3,8,2.6136,0.495041,5.279558,5.270428,5.285917,支持曾遭雷击,1.0
锈蚀钢筋,3,9,2.4393,0.455572,5.354365,5.347927,5.359101,支持曾遭雷击,1.0
锈蚀钢筋,3,10,2.2715,0.412522,5.506371,5.501127,5.509899,支持曾遭雷击,1.0
锈蚀钢筋,3,11,2.1114,0.369876,5.708401,5.702193,5.713,支持曾遭雷击,1.0
锈蚀钢筋,3,12,1.9669,0.334058,5.887898,5.880995,5.893621,支持曾遭雷击,1.0
锈蚀钢筋,3,13,1.8497,0.323541,5.717043,5.712245,5.721612,支持曾遭雷击,1.0
锈蚀钢筋,3,14,1.7306,0.301859,5.733144,5.724776,5.742301,支持曾遭雷击,1.0
锈蚀钢筋,3,15,1.6142,0.278082,5.804769,5.794416,5.817039,支持曾遭雷击,1.0
锈蚀钢筋,3,22,0.7946,0.153955,5.161256,5.140828,5.186763,支持曾遭雷击,1.0
锈蚀钢筋,3,30,0.3819,0.071664,5.329063,5.307248,5.359164,支持曾遭雷击,1.0
锈蚀钢筋,3,37,0.2229,0.04147,5.374943,5.334315,5.425404,支持曾遭雷击,1.0
锈蚀钢筋,3,44,0.1217,0.021819,5.577712,5.531099,5.638659,支持曾遭雷击,1.0
锈蚀钢筋,3,51,0.0658,0.01069,6.15505,6.106463,6.232298,支持曾遭雷击,1.0
锈蚀钢筋,3,58,0.0245,0.004799,5.105642,5.060545,5.169547,支持曾遭雷击,1.0
锈蚀钢筋,3,90,0.0008,0.000151,5.297357,5.162963,5.4385,支持曾遭雷击,1.0
锈蚀钢筋,4,1,4.5911,0.871267,5.269451,5.245893,5.288397,支持曾遭雷击,1.0
锈蚀钢筋,4,2,4.0271,0.792209,5.083384,5.061142,5.101313,支持曾遭雷击,1.0
锈蚀钢筋,4,3,3.5324,0.719798,4.907485,4.886262,4.924479,支持曾遭雷击,1.0
锈蚀钢筋,4,4,3.3085,0.664218,4.981044,4.961687,4.996776,支持曾遭雷击,1.0
锈蚀钢筋,4,5,3.0896,0.609734,5.06713,5.049249,5.081698,支持曾遭雷击,1.0
锈蚀钢筋,4,6,2.8917,0.568723,5.084547,5.070496,5.095489,支持曾遭雷击,1.0
锈蚀钢筋,4,7,2.7075,0.526863,5.138906,5.126918,5.147246,支持曾遭雷击,1.0
锈蚀钢筋,4,8,2.5412,0.495041,5.133308,5.12443,5.139491,支持曾遭雷击,1.0
锈蚀钢筋,4,9,2.3717,0.455572,5.20598,5.199721,5.210585,支持曾遭雷击,1.0
锈蚀钢筋,4,10,2.2085,0.412522,5.353652,5.348554,5.357082,支持曾遭雷击,1.0
锈蚀钢筋,4,11,2.0528,0.369876,5.54997,5.543934,5.554441,支持曾遭雷击,1.0
锈蚀钢筋,4,12,1.9124,0.334058,5.724753,5.718041,5.730317,支持曾遭雷击,1.0
锈蚀钢筋,4,13,1.7984,0.323541,5.558486,5.553821,5.562927,支持曾遭雷击,1.0
锈蚀钢筋,4,14,1.6826,0.301859,5.57413,5.565994,5.583032,支持曾遭雷击,1.0
锈蚀钢筋,4,15,1.5695,0.278082,5.644025,5.633958,5.655955,支持曾遭雷击,1.0
锈蚀钢筋,4,22,0.7726,0.153955,5.018357,4.998495,5.043158,支持曾遭雷击,1.0
锈蚀钢筋,4,30,0.3713,0.071664,5.18115,5.15994,5.210415,支持曾遭雷击,1.0
锈蚀钢筋,4,37,0.2167,0.04147,5.225438,5.18594,5.274495,支持曾遭雷击,1.0
锈蚀钢筋,4,44,0.1183,0.021819,5.421885,5.376574,5.481129,支持曾遭雷击,1.0
锈蚀钢筋,4,51,0.064,0.01069,5.986675,5.939417,6.06181,支持曾遭雷击,1.0
锈蚀钢筋,4,58,0.0238,0.004799,4.959767,4.915958,5.021846,支持曾遭雷击,1.0
锈蚀钢筋,4,90,0.0007,0.000151,4.635188,4.517593,4.758687,支持曾遭雷击,1.0
锈蚀钢筋,5,1,3.7214,0.871267,4.27125,4.252155,4.286607,支持曾遭雷击,1.0
锈蚀钢筋,5,2,3.2643,0.792209,4.120506,4.102478,4.135039,支持曾遭雷击,1.0
锈蚀钢筋,5,3,2.8632,0.719798,3.97778,3.960578,3.991555,支持曾遭雷击,1.0
锈蚀钢筋,5,4,2.6818,0.664218,4.037528,4.021839,4.050281,支持曾遭雷击,1.0
锈蚀钢筋,5,5,2.5043,0.609734,4.107203,4.092709,4.119011,支持曾遭雷击,1.0
锈蚀钢筋,5,6,2.3439,0.568723,4.121337,4.109948,4.130206,支持曾遭雷击,1.0
锈蚀钢筋,5,7,2.1946,0.526863,4.165408,4.155692,4.172169,支持曾遭雷击,1.0
锈蚀钢筋,5,8,2.0598,0.495041,4.160864,4.153668,4.165876,支持曾遭雷击,1.0
锈蚀钢筋,5,9,1.9224,0.455572,4.219748,4.214675,4.22348,支持曾遭雷击,1.0
锈蚀钢筋,5,10,1.7902,0.412522,4.339646,4.335513,4.342426,支持曾遭雷击,1.0
锈蚀钢筋,5,11,1.664,0.369876,4.498806,4.493914,4.502431,支持曾遭雷击,1.0
锈蚀钢筋,5,12,1.5501,0.334058,4.640211,4.63477,4.644721,支持曾遭雷击,1.0
锈蚀钢筋,5,13,1.4577,0.323541,4.505452,4.50167,4.509052,支持曾遭雷击,1.0
锈蚀钢筋,5,14,1.3639,0.301859,4.518338,4.511743,4.525554,支持曾遭雷击,1.0
锈蚀钢筋,5,15,1.2722,0.278082,4.574915,4.566755,4.584585,支持曾遭雷击,1.0
锈蚀钢筋,5,22,0.6262,0.153955,4.067429,4.05133,4.08753,支持曾遭雷击,1.0
锈蚀钢筋,5,30,0.301,0.071664,4.200178,4.182984,4.223902,支持曾遭雷击,1.0
锈蚀钢筋,5,37,0.1756,0.04147,4.234365,4.202359,4.274118,支持曾遭雷击,1.0
锈蚀钢筋,5,44,0.0959,0.021819,4.395256,4.358524,4.443282,支持曾遭雷击,1.0
锈蚀钢筋,5,51,0.0518,0.01069,4.845465,4.807216,4.906277,支持曾遭雷击,1.0
锈蚀钢筋,5,58,0.0193,0.004799,4.021996,3.98647,4.072337,支持曾遭雷击,1.0
锈蚀钢筋,5,90,0.0006,0.000151,3.973018,3.872222,4.078875,支持曾遭雷击,1.0
锈蚀钢筋,6,1,4.6704,0.871267,5.360468,5.336503,5.379741,支持曾遭雷击,1.0
锈蚀钢筋,6,2,4.0966,0.792209,5.171113,5.148488,5.189352,支持曾遭雷击,1.0
锈蚀钢筋,6,3,3.5933,0.719798,4.992092,4.970504,5.009379,支持曾遭雷击,1.0
锈蚀钢筋,6,4,3.3656,0.664218,5.067009,5.047319,5.083013,支持曾遭雷击,1.0
锈蚀钢筋,6,5,3.1429,0.609734,5.154546,5.136356,5.169365,支持曾遭雷击,1.0
锈蚀钢筋,6,6,2.9416,0.568723,5.172288,5.157994,5.183418,支持曾遭雷击,1.0
锈蚀钢筋,6,7,2.7542,0.526863,5.227544,5.215349,5.236028,支持曾遭雷击,1.0
锈蚀钢筋,6,8,2.585,0.495041,5.221785,5.212755,5.228075,支持曾遭雷击,1.0
锈蚀钢筋,6,9,2.4126,0.455572,5.295757,5.28939,5.300441,支持曾遭雷击,1.0
锈蚀钢筋,6,10,2.2467,0.412522,5.446253,5.441067,5.449742,支持曾遭雷击,1.0
锈蚀钢筋,6,11,2.0883,0.369876,5.645948,5.639808,5.650496,支持曾遭雷击,1.0
锈蚀钢筋,6,12,1.9454,0.334058,5.823538,5.81671,5.829198,支持曾遭雷击,1.0
锈蚀钢筋,6,13,1.8294,0.323541,5.6543,5.649555,5.658819,支持曾遭雷击,1.0
锈蚀钢筋,6,14,1.7116,0.301859,5.670201,5.661925,5.679257,支持曾遭雷击,1.0
锈蚀钢筋,6,15,1.5966,0.278082,5.741478,5.731238,5.753615,支持曾遭雷击,1.0
锈蚀钢筋,6,22,0.7859,0.153955,5.104746,5.084542,5.129974,支持曾遭雷击,1.0
锈蚀钢筋,6,30,0.3777,0.071664,5.270456,5.248881,5.300226,支持曾遭雷击,1.0
锈蚀钢筋,6,37,0.2204,0.04147,5.314659,5.274486,5.364553,支持曾遭雷击,1.0
锈蚀钢筋,6,44,0.1204,0.021819,5.518131,5.472016,5.578427,支持曾遭雷击,1.0
锈蚀钢筋,6,51,0.0651,0.01069,6.08957,6.041501,6.165997,支持曾遭雷击,1.0
锈蚀钢筋,6,58,0.0242,0.004799,5.043124,4.998579,5.106246,支持曾遭雷击,1.0
锈蚀钢筋,6,90,0.0008,0.000151,5.297357,5.162963,5.4385,支持曾遭雷击,1.0
锈蚀钢筋,7,1,2.2293,0.871267,2.558687,2.547248,2.567886,支持曾遭雷击,1.0
锈蚀钢筋,7,2,1.9555,0.792209,2.468416,2.457616,2.477122,支持曾遭雷击,1.0
锈蚀钢筋,7,3,1.7152,0.719798,2.382889,2.372584,2.391141,支持曾遭雷击,1.0
锈蚀钢筋,7,4,1.6065,0.664218,2.418633,2.409234,2.426272,支持曾遭雷击,1.0
锈蚀钢筋,7,5,1.5002,0.609734,2.460418,2.451736,2.467492,支持曾遭雷击,1.0
锈蚀钢筋,7,6,1.4041,0.568723,2.468864,2.462041,2.474177,支持曾遭雷击,1.0
锈蚀钢筋,7,7,1.3147,0.526863,2.495335,2.489514,2.499385,支持曾遭雷击,1.0
锈蚀钢筋,7,8,1.2339,0.495041,2.492519,2.488208,2.495521,支持曾遭雷击,1.0
锈蚀钢筋,7,9,1.1516,0.455572,2.52781,2.524771,2.530046,支持曾遭雷击,1.0
锈蚀钢筋,7,10,1.0724,0.412522,2.599618,2.597142,2.601284,支持曾遭雷击,1.0
锈蚀钢筋,7,11,0.9968,0.369876,2.694958,2.692027,2.697129,支持曾遭雷击,1.0
锈蚀钢筋,7,12,0.9286,0.334058,2.779756,2.776497,2.782458,支持曾遭雷击,1.0
锈蚀钢筋,7,13,0.8733,0.323541,2.699191,2.696926,2.701348,支持曾遭雷击,1.0
锈蚀钢筋,7,14,0.817,0.301859,2.706564,2.702613,2.710886,支持曾遭雷击,1.0
锈蚀钢筋,7,15,0.7621,0.278082,2.740562,2.735674,2.746355,支持曾遭雷击,1.0
锈蚀钢筋,7,22,0.3751,0.153955,2.43643,2.426787,2.448471,支持曾遭雷击,1.0
锈蚀钢筋,7,30,0.1803,0.071664,2.515921,2.505621,2.530132,支持曾遭雷击,1.0
锈蚀钢筋,7,37,0.1052,0.04147,2.536761,2.517586,2.560576,支持曾遭雷击,1.0
锈蚀钢筋,7,44,0.0575,0.021819,2.63532,2.613297,2.664116,支持曾遭雷击,1.0
锈蚀钢筋,7,51,0.0311,0.01069,2.90915,2.886186,2.945661,支持曾遭雷击,1.0
锈蚀钢筋,7,58,0.0115,0.004799,2.396526,2.375358,2.426522,支持曾遭雷击,1.0
锈蚀钢筋,7,90,0.0004,0.000151,2.648679,2.581481,2.71925,支持曾遭雷击,1.0
锈蚀钢筋,8,1,2.5442,0.871267,2.920114,2.90706,2.930613,支持曾遭雷击,1.0
锈蚀钢筋,8,2,2.2316,0.792209,2.816935,2.80461,2.82687,支持曾遭雷击,1.0
锈蚀钢筋,8,3,1.9575,0.719798,2.719511,2.707751,2.728929,支持曾遭雷击,1.0
锈蚀钢筋,8,4,1.8334,0.664218,2.760237,2.749511,2.768955,支持曾遭雷击,1.0
锈蚀钢筋,8,5,1.7121,0.609734,2.807947,2.798038,2.81602,支持曾遭雷击,1.0
锈蚀钢筋,8,6,1.6025,0.568723,2.817715,2.809928,2.823779,支持曾遭雷击,1.0
锈蚀钢筋,8,7,1.5004,0.526863,2.847799,2.841155,2.85242,支持曾遭雷击,1.0
锈蚀钢筋,8,8,1.4082,0.495041,2.84461,2.839691,2.848037,支持曾遭雷击,1.0
锈蚀钢筋,8,9,1.3143,0.455572,2.884943,2.881475,2.887495,支持曾遭雷击,1.0
锈蚀钢筋,8,10,1.2239,0.412522,2.966871,2.964046,2.968772,支持曾遭雷击,1.0
锈蚀钢筋,8,11,1.1376,0.369876,3.075626,3.072281,3.078104,支持曾遭雷击,1.0
锈蚀钢筋,8,12,1.0597,0.334058,3.172203,3.168483,3.175286,支持曾遭雷击,1.0
锈蚀钢筋,8,13,0.9966,0.323541,3.080286,3.077701,3.082748,支持曾遭雷击,1.0
锈蚀钢筋,8,14,0.9324,0.301859,3.088862,3.084353,3.093795,支持曾遭雷击,1.0
锈蚀钢筋,8,15,0.8697,0.278082,3.127498,3.12192,3.134109,支持曾遭雷击,1.0
锈蚀钢筋,8,22,0.4281,0.153955,2.780687,2.769681,2.794429,支持曾遭雷击,1.0
锈蚀钢筋,8,30,0.2058,0.071664,2.87175,2.859994,2.88797,支持曾遭雷击,1.0
锈蚀钢筋,8,37,0.1201,0.04147,2.896055,2.874164,2.923243,支持曾遭雷击,1.0
锈蚀钢筋,8,44,0.0656,0.021819,3.006556,2.98143,3.039409,支持曾遭雷击,1.0
锈蚀钢筋,8,51,0.0354,0.01069,3.311379,3.28524,3.352939,支持曾遭雷击,1.0
锈蚀钢筋,8,58,0.0132,0.004799,2.750795,2.726498,2.785225,支持曾遭雷击,1.0
锈蚀钢筋,8,90,0.0004,0.000151,2.648679,2.581481,2.71925,支持曾遭雷击,1.0
锈蚀钢筋,9,1,2.1026,0.871267,2.413266,2.402478,2.421943,支持曾遭雷击,1.0
锈蚀钢筋,9,2,1.8443,0.792209,2.328049,2.317863,2.33626,支持曾遭雷击,1.0
锈蚀钢筋,9,3,1.6177,0.719798,2.247435,2.237716,2.255217,支持曾遭雷击,1.0
锈蚀钢筋,9,4,1.5152,0.664218,2.281178,2.272313,2.288383,支持曾遭雷击,1.0
锈蚀钢筋,9,5,1.415,0.609734,2.320685,2.312496,2.327357,支持曾遭雷击,1.0
锈蚀钢筋,9,6,1.3243,0.568723,2.328549,2.322114,2.33356,支持曾遭雷击,1.0
锈蚀钢筋,9,7,1.24,0.526863,2.353553,2.348062,2.357372,支持曾遭雷击,1.0
锈蚀钢筋,9,8,1.1638,0.495041,2.350914,2.346849,2.353746,支持曾遭雷击,1.0
锈蚀钢筋,9,9,1.0862,0.455572,2.384254,2.381388,2.386363,支持曾遭雷击,1.0
锈蚀钢筋,9,10,1.0115,0.412522,2.451989,2.449655,2.453561,支持曾遭雷击,1.0
锈蚀钢筋,9,11,0.9401,0.369876,2.541663,2.538899,2.543711,支持曾遭雷击,1.0
锈蚀钢筋,9,12,0.8758,0.334058,2.6217,2.618626,2.624248,支持曾遭雷击,1.0
锈蚀钢筋,9,13,0.8236,0.323541,2.545579,2.543442,2.547613,支持曾遭雷击,1.0
锈蚀钢筋,9,14,0.7706,0.301859,2.552849,2.549123,2.556927,支持曾遭雷击,1.0
锈蚀钢筋,9,15,0.7188,0.278082,2.584852,2.580242,2.590316,支持曾遭雷击,1.0
锈蚀钢筋,9,22,0.3538,0.153955,2.298078,2.288982,2.309435,支持曾遭雷击,1.0
锈蚀钢筋,9,30,0.1701,0.071664,2.373589,2.363872,2.386996,支持曾遭雷击,1.0
锈蚀钢筋,9,37,0.0992,0.04147,2.392079,2.373998,2.414536,支持曾遭雷击,1.0
锈蚀钢筋,9,44,0.0542,0.021819,2.484076,2.463316,2.511219,支持曾遭雷击,1.0
锈蚀钢筋,9,51,0.0293,0.01069,2.740774,2.719139,2.775172,支持曾遭雷击,1.0
锈蚀钢筋,9,58,0.0109,0.004799,2.27149,2.251426,2.299921,支持曾遭雷击,1.0
锈蚀钢筋,9,90,0.0003,0.000151,1.986509,1.936111,2.039437,支持曾遭雷击,1.0
锈蚀钢筋,10,1,2.9231,0.871267,3.354998,3.339999,3.367061,支持曾遭雷击,1.0
锈蚀钢筋,10,2,2.564,0.792209,3.236521,3.222361,3.247937,支持曾遭雷击,1.0
锈蚀钢筋,10,3,2.249,0.719798,3.124486,3.110974,3.135306,支持曾遭雷击,1.0
锈蚀钢筋,10,4,2.1064,0.664218,3.171247,3.158923,3.181263,支持曾遭雷击,1.0
锈蚀钢筋,10,5,1.9671,0.609734,3.226163,3.214778,3.235438,支持曾遭雷击,1.0
锈蚀钢筋,10,6,1.8411,0.568723,3.237251,3.228305,3.244218,支持曾遭雷击,1.0
锈蚀钢筋,10,7,1.7238,0.526863,3.271818,3.264185,3.277128,支持曾遭雷击,1.0
锈蚀钢筋,10,8,1.6179,0.495041,3.268211,3.262559,3.272148,支持曾遭雷击,1.0
锈蚀钢筋,10,9,1.51,0.455572,3.314513,3.310528,3.317444,支持曾遭雷击,1.0
锈蚀钢筋,10,10,1.4061,0.412522,3.408544,3.405298,3.410728,支持曾遭雷击,1.0
锈蚀钢筋,10,11,1.307,0.369876,3.533618,3.529775,3.536464,支持曾遭雷击,1.0
锈蚀钢筋,10,12,1.2175,0.334058,3.644576,3.640303,3.648118,支持曾遭雷击,1.0
锈蚀钢筋,10,13,1.145,0.323541,3.53896,3.53599,3.541788,支持曾遭雷击,1.0
锈蚀钢筋,10,14,1.0713,0.301859,3.549011,3.54383,3.554679,支持曾遭雷击,1.0
锈蚀钢筋,10,15,0.9993,0.278082,3.593548,3.587139,3.601144,支持曾遭雷击,1.0
锈蚀钢筋,10,22,0.4919,0.153955,3.195094,3.182448,3.210885,支持曾遭雷击,1.0
锈蚀钢筋,10,30,0.2364,0.071664,3.298744,3.285241,3.317377,支持曾遭雷击,1.0
锈蚀钢筋,10,37,0.138,0.04147,3.32769,3.302537,3.358931,支持曾遭雷击,1.0
锈蚀钢筋,10,44,0.0753,0.021819,3.451124,3.422282,3.488833,支持曾遭雷击,1.0
锈蚀钢筋,10,51,0.0407,0.01069,3.807151,3.777098,3.854932,支持曾遭雷击,1.0
锈蚀钢筋,10,58,0.0151,0.004799,3.146743,3.118948,3.186129,支持曾遭雷击,1.0
锈蚀钢筋,10,90,0.0005,0.000151,3.310848,3.226852,3.399062,支持曾遭雷击,1.0
