变量,系数,标准误,t值,近似p值
截距,2.573354,0.017587,146.325,<1e-6
小号铁钉,0.667165,0.005475,121.846,<1e-6
小号铁夹,0.867364,0.005475,158.408,<1e-6
锈蚀钢筋,1.342676,0.006323,212.363,<1e-6
时间_z,1.762291,0.003707,475.442,<1e-6
时间_z^2,0.246119,0.01779,13.834,<1e-6
累计温度_z,-0.141447,0.015882,-8.906,<1e-6
累计湿度_z,0.08147,0.003997,20.382,<1e-6
累计温湿交互_z,0.029194,0.003606,8.097,<1e-6
锈蚀钢筋×时间_z,0.778232,0.004931,157.812,<1e-6
小号铁钉×时间_z,0.387003,0.004271,90.618,<1e-6
小号铁夹×时间_z,0.502646,0.004271,117.697,<1e-6

指标,数值
r2_log,0.999409
rmse_log,0.043721
sigma_log,0.043921
rmse_m,0.050741
mae_m,0.035562
mape_m,0.036074

样品类型,RMSE(mT),MAE(mT),MAPE
小号铁钉,0.038734,0.029919,0.033775
小号铁夹,0.039699,0.03063,0.035712
普通钢筋,0.047802,0.033406,0.03284
锈蚀钢筋,0.083725,0.058871,0.044631
