case_id,sample_type,sample_id,delay_days,observed_magnetism_mt,weather,temp_c,hum_pct,weather_source
EXPERIMENT_INTERNAL,小号铁钉,1,1,2.1788,小雨,9.0,90.0,附件2/内置天气轨迹
EXPERIMENT_INTERNAL,小号铁钉,1,2,1.9523,小雨转阴,7.5,85.0,附件2/内置天气轨迹
EXPERIMENT_INTERNAL,小号铁钉,1,3,1.7493,阴转小雨,7.5,85.0,附件2/内置天气轨迹
EXPERIMENT_INTERNAL,小号铁钉,1,4,1.6555,多云,7.5,75.0,附件2/内置天气轨迹
EXPERIMENT_INTERNAL,小号铁钉,1,5,1.5628,雾/晴,8.5,80.0,附件2/内置天气轨迹
EXPERIMENT_INTERNAL,小号铁钉,1,6,1.4781,多云,9.5,75.0,附件2/内置天气轨迹
EXPERIMENT_INTERNAL,小号铁钉,1,7,1.3985,多云,8.5,75.0,附件2/内置天气轨迹
EXPERIMENT_INTERNAL,小号铁钉,1,8,1.3258,晴,9.0,70.0,附件2/内置天气轨迹
EXPERIMENT_INTERNAL,小号铁钉,1,9,1.251,轻度雾霾,10.0,80.0,附件2/内置天气轨迹
EXPERIMENT_INTERNAL,小号铁钉,1,10,1.1781,雾/阴,9.0,85.0,附件2/内置天气轨迹
EXPERIMENT_INTERNAL,小号铁钉,1,11,1.1079,雾/阴,7.0,90.0,附件2/内置天气轨迹
EXPERIMENT_INTERNAL,小号铁钉,1,12,1.0437,雾/多云,8.0,85.0,附件2/内置天气轨迹
EXPERIMENT_INTERNAL,小号铁钉,1,13,0.9911,晴转多云,11.0,65.0,附件2/内置天气轨迹
EXPERIMENT_INTERNAL,小号铁钉,1,14,0.9371,多云,10.5,75.0,附件2/内置天气轨迹
EXPERIMENT_INTERNAL,小号铁钉,1,15,0.8838,中度雾霾,11.5,80.0,附件2/内置天气轨迹
EXPERIMENT_INTERNAL,小号铁钉,1,22,0.4879,晴,8.0,70.0,附件2/内置天气轨迹
EXPERIMENT_INTERNAL,小号铁钉,1,30,0.2638,小雨,10.0,85.0,附件2/内置天气轨迹
EXPERIMENT_INTERNAL,小号铁钉,1,37,0.1678,多云转小雨,14.0,85.0,附件2/内置天气轨迹
EXPERIMENT_INTERNAL,小号铁钉,1,44,0.1009,晴转多云,11.0,70.0,附件2/内置天气轨迹
EXPERIMENT_INTERNAL,小号铁钉,1,51,0.0602,阴,13.0,80.0,附件2/内置天气轨迹
EXPERIMENT_INTERNAL,小号铁钉,1,58,0.0263,分散阵雨转多云,18.0,80.0,附件2/内置天气轨迹
EXPERIMENT_INTERNAL,小号铁钉,1,90,0.0014,阴,20.0,80.0,附件2/内置天气轨迹
EXPERIMENT_INTERNAL,小号铁钉,2,1,3.3088,小雨,9.0,90.0,附件2/内置天气轨迹
EXPERIMENT_INTERNAL,小号铁钉,2,2,2.9648,小雨转阴,7.5,85.0,附件2/内置天气轨迹
EXPERIMENT_INTERNAL,小号铁钉,2,3,2.6566,阴转小雨,7.5,85.0,附件2/内置天气轨迹
EXPERIMENT_INTERNAL,小号铁钉,2,4,2.5142,多云,7.5,75.0,附件2/内置天气轨迹
EXPERIMENT_INTERNAL,小号铁钉,2,5,2.3734,雾/晴,8.5,80.0,附件2/内置天气轨迹
EXPERIMENT_INTERNAL,小号铁钉,2,6,2.2448,多云,9.5,75.0,附件2/内置天气轨迹
EXPERIMENT_INTERNAL,小号铁钉,2,7,2.1238,多云,8.5,75.0,附件2/内置天气轨迹
EXPERIMENT_INTERNAL,小号铁钉,2,8,2.0134,晴,9.0,70.0,附件2/内置天气轨迹
EXPERIMENT_INTERNAL,小号铁钉,2,9,1.8998,轻度雾霾,10.0,80.0,附件2/内置天气轨迹
EXPERIMENT_INTERNAL,小号铁钉,2,10,1.7892,雾/阴,9.0,85.0,附件2/内置天气轨迹
EXPERIMENT_INTERNAL,小号铁钉,2,11,1.6825,雾/阴,7.0,90.0,附件2/内置天气轨迹
EXPERIMENT_INTERNAL,小号铁钉,2,12,1.585,雾/多云,8.0,85.0,附件2/内置天气轨迹
EXPERIMENT_INTERNAL,小号铁钉,2,13,1.5051,晴转多云,11.0,65.0,附件2/内置天气轨迹
EXPERIMENT_INTERNAL,小号铁钉,2,14,1.4231,多云,10.5,75.0,附件2/内置天气轨迹
EXPERIMENT_INTERNAL,小号铁钉,2,15,1.3422,中度雾霾,11.5,80.0,附件2/内置天气轨迹
EXPERIMENT_INTERNAL,小号铁钉,2,22,0.741,晴,8.0,70.0,附件2/内置天气轨迹
EXPERIMENT_INTERNAL,小号铁钉,2,30,0.4007,小雨,10.0,85.0,附件2/内置天气轨迹
EXPERIMENT_INTERNAL,小号铁钉,2,37,0.2548,多云转小雨,14.0,85.0,附件2/内置天气轨迹
EXPERIMENT_INTERNAL,小号铁钉,2,44,0.1533,晴转多云,11.0,70.0,附件2/内置天气轨迹
EXPERIMENT_INTERNAL,小号铁钉,2,51,0.0915,阴,13.0,80.0,附件2/内置天气轨迹
EXPERIMENT_INTERNAL,小号铁钉,2,58,0.04,分散阵雨转多云,18.0,80.0,附件2/内置天气轨迹
EXPERIMENT_INTERNAL,小号铁钉,2,90,0.0022,阴,20.0,80.0,附件2/内置天气轨迹
EXPERIMENT_INTERNAL,小号铁钉,3,1,2.8798,小雨,9.0,90.0,附件2/内置天气轨迹
EXPERIMENT_INTERNAL,小号铁钉,3,2,2.5805,小雨转阴,7.5,85.0,附件2/内置天气轨迹
EXPERIMENT_INTERNAL,小号铁钉,3,3,2.3122,阴转小雨,7.5,85.0,附件2/内置天气轨迹
EXPERIMENT_INTERNAL,小号铁钉,3,4,2.1882,多云,7.5,75.0,附件2/内置天气轨迹
EXPERIMENT_INTERNAL,小号铁钉,3,5,2.0657,雾/晴,8.5,80.0,附件2/内置天气轨迹
EXPERIMENT_INTERNAL,小号铁钉,3,6,1.9538,多云,9.5,75.0,附件2/内置天气轨迹
EXPERIMENT_INTERNAL,小号铁钉,3,7,1.8484,多云,8.5,75.0,附件2/内置天气轨迹
EXPERIMENT_INTERNAL,小号铁钉,3,8,1.7524,晴,9.0,70.0,附件2/内置天气轨迹
EXPERIMENT_INTERNAL,小号铁钉,3,9,1.6535,轻度雾霾,10.0,80.0,附件2/内置天气轨迹
EXPERIMENT_INTERNAL,小号铁钉,3,10,1.5572,雾/阴,9.0,85.0,附件2/内置天气轨迹
EXPERIMENT_INTERNAL,小号铁钉,3,11,1.4643,雾/阴,7.0,90.0,附件2/内置天气轨迹
EXPERIMENT_INTERNAL,小号铁钉,3,12,1.3795,雾/多云,8.0,85.0,附件2/内置天气轨迹
EXPERIMENT_INTERNAL,小号铁钉,3,13,1.31,晴转多云,11.0,65.0,附件2/内置天气轨迹
EXPERIMENT_INTERNAL,小号铁钉,3,14,1.2386,多云,10.5,75.0,附件2/内置天气轨迹
EXPERIMENT_INTERNAL,小号铁钉,3,15,1.1682,中度雾霾,11.5,80.0,附件2/内置天气轨迹
EXPERIMENT_INTERNAL,小号铁钉,3,22,0.6449,晴,8.0,70.0,附件2/内置天气轨迹
EXPERIMENT_INTERNAL,小号铁钉,3,30,0.3487,小雨,10.0,85.0,附件2/内置天气轨迹
EXPERIMENT_INTERNAL,小号铁钉,3,37,0.2217,多云转小雨,14.0,85.0,附件2/内置天气轨迹
EXPERIMENT_INTERNAL,小号铁钉,3,44,0.1334,晴转多云,11.0,70.0,附件2/内置天气轨迹
EXPERIMENT_INTERNAL,小号铁钉,3,51,0.0796,阴,13.0,80.0,附件2/内置天气轨迹
EXPERIMENT_INTERNAL,小号铁钉,3,58,0.0348,分散阵雨转多云,18.0,80.0,附件2/内置天气轨迹
EXPERIMENT_INTERNAL,小号铁钉,3,90,0.0019,阴,20.0,80.0,附件2/内置天气轨迹
EXPERIMENT_INTERNAL,小号铁钉,4,1,2.6183,小雨,9.0,90.0,附件2/内置天气轨迹
EXPERIMENT_INTERNAL,小号铁钉,4,2,2.3461,小雨转阴,7.5,85.0,附件2/内置天气轨迹
EXPERIMENT_INTERNAL,小号铁钉,4,3,2.1023,阴转小雨,7.5,85.0,附件2/内置天气轨迹
EXPERIMENT_INTERNAL,小号铁钉,4,4,1.9895,多云,7.5,75.0,附件2/内置天气轨迹
EXPERIMENT_INTERNAL,小号铁钉,4,5,1.8781,雾/晴,8.5,80.0,附件2/内置天气轨迹
EXPERIMENT_INTERNAL,小号铁钉,4,6,1.7763,多云,9.5,75.0,附件2/内置天气轨迹
EXPERIMENT_INTERNAL,小号铁钉,4,7,1.6806,多云,8.5,75.0,附件2/内置天气轨迹
EXPERIMENT_INTERNAL,小号铁钉,4,8,1.5932,晴,9.0,70.0,附件2/内置天气轨迹
EXPERIMENT_INTERNAL,小号铁钉,4,9,1.5033,轻度雾霾,10.0,80.0,附件2/内置天气轨迹
EXPERIMENT_INTERNAL,小号铁钉,4,10,1.4158,雾/阴,9.0,85.0,附件2/内置天气轨迹
EXPERIMENT_INTERNAL,小号铁钉,4,11,1.3314,雾/阴,7.0,90.0,附件2/内置天气轨迹
EXPERIMENT_INTERNAL,小号铁钉,4,12,1.2543,雾/多云,8.0,85.0,附件2/内置天气轨迹
EXPERIMENT_INTERNAL,小号铁钉,4,13,1.191,晴转多云,11.0,65.0,附件2/内置天气轨迹
EXPERIMENT_INTERNAL,小号铁钉,4,14,1.1261,多云,10.5,75.0,附件2/内置天气轨迹
EXPERIMENT_INTERNAL,小号铁钉,4,15,1.0621,中度雾霾,11.5,80.0,附件2/内置天气轨迹
EXPERIMENT_INTERNAL,小号铁钉,4,22,0.5864,晴,8.0,70.0,附件2/内置天气轨迹
EXPERIMENT_INTERNAL,小号铁钉,4,30,0.3171,小雨,10.0,85.0,附件2/内置天气轨迹
EXPERIMENT_INTERNAL,小号铁钉,4,37,0.2016,多云转小雨,14.0,85.0,附件2/内置天气轨迹
EXPERIMENT_INTERNAL,小号铁钉,4,44,0.1213,晴转多云,11.0,70.0,附件2/内置天气轨迹
EXPERIMENT_INTERNAL,小号铁钉,4,51,0.0724,阴,13.0,80.0,附件2/内置天气轨迹
EXPERIMENT_INTERNAL,小号铁钉,4,58,0.0317,分散阵雨转多云,18.0,80.0,附件2/内置天气轨迹
EXPERIMENT_INTERNAL,小号铁钉,4,90,0.0017,阴,20.0,80.0,附件2/内置天气轨迹
EXPERIMENT_INTERNAL,小号铁钉,5,1,1.7502,小雨,9.0,90.0,附件2/内置天气轨迹
EXPERIMENT_INTERNAL,小号铁钉,5,2,1.5683,小雨转阴,7.5,85.0,附件2/内置天气轨迹
EXPERIMENT_INTERNAL,小号铁钉,5,3,1.4052,阴转小雨,7.5,85.0,附件2/内置天气轨迹
EXPERIMENT_INTERNAL,小号铁钉,5,4,1.3299,多云,7.5,75.0,附件2/内置天气轨迹
EXPERIMENT_INTERNAL,小号铁钉,5,5,1.2554,雾/晴,8.5,80.0,附件2/内置天气轨迹
EXPERIMENT_INTERNAL,小号铁钉,5,6,1.1874,多云,9.5,75.0,附件2/内置天气轨迹
EXPERIMENT_INTERNAL,小号铁钉,5,7,1.1234,多云,8.5,75.0,附件2/内置天气轨迹
EXPERIMENT_INTERNAL,小号铁钉,5,8,1.065,晴,9.0,70.0,附件2/内置天气轨迹
EXPERIMENT_INTERNAL,小号铁钉,5,9,1.0049,轻度雾霾,10.0,80.0,附件2/内置天气轨迹
EXPERIMENT_INTERNAL,小号铁钉,5,10,0.9464,雾/阴,9.0,85.0,附件2/内置天气轨迹
EXPERIMENT_INTERNAL,小号铁钉,5,11,0.8899,雾/阴,7.0,90.0,附件2/内置天气轨迹
EXPERIMENT_INTERNAL,小号铁钉,5,12,0.8384,雾/多云,8.0,85.0,附件2/内置天气轨迹
EXPERIMENT_INTERNAL,小号铁钉,5,13,0.7961,晴转多云,11.0,65.0,附件2/内置天气轨迹
EXPERIMENT_INTERNAL,小号铁钉,5,14,0.7528,多云,10.5,75.0,附件2/内置天气轨迹
EXPERIMENT_INTERNAL,小号铁钉,5,15,0.7099,中度雾霾,11.5,80.0,附件2/内置天气轨迹
EXPERIMENT_INTERNAL,小号铁钉,5,22,0.392,晴,8.0,70.0,附件2/内置天气轨迹
EXPERIMENT_INTERNAL,小号铁钉,5,30,0.2119,小雨,10.0,85.0,附件2/内置天气轨迹
EXPERIMENT_INTERNAL,小号铁钉,5,37,0.1348,多云转小雨,14.0,85.0,附件2/内置天气轨迹
EXPERIMENT_INTERNAL,小号铁钉,5,44,0.0811,晴转多云,11.0,70.0,附件2/内置天气轨迹
EXPERIMENT_INTERNAL,小号铁钉,5,51,0.0484,阴,13.0,80.0,附件2/内置天气轨迹
EXPERIMENT_INTERNAL,小号铁钉,5,58,0.0212,分散阵雨转多云,18.0,80.0,附件2/内置天气轨迹
EXPERIMENT_INTERNAL,小号铁钉,5,90,0.0012,阴,20.0,80.0,附件2/内置天气轨迹
EXPERIMENT_INTERNAL,小号铁钉,6,1,1.7501,小雨,9.0,90.0,附件2/内置天气轨迹
EXPERIMENT_INTERNAL,小号铁钉,6,2,1.5682,小雨转阴,7.5,85.0,附件2/内置天气轨迹
EXPERIMENT_INTERNAL,小号铁钉,6,3,1.4052,阴转小雨,7.5,85.0,附件2/内置天气轨迹
EXPERIMENT_INTERNAL,小号铁钉,6,4,1.3298,多云,7.5,75.0,附件2/内置天气轨迹
EXPERIMENT_INTERNAL,小号铁钉,6,5,1.2554,雾/晴,8.5,80.0,附件2/内置天气轨迹
EXPERIMENT_INTERNAL,小号铁钉,6,6,1.1874,多云,9.5,75.0,附件2/内置天气轨迹
EXPERIMENT_INTERNAL,小号铁钉,6,7,1.1233,多云,8.5,75.0,附件2/内置天气轨迹
EXPERIMENT_INTERNAL,小号铁钉,6,8,1.065,晴,9.0,70.0,附件2/内置天气轨迹
EXPERIMENT_INTERNAL,小号铁钉,6,9,1.0049,轻度雾霾,10.0,80.0,附件2/内置天气轨迹
EXPERIMENT_INTERNAL,小号铁钉,6,10,0.9464,雾/阴,9.0,85.0,附件2/内置天气轨迹
EXPERIMENT_INTERNAL,小号铁钉,6,11,0.8899,雾/阴,7.0,90.0,附件2/内置天气轨迹
EXPERIMENT_INTERNAL,小号铁钉,6,12,0.8384,雾/多云,8.0,85.0,附件2/内置天气轨迹
EXPERIMENT_INTERNAL,小号铁钉,6,13,0.7961,晴转多云,11.0,65.0,附件2/内置天气轨迹
EXPERIMENT_INTERNAL,小号铁钉,6,14,0.7527,多云,10.5,75.0,附件2/内置天气轨迹
EXPERIMENT_INTERNAL,小号铁钉,6,15,0.7099,中度雾霾,11.5,80.0,附件2/内置天气轨迹
EXPERIMENT_INTERNAL,小号铁钉,6,22,0.3919,晴,8.0,70.0,附件2/内置天气轨迹
EXPERIMENT_INTERNAL,小号铁钉,6,30,0.2119,小雨,10.0,85.0,附件2/内置天气轨迹
EXPERIMENT_INTERNAL,小号铁钉,6,37,0.1348,多云转小雨,14.0,85.0,附件2/内置天气轨迹
EXPERIMENT_INTERNAL,小号铁钉,6,44,0.0811,晴转多云,11.0,70.0,附件2/内置天气轨迹
EXPERIMENT_INTERNAL,小号铁钉,6,51,0.0484,阴,13.0,80.0,附件2/内置天气轨迹
EXPERIMENT_INTERNAL,小号铁钉,6,58,0.0212,分散阵雨转多云,18.0,80.0,附件2/内置天气轨迹
EXPERIMENT_INTERNAL,小号铁钉,6,90,0.0012,阴,20.0,80.0,附件2/内置天气轨迹
EXPERIMENT_INTERNAL,小号铁钉,7,1,1.5581,小雨,9.0,90.0,附件2/内置天气轨迹
EXPERIMENT_INTERNAL,小号铁钉,7,2,1.3961,小雨转阴,7.5,85.0,附件2/内置天气轨迹
EXPERIMENT_INTERNAL,小号铁钉,7,3,1.251,阴转小雨,7.5,85.0,附件2/内置天气轨迹
EXPERIMENT_INTERNAL,小号铁钉,7,4,1.1839,多云,7.5,75.0,附件2/内置天气轨迹
EXPERIMENT_INTERNAL,小号铁钉,7,5,1.1176,雾/晴,8.5,80.0,附件2/内置天气轨迹
EXPERIMENT_INTERNAL,小号铁钉,7,6,1.0571,多云,9.5,75.0,附件2/内置天气轨迹
EXPERIMENT_INTERNAL,小号铁钉,7,7,1.0001,多云,8.5,75.0,附件2/内置天气轨迹
EXPERIMENT_INTERNAL,小号铁钉,7,8,0.9481,晴,9.0,70.0,附件2/内置天气轨迹
EXPERIMENT_INTERNAL,小号铁钉,7,9,0.8946,轻度雾霾,10.0,80.0,附件2/内置天气轨迹
EXPERIMENT_INTERNAL,小号铁钉,7,10,0.8425,雾/阴,9.0,85.0,附件2/内置天气轨迹
EXPERIMENT_INTERNAL,小号铁钉,7,11,0.7923,雾/阴,7.0,90.0,附件2/内置天气轨迹
EXPERIMENT_INTERNAL,小号铁钉,7,12,0.7464,雾/多云,8.0,85.0,附件2/内置天气轨迹
EXPERIMENT_INTERNAL,小号铁钉,7,13,0.7088,晴转多云,11.0,65.0,附件2/内置天气轨迹
EXPERIMENT_INTERNAL,小号铁钉,7,14,0.6701,多云,10.5,75.0,附件2/内置天气轨迹
EXPERIMENT_INTERNAL,小号铁钉,7,15,0.632,中度雾霾,11.5,80.0,附件2/内置天气轨迹
EXPERIMENT_INTERNAL,小号铁钉,7,22,0.3489,晴,8.0,70.0,附件2/内置天气轨迹
EXPERIMENT_INTERNAL,小号铁钉,7,30,0.1887,小雨,10.0,85.0,附件2/内置天气轨迹
EXPERIMENT_INTERNAL,小号铁钉,7,37,0.12,多云转小雨,14.0,85.0,附件2/内置天气轨迹
EXPERIMENT_INTERNAL,小号铁钉,7,44,0.0722,晴转多云,11.0,70.0,附件2/内置天气轨迹
EXPERIMENT_INTERNAL,小号铁钉,7,51,0.0431,阴,13.0,80.0,附件2/内置天气轨迹
EXPERIMENT_INTERNAL,小号铁钉,7,58,0.0188,分散阵雨转多云,18.0,80.0,附件2/内置天气轨迹
EXPERIMENT_INTERNAL,小号铁钉,7,90,0.001,阴,20.0,80.0,附件2/内置天气轨迹
EXPERIMENT_INTERNAL,小号铁钉,8,1,3.143,小雨,9.0,90.0,附件2/内置天气轨迹
EXPERIMENT_INTERNAL,小号铁钉,8,2,2.8163,小雨转阴,7.5,85.0,附件2/内置天气轨迹
EXPERIMENT_INTERNAL,小号铁钉,8,3,2.5235,阴转小雨,7.5,85.0,附件2/内置天气轨迹
EXPERIMENT_INTERNAL,小号铁钉,8,4,2.3882,多云,7.5,75.0,附件2/内置天气轨迹
EXPERIMENT_INTERNAL,小号铁钉,8,5,2.2545,雾/晴,8.5,80.0,附件2/内置天气轨迹
EXPERIMENT_INTERNAL,小号铁钉,8,6,2.1323,多云,9.5,75.0,附件2/内置天气轨迹
EXPERIMENT_INTERNAL,小号铁钉,8,7,2.0173,多云,8.5,75.0,附件2/内置天气轨迹
EXPERIMENT_INTERNAL,小号铁钉,8,8,1.9125,晴,9.0,70.0,附件2/内置天气轨迹
EXPERIMENT_INTERNAL,小号铁钉,8,9,1.8046,轻度雾霾,10.0,80.0,附件2/内置天气轨迹
EXPERIMENT_INTERNAL,小号铁钉,8,10,1.6995,雾/阴,9.0,85.0,附件2/内置天气轨迹
EXPERIMENT_INTERNAL,小号铁钉,8,11,1.5981,雾/阴,7.0,90.0,附件2/内置天气轨迹
EXPERIMENT_INTERNAL,小号铁钉,8,12,1.5056,雾/多云,8.0,85.0,附件2/内置天气轨迹
EXPERIMENT_INTERNAL,小号铁钉,8,13,1.4297,晴转多云,11.0,65.0,附件2/内置天气轨迹
EXPERIMENT_INTERNAL,小号铁钉,8,14,1.3518,多云,10.5,75.0,附件2/内置天气轨迹
EXPERIMENT_INTERNAL,小号铁钉,8,15,1.2749,中度雾霾,11.5,80.0,附件2/内置天气轨迹
EXPERIMENT_INTERNAL,小号铁钉,8,22,0.7039,晴,8.0,70.0,附件2/内置天气轨迹
EXPERIMENT_INTERNAL,小号铁钉,8,30,0.3806,小雨,10.0,85.0,附件2/内置天气轨迹
EXPERIMENT_INTERNAL,小号铁钉,8,37,0.242,多云转小雨,14.0,85.0,附件2/内置天气轨迹
EXPERIMENT_INTERNAL,小号铁钉,8,44,0.1456,晴转多云,11.0,70.0,附件2/内置天气轨迹
EXPERIMENT_INTERNAL,小号铁钉,8,51,0.0869,阴,13.0,80.0,附件2/内置天气轨迹
EXPERIMENT_INTERNAL,小号铁钉,8,58,0.038,分散阵雨转多云,18.0,80.0,附件2/内置天气轨迹
EXPERIMENT_INTERNAL,小号铁钉,8,90,0.0021,阴,20.0,80.0,附件2/内置天气轨迹
EXPERIMENT_INTERNAL,小号铁钉,9,1,2.6231,小雨,9.0,90.0,附件2/内置天气轨迹
EXPERIMENT_INTERNAL,小号铁钉,9,2,2.3505,小雨转阴,7.5,85.0,附件2/内置天气轨迹
EXPERIMENT_INTERNAL,小号铁钉,9,3,2.1061,阴转小雨,7.5,85.0,附件2/内置天气轨迹
EXPERIMENT_INTERNAL,小号铁钉,9,4,1.9932,多云,7.5,75.0,附件2/内置天气轨迹
EXPERIMENT_INTERNAL,小号铁钉,9,5,1.8816,雾/晴,8.5,80.0,附件2/内置天气轨迹
EXPERIMENT_INTERNAL,小号铁钉,9,6,1.7796,多云,9.5,75.0,附件2/内置天气轨迹
EXPERIMENT_INTERNAL,小号铁钉,9,7,1.6837,多云,8.5,75.0,附件2/内置天气轨迹
EXPERIMENT_INTERNAL,小号铁钉,9,8,1.5962,晴,9.0,70.0,附件2/内置天气轨迹
EXPERIMENT_INTERNAL,小号铁钉,9,9,1.5061,轻度雾霾,10.0,80.0,附件2/内置天气轨迹
EXPERIMENT_INTERNAL,小号铁钉,9,10,1.4184,雾/阴,9.0,85.0,附件2/内置天气轨迹
EXPERIMENT_INTERNAL,小号铁钉,9,11,1.3338,雾/阴,7.0,90.0,附件2/内置天气轨迹
EXPERIMENT_INTERNAL,小号铁钉,9,12,1.2566,雾/多云,8.0,85.0,附件2/内置天气轨迹
EXPERIMENT_INTERNAL,小号铁钉,9,13,1.1932,晴转多云,11.0,65.0,附件2/内置天气轨迹
EXPERIMENT_INTERNAL,小号铁钉,9,14,1.1282,多云,10.5,75.0,附件2/内置天气轨迹
EXPERIMENT_INTERNAL,小号铁钉,9,15,1.064,中度雾霾,11.5,80.0,附件2/内置天气轨迹
EXPERIMENT_INTERNAL,小号铁钉,9,22,0.5875,晴,8.0,70.0,附件2/内置天气轨迹
EXPERIMENT_INTERNAL,小号铁钉,9,30,0.3176,小雨,10.0,85.0,附件2/内置天气轨迹
EXPERIMENT_INTERNAL,小号铁钉,9,37,0.202,多云转小雨,14.0,85.0,附件2/内置天气轨迹
EXPERIMENT_INTERNAL,小号铁钉,9,44,0.1215,晴转多云,11.0,70.0,附件2/内置天气轨迹
EXPERIMENT_INTERNAL,小号铁钉,9,51,0.0725,阴,13.0,80.0,附件2/内置天气轨迹
EXPERIMENT_INTERNAL,小号铁钉,9,58,0.0317,分散阵雨转多云,18.0,80.0,附件2/内置天气轨迹
EXPERIMENT_INTERNAL,小号铁钉,9,90,0.0017,阴,20.0,80.0,附件2/内置天气轨迹
EXPERIMENT_INTERNAL,小号铁钉,10,1,2.8329,小雨,9.0,90.0,附件2/内置天气轨迹
EXPERIMENT_INTERNAL,小号铁钉,10,2,2.5384,小雨转阴,7.5,85.0,附件2/内置天气轨迹
EXPERIMENT_INTERNAL,小号铁钉,10,3,2.2745,阴转小雨,7.5,85.0,附件2/内置天气轨迹
EXPERIMENT_INTERNAL,小号铁钉,10,4,2.1526,多云,7.5,75.0,附件2/内置天气轨迹
EXPERIMENT_INTERNAL,小号铁钉,10,5,2.0321,雾/晴,8.5,80.0,附件2/内置天气轨迹
EXPERIMENT_INTERNAL,小号铁钉,10,6,1.9219,多云,9.5,75.0,附件2/内置天气轨迹
EXPERIMENT_INTERNAL,小号铁钉,10,7,1.8183,多云,8.5,75.0,附件2/内置天气轨迹
EXPERIMENT_INTERNAL,小号铁钉,10,8,1.7238,晴,9.0,70.0,附件2/内置天气轨迹
EXPERIMENT_INTERNAL,小号铁钉,10,9,1.6265,轻度雾霾,10.0,80.0,附件2/内置天气轨迹
EXPERIMENT_INTERNAL,小号铁钉,10,10,1.5319,雾/阴,9.0,85.0,附件2/内置天气轨迹
EXPERIMENT_INTERNAL,小号铁钉,10,11,1.4405,雾/阴,7.0,90.0,附件2/内置天气轨迹
EXPERIMENT_INTERNAL,小号铁钉,10,12,1.3571,雾/多云,8.0,85.0,附件2/内置天气轨迹
EXPERIMENT_INTERNAL,小号铁钉,10,13,1.2886,晴转多云,11.0,65.0,附件2/内置天气轨迹
EXPERIMENT_INTERNAL,小号铁钉,10,14,1.2184,多云,10.5,75.0,附件2/内置天气轨迹
EXPERIMENT_INTERNAL,小号铁钉,10,15,1.1491,中度雾霾,11.5,80.0,附件2/内置天气轨迹
EXPERIMENT_INTERNAL,小号铁钉,10,22,0.6344,晴,8.0,70.0,附件2/内置天气轨迹
EXPERIMENT_INTERNAL,小号铁钉,10,30,0.343,小雨,10.0,85.0,附件2/内置天气轨迹
EXPERIMENT_INTERNAL,小号铁钉,10,37,0.2181,多云转小雨,14.0,85.0,附件2/内置天气轨迹
EXPERIMENT_INTERNAL,小号铁钉,10,44,0.1313,晴转多云,11.0,70.0,附件2/内置天气轨迹
EXPERIMENT_INTERNAL,小号铁钉,10,51,0.0783,阴,13.0,80.0,附件2/内置天气轨迹
EXPERIMENT_INTERNAL,小号铁钉,10,58,0.0342,分散阵雨转多云,18.0,80.0,附件2/内置天气轨迹
EXPERIMENT_INTERNAL,小号铁钉,10,90,0.0019,阴,20.0,80.0,附件2/内置天气轨迹
EXPERIMENT_INTERNAL,小号铁钉,11,1,1.4846,小雨,9.0,90.0,附件2/内置天气轨迹
EXPERIMENT_INTERNAL,小号铁钉,11,2,1.3302,小雨转阴,7.5,85.0,附件2/内置天气轨迹
EXPERIMENT_INTERNAL,小号铁钉,11,3,1.192,阴转小雨,7.5,85.0,附件2/内置天气轨迹
EXPERIMENT_INTERNAL,小号铁钉,11,4,1.128,多云,7.5,75.0,附件2/内置天气轨迹
EXPERIMENT_INTERNAL,小号铁钉,11,5,1.0649,雾/晴,8.5,80.0,附件2/内置天气轨迹
EXPERIMENT_INTERNAL,小号铁钉,11,6,1.0072,多云,9.5,75.0,附件2/内置天气轨迹
EXPERIMENT_INTERNAL,小号铁钉,11,7,0.9529,多云,8.5,75.0,附件2/内置天气轨迹
EXPERIMENT_INTERNAL,小号铁钉,11,8,0.9034,晴,9.0,70.0,附件2/内置天气轨迹
EXPERIMENT_INTERNAL,小号铁钉,11,9,0.8524,轻度雾霾,10.0,80.0,附件2/内置天气轨迹
EXPERIMENT_INTERNAL,小号铁钉,11,10,0.8028,雾/阴,9.0,85.0,附件2/内置天气轨迹
EXPERIMENT_INTERNAL,小号铁钉,11,11,0.7549,雾/阴,7.0,90.0,附件2/内置天气轨迹
EXPERIMENT_INTERNAL,小号铁钉,11,12,0.7112,雾/多云,8.0,85.0,附件2/内置天气轨迹
EXPERIMENT_INTERNAL,小号铁钉,11,13,0.6753,晴转多云,11.0,65.0,附件2/内置天气轨迹
EXPERIMENT_INTERNAL,小号铁钉,11,14,0.6385,多云,10.5,75.0,附件2/内置天气轨迹
EXPERIMENT_INTERNAL,小号铁钉,11,15,0.6022,中度雾霾,11.5,80.0,附件2/内置天气轨迹
EXPERIMENT_INTERNAL,小号铁钉,11,22,0.3325,晴,8.0,70.0,附件2/内置天气轨迹
EXPERIMENT_INTERNAL,小号铁钉,11,30,0.1798,小雨,10.0,85.0,附件2/内置天气轨迹
EXPERIMENT_INTERNAL,小号铁钉,11,37,0.1143,多云转小雨,14.0,85.0,附件2/内置天气轨迹
EXPERIMENT_INTERNAL,小号铁钉,11,44,0.0688,晴转多云,11.0,70.0,附件2/内置天气轨迹
EXPERIMENT_INTERNAL,小号铁钉,11,51,0.041,阴,13.0,80.0,附件2/内置天气轨迹
EXPERIMENT_INTERNAL,小号铁钉,11,58,0.0179,分散阵雨转多云,18.0,80.0,附件2/内置天气轨迹
EXPERIMENT_INTERNAL,小号铁钉,11,90,0.001,阴,20.0,80.0,附件2/内置天气轨迹
EXPERIMENT_INTERNAL,小号铁钉,12,1,3.3464,小雨,9.0,90.0,附件2/内置天气轨迹
EXPERIMENT_INTERNAL,小号铁钉,12,2,2.9986,小雨转阴,7.5,85.0,附件2/内置天气轨迹
EXPERIMENT_INTERNAL,小号铁钉,12,3,2.6869,阴转小雨,7.5,85.0,附件2/内置天气轨迹
EXPERIMENT_INTERNAL,小号铁钉,12,4,2.5428,多云,7.5,75.0,附件2/内置天气轨迹
EXPERIMENT_INTERNAL,小号铁钉,12,5,2.4004,雾/晴,8.5,80.0,附件2/内置天气轨迹
EXPERIMENT_INTERNAL,小号铁钉,12,6,2.2703,多云,9.5,75.0,附件2/内置天气轨迹
EXPERIMENT_INTERNAL,小号铁钉,12,7,2.1479,多云,8.5,75.0,附件2/内置天气轨迹
EXPERIMENT_INTERNAL,小号铁钉,12,8,2.0363,晴,9.0,70.0,附件2/内置天气轨迹
EXPERIMENT_INTERNAL,小号铁钉,12,9,1.9214,轻度雾霾,10.0,80.0,附件2/内置天气轨迹
EXPERIMENT_INTERNAL,小号铁钉,12,10,1.8095,雾/阴,9.0,85.0,附件2/内置天气轨迹
EXPERIMENT_INTERNAL,小号铁钉,12,11,1.7016,雾/阴,7.0,90.0,附件2/内置天气轨迹
EXPERIMENT_INTERNAL,小号铁钉,12,12,1.6031,雾/多云,8.0,85.0,附件2/内置天气轨迹
EXPERIMENT_INTERNAL,小号铁钉,12,13,1.5222,晴转多云,11.0,65.0,附件2/内置天气轨迹
EXPERIMENT_INTERNAL,小号铁钉,12,14,1.4393,多云,10.5,75.0,附件2/内置天气轨迹
EXPERIMENT_INTERNAL,小号铁钉,12,15,1.3574,中度雾霾,11.5,80.0,附件2/内置天气轨迹
EXPERIMENT_INTERNAL,小号铁钉,12,22,0.7494,晴,8.0,70.0,附件2/内置天气轨迹
EXPERIMENT_INTERNAL,小号铁钉,12,30,0.4052,小雨,10.0,85.0,附件2/内置天气轨迹
EXPERIMENT_INTERNAL,小号铁钉,12,37,0.2577,多云转小雨,14.0,85.0,附件2/内置天气轨迹
EXPERIMENT_INTERNAL,小号铁钉,12,44,0.155,晴转多云,11.0,70.0,附件2/内置天气轨迹
EXPERIMENT_INTERNAL,小号铁钉,12,51,0.0925,阴,13.0,80.0,附件2/内置天气轨迹
EXPERIMENT_INTERNAL,小号铁钉,12,58,0.0405,分散阵雨转多云,18.0,80.0,附件2/内置天气轨迹
EXPERIMENT_INTERNAL,小号铁钉,12,90,0.0022,阴,20.0,80.0,附件2/内置天气轨迹
EXPERIMENT_INTERNAL,小号铁钉,13,1,3.0768,小雨,9.0,90.0,附件2/内置天气轨迹
EXPERIMENT_INTERNAL,小号铁钉,13,2,2.757,小雨转阴,7.5,85.0,附件2/内置天气轨迹
EXPERIMENT_INTERNAL,小号铁钉,13,3,2.4704,阴转小雨,7.5,85.0,附件2/内置天气轨迹
EXPERIMENT_INTERNAL,小号铁钉,13,4,2.3379,多云,7.5,75.0,附件2/内置天气轨迹
EXPERIMENT_INTERNAL,小号铁钉,13,5,2.207,雾/晴,8.5,80.0,附件2/内置天气轨迹
EXPERIMENT_INTERNAL,小号铁钉,13,6,2.0874,多云,9.5,75.0,附件2/内置天气轨迹
EXPERIMENT_INTERNAL,小号铁钉,13,7,1.9749,多云,8.5,75.0,附件2/内置天气轨迹
EXPERIMENT_INTERNAL,小号铁钉,13,8,1.8722,晴,9.0,70.0,附件2/内置天气轨迹
EXPERIMENT_INTERNAL,小号铁钉,13,9,1.7666,轻度雾霾,10.0,80.0,附件2/内置天气轨迹
EXPERIMENT_INTERNAL,小号铁钉,13,10,1.6638,雾/阴,9.0,85.0,附件2/内置天气轨迹
EXPERIMENT_INTERNAL,小号铁钉,13,11,1.5645,雾/阴,7.0,90.0,附件2/内置天气轨迹
EXPERIMENT_INTERNAL,小号铁钉,13,12,1.4739,雾/多云,8.0,85.0,附件2/内置天气轨迹
EXPERIMENT_INTERNAL,小号铁钉,13,13,1.3996,晴转多云,11.0,65.0,附件2/内置天气轨迹
EXPERIMENT_INTERNAL,小号铁钉,13,14,1.3233,多云,10.5,75.0,附件2/内置天气轨迹
EXPERIMENT_INTERNAL,小号铁钉,13,15,1.2481,中度雾霾,11.5,80.0,附件2/内置天气轨迹
EXPERIMENT_INTERNAL,小号铁钉,13,22,0.6891,晴,8.0,70.0,附件2/内置天气轨迹
EXPERIMENT_INTERNAL,小号铁钉,13,30,0.3726,小雨,10.0,85.0,附件2/内置天气轨迹
EXPERIMENT_INTERNAL,小号铁钉,13,37,0.2369,多云转小雨,14.0,85.0,附件2/内置天气轨迹
EXPERIMENT_INTERNAL,小号铁钉,13,44,0.1426,晴转多云,11.0,70.0,附件2/内置天气轨迹
EXPERIMENT_INTERNAL,小号铁钉,13,51,0.085,阴,13.0,80.0,附件2/内置天气轨迹
EXPERIMENT_INTERNAL,小号铁钉,13,58,0.0372,分散阵雨转多云,18.0,80.0,附件2/内置天气轨迹
EXPERIMENT_INTERNAL,小号铁钉,13,90,0.002,阴,20.0,80.0,附件2/内置天气轨迹
EXPERIMENT_INTERNAL,小号铁钉,14,1,1.8606,小雨,9.0,90.0,附件2/内置天气轨迹
EXPERIMENT_INTERNAL,小号铁钉,14,2,1.6672,小雨转阴,7.5,85.0,附件2/内置天气轨迹
EXPERIMENT_INTERNAL,小号铁钉,14,3,1.4939,阴转小雨,7.5,85.0,附件2/内置天气轨迹
EXPERIMENT_INTERNAL,小号铁钉,14,4,1.4138,多云,7.5,75.0,附件2/内置天气轨迹
EXPERIMENT_INTERNAL,小号铁钉,14,5,1.3347,雾/晴,8.5,80.0,附件2/内置天气轨迹
EXPERIMENT_INTERNAL,小号铁钉,14,6,1.2623,多云,9.5,75.0,附件2/内置天气轨迹
EXPERIMENT_INTERNAL,小号铁钉,14,7,1.1943,多云,8.5,75.0,附件2/内置天气轨迹
EXPERIMENT_INTERNAL,小号铁钉,14,8,1.1322,晴,9.0,70.0,附件2/内置天气轨迹
EXPERIMENT_INTERNAL,小号铁钉,14,9,1.0683,轻度雾霾,10.0,80.0,附件2/内置天气轨迹
EXPERIMENT_INTERNAL,小号铁钉,14,10,1.0061,雾/阴,9.0,85.0,附件2/内置天气轨迹
EXPERIMENT_INTERNAL,小号铁钉,14,11,0.9461,雾/阴,7.0,90.0,附件2/内置天气轨迹
EXPERIMENT_INTERNAL,小号铁钉,14,12,0.8913,雾/多云,8.0,85.0,附件2/内置天气轨迹
EXPERIMENT_INTERNAL,小号铁钉,14,13,0.8464,晴转多云,11.0,65.0,附件2/内置天气轨迹
EXPERIMENT_INTERNAL,小号铁钉,14,14,0.8003,多云,10.5,75.0,附件2/内置天气轨迹
EXPERIMENT_INTERNAL,小号铁钉,14,15,0.7547,中度雾霾,11.5,80.0,附件2/内置天气轨迹
EXPERIMENT_INTERNAL,小号铁钉,14,22,0.4167,晴,8.0,70.0,附件2/内置天气轨迹
EXPERIMENT_INTERNAL,小号铁钉,14,30,0.2253,小雨,10.0,85.0,附件2/内置天气轨迹
EXPERIMENT_INTERNAL,小号铁钉,14,37,0.1433,多云转小雨,14.0,85.0,附件2/内置天气轨迹
EXPERIMENT_INTERNAL,小号铁钉,14,44,0.0862,晴转多云,11.0,70.0,附件2/内置天气轨迹
EXPERIMENT_INTERNAL,小号铁钉,14,51,0.0514,阴,13.0,80.0,附件2/内置天气轨迹
EXPERIMENT_INTERNAL,小号铁钉,14,58,0.0225,分散阵雨转多云,18.0,80.0,附件2/内置天气轨迹
EXPERIMENT_INTERNAL,小号铁钉,14,90,0.0012,阴,20.0,80.0,附件2/内置天气轨迹
EXPERIMENT_INTERNAL,小号铁钉,15,1,1.8008,小雨,9.0,90.0,附件2/内置天气轨迹
EXPERIMENT_INTERNAL,小号铁钉,15,2,1.6136,小雨转阴,7.5,85.0,附件2/内置天气轨迹
EXPERIMENT_INTERNAL,小号铁钉,15,3,1.4459,阴转小雨,7.5,85.0,附件2/内置天气轨迹
EXPERIMENT_INTERNAL,小号铁钉,15,4,1.3683,多云,7.5,75.0,附件2/内置天气轨迹
EXPERIMENT_INTERNAL,小号铁钉,15,5,1.2917,雾/晴,8.5,80.0,附件2/内置天气轨迹
EXPERIMENT_INTERNAL,小号铁钉,15,6,1.2217,多云,9.5,75.0,附件2/内置天气轨迹
EXPERIMENT_INTERNAL,小号铁钉,15,7,1.1559,多云,8.5,75.0,附件2/内置天气轨迹
EXPERIMENT_INTERNAL,小号铁钉,15,8,1.0958,晴,9.0,70.0,附件2/内置天气轨迹
EXPERIMENT_INTERNAL,小号铁钉,15,9,1.0339,轻度雾霾,10.0,80.0,附件2/内置天气轨迹
EXPERIMENT_INTERNAL,小号铁钉,15,10,0.9738,雾/阴,9.0,85.0,附件2/内置天气轨迹
EXPERIMENT_INTERNAL,小号铁钉,15,11,0.9157,雾/阴,7.0,90.0,附件2/内置天气轨迹
EXPERIMENT_INTERNAL,小号铁钉,15,12,0.8626,雾/多云,8.0,85.0,附件2/内置天气轨迹
EXPERIMENT_INTERNAL,小号铁钉,15,13,0.8192,晴转多云,11.0,65.0,附件2/内置天气轨迹
EXPERIMENT_INTERNAL,小号铁钉,15,14,0.7745,多云,10.5,75.0,附件2/内置天气轨迹
EXPERIMENT_INTERNAL,小号铁钉,15,15,0.7305,中度雾霾,11.5,80.0,附件2/内置天气轨迹
EXPERIMENT_INTERNAL,小号铁钉,15,22,0.4033,晴,8.0,70.0,附件2/内置天气轨迹
EXPERIMENT_INTERNAL,小号铁钉,15,30,0.2181,小雨,10.0,85.0,附件2/内置天气轨迹
EXPERIMENT_INTERNAL,小号铁钉,15,37,0.1387,多云转小雨,14.0,85.0,附件2/内置天气轨迹
EXPERIMENT_INTERNAL,小号铁钉,15,44,0.0834,晴转多云,11.0,70.0,附件2/内置天气轨迹
EXPERIMENT_INTERNAL,小号铁钉,15,51,0.0498,阴,13.0,80.0,附件2/内置天气轨迹
EXPERIMENT_INTERNAL,小号铁钉,15,58,0.0218,分散阵雨转多云,18.0,80.0,附件2/内置天气轨迹
EXPERIMENT_INTERNAL,小号铁钉,15,90,0.0012,阴,20.0,80.0,附件2/内置天气轨迹
EXPERIMENT_INTERNAL,小号铁钉,16,1,1.8039,小雨,9.0,90.0,附件2/内置天气轨迹
EXPERIMENT_INTERNAL,小号铁钉,16,2,1.6164,小雨转阴,7.5,85.0,附件2/内置天气轨迹
EXPERIMENT_INTERNAL,小号铁钉,16,3,1.4484,阴转小雨,7.5,85.0,附件2/内置天气轨迹
EXPERIMENT_INTERNAL,小号铁钉,16,4,1.3707,多云,7.5,75.0,附件2/内置天气轨迹
EXPERIMENT_INTERNAL,小号铁钉,16,5,1.294,雾/晴,8.5,80.0,附件2/内置天气轨迹
EXPERIMENT_INTERNAL,小号铁钉,16,6,1.2238,多云,9.5,75.0,附件2/内置天气轨迹
EXPERIMENT_INTERNAL,小号铁钉,16,7,1.1578,多云,8.5,75.0,附件2/内置天气轨迹
EXPERIMENT_INTERNAL,小号铁钉,16,8,1.0977,晴,9.0,70.0,附件2/内置天气轨迹
EXPERIMENT_INTERNAL,小号铁钉,16,9,1.0357,轻度雾霾,10.0,80.0,附件2/内置天气轨迹
EXPERIMENT_INTERNAL,小号铁钉,16,10,0.9754,雾/阴,9.0,85.0,附件2/内置天气轨迹
EXPERIMENT_INTERNAL,小号铁钉,16,11,0.9172,雾/阴,7.0,90.0,附件2/内置天气轨迹
EXPERIMENT_INTERNAL,小号铁钉,16,12,0.8641,雾/多云,8.0,85.0,附件2/内置天气轨迹
EXPERIMENT_INTERNAL,小号铁钉,16,13,0.8206,晴转多云,11.0,65.0,附件2/内置天气轨迹
EXPERIMENT_INTERNAL,小号铁钉,16,14,0.7759,多云,10.5,75.0,附件2/内置天气轨迹
EXPERIMENT_INTERNAL,小号铁钉,16,15,0.7317,中度雾霾,11.5,80.0,附件2/内置天气轨迹
EXPERIMENT_INTERNAL,小号铁钉,16,22,0.404,晴,8.0,70.0,附件2/内置天气轨迹
EXPERIMENT_INTERNAL,小号铁钉,16,30,0.2184,小雨,10.0,85.0,附件2/内置天气轨迹
EXPERIMENT_INTERNAL,小号铁钉,16,37,0.1389,多云转小雨,14.0,85.0,附件2/内置天气轨迹
EXPERIMENT_INTERNAL,小号铁钉,16,44,0.0836,晴转多云,11.0,70.0,附件2/内置天气轨迹
EXPERIMENT_INTERNAL,小号铁钉,16,51,0.0499,阴,13.0,80.0,附件2/内置天气轨迹
EXPERIMENT_INTERNAL,小号铁钉,16,58,0.0218,分散阵雨转多云,18.0,80.0,附件2/内置天气轨迹
EXPERIMENT_INTERNAL,小号铁钉,16,90,0.0012,阴,20.0,80.0,附件2/内置天气轨迹
EXPERIMENT_INTERNAL,小号铁钉,17,1,2.0409,小雨,9.0,90.0,附件2/内置天气轨迹
EXPERIMENT_INTERNAL,小号铁钉,17,2,1.8287,小雨转阴,7.5,85.0,附件2/内置天气轨迹
EXPERIMENT_INTERNAL,小号铁钉,17,3,1.6386,阴转小雨,7.5,85.0,附件2/内置天气轨迹
EXPERIMENT_INTERNAL,小号铁钉,17,4,1.5508,多云,7.5,75.0,附件2/内置天气轨迹
EXPERIMENT_INTERNAL,小号铁钉,17,5,1.4639,雾/晴,8.5,80.0,附件2/内置天气轨迹
EXPERIMENT_INTERNAL,小号铁钉,17,6,1.3846,多云,9.5,75.0,附件2/内置天气轨迹
EXPERIMENT_INTERNAL,小号铁钉,17,7,1.31,多云,8.5,75.0,附件2/内置天气轨迹
EXPERIMENT_INTERNAL,小号铁钉,17,8,1.2419,晴,9.0,70.0,附件2/内置天气轨迹
EXPERIMENT_INTERNAL,小号铁钉,17,9,1.1718,轻度雾霾,10.0,80.0,附件2/内置天气轨迹
EXPERIMENT_INTERNAL,小号铁钉,17,10,1.1036,雾/阴,9.0,85.0,附件2/内置天气轨迹
EXPERIMENT_INTERNAL,小号铁钉,17,11,1.0378,雾/阴,7.0,90.0,附件2/内置天气轨迹
EXPERIMENT_INTERNAL,小号铁钉,17,12,0.9777,雾/多云,8.0,85.0,附件2/内置天气轨迹
EXPERIMENT_INTERNAL,小号铁钉,17,13,0.9284,晴转多云,11.0,65.0,附件2/内置天气轨迹
EXPERIMENT_INTERNAL,小号铁钉,17,14,0.8778,多云,10.5,75.0,附件2/内置天气轨迹
EXPERIMENT_INTERNAL,小号铁钉,17,15,0.8279,中度雾霾,11.5,80.0,附件2/内置天气轨迹
EXPERIMENT_INTERNAL,小号铁钉,17,22,0.4571,晴,8.0,70.0,附件2/内置天气轨迹
EXPERIMENT_INTERNAL,小号铁钉,17,30,0.2471,小雨,10.0,85.0,附件2/内置天气轨迹
EXPERIMENT_INTERNAL,小号铁钉,17,37,0.1571,多云转小雨,14.0,85.0,附件2/内置天气轨迹
EXPERIMENT_INTERNAL,小号铁钉,17,44,0.0946,晴转多云,11.0,70.0,附件2/内置天气轨迹
EXPERIMENT_INTERNAL,小号铁钉,17,51,0.0564,阴,13.0,80.0,附件2/内置天气轨迹
EXPERIMENT_INTERNAL,小号铁钉,17,58,0.0247,分散阵雨转多云,18.0,80.0,附件2/内置天气轨迹
EXPERIMENT_INTERNAL,小号铁钉,17,90,0.0014,阴,20.0,80.0,附件2/内置天气轨迹
EXPERIMENT_INTERNAL,小号铁钉,18,1,2.4734,小雨,9.0,90.0,附件2/内置天气轨迹
EXPERIMENT_INTERNAL,小号铁钉,18,2,2.2163,小雨转阴,7.5,85.0,附件2/内置天气轨迹
EXPERIMENT_INTERNAL,小号铁钉,18,3,1.9859,阴转小雨,7.5,85.0,附件2/内置天气轨迹
EXPERIMENT_INTERNAL,小号铁钉,18,4,1.8794,多云,7.5,75.0,附件2/内置天气轨迹
EXPERIMENT_INTERNAL,小号铁钉,18,5,1.7742,雾/晴,8.5,80.0,附件2/内置天气轨迹
EXPERIMENT_INTERNAL,小号铁钉,18,6,1.678,多云,9.5,75.0,附件2/内置天气轨迹
EXPERIMENT_INTERNAL,小号铁钉,18,7,1.5876,多云,8.5,75.0,附件2/内置天气轨迹
EXPERIMENT_INTERNAL,小号铁钉,18,8,1.505,晴,9.0,70.0,附件2/内置天气轨迹
EXPERIMENT_INTERNAL,小号铁钉,18,9,1.4201,轻度雾霾,10.0,80.0,附件2/内置天气轨迹
EXPERIMENT_INTERNAL,小号铁钉,18,10,1.3374,雾/阴,9.0,85.0,附件2/内置天气轨迹
EXPERIMENT_INTERNAL,小号铁钉,18,11,1.2577,雾/阴,7.0,90.0,附件2/内置天气轨迹
EXPERIMENT_INTERNAL,小号铁钉,18,12,1.1848,雾/多云,8.0,85.0,附件2/内置天气轨迹
EXPERIMENT_INTERNAL,小号铁钉,18,13,1.1251,晴转多云,11.0,65.0,附件2/内置天气轨迹
EXPERIMENT_INTERNAL,小号铁钉,18,14,1.0638,多云,10.5,75.0,附件2/内置天气轨迹
EXPERIMENT_INTERNAL,小号铁钉,18,15,1.0033,中度雾霾,11.5,80.0,附件2/内置天气轨迹
EXPERIMENT_INTERNAL,小号铁钉,18,22,0.5539,晴,8.0,70.0,附件2/内置天气轨迹
EXPERIMENT_INTERNAL,小号铁钉,18,30,0.2995,小雨,10.0,85.0,附件2/内置天气轨迹
EXPERIMENT_INTERNAL,小号铁钉,18,37,0.1904,多云转小雨,14.0,85.0,附件2/内置天气轨迹
EXPERIMENT_INTERNAL,小号铁钉,18,44,0.1146,晴转多云,11.0,70.0,附件2/内置天气轨迹
EXPERIMENT_INTERNAL,小号铁钉,18,51,0.0684,阴,13.0,80.0,附件2/内置天气轨迹
EXPERIMENT_INTERNAL,小号铁钉,18,58,0.0299,分散阵雨转多云,18.0,80.0,附件2/内置天气轨迹
EXPERIMENT_INTERNAL,小号铁钉,18,90,0.0016,阴,20.0,80.0,附件2/内置天气轨迹
EXPERIMENT_INTERNAL,小号铁钉,19,1,2.2913,小雨,9.0,90.0,附件2/内置天气轨迹
EXPERIMENT_INTERNAL,小号铁钉,19,2,2.0532,小雨转阴,7.5,85.0,附件2/内置天气轨迹
EXPERIMENT_INTERNAL,小号铁钉,19,3,1.8397,阴转小雨,7.5,85.0,附件2/内置天气轨迹
EXPERIMENT_INTERNAL,小号铁钉,19,4,1.7411,多云,7.5,75.0,附件2/内置天气轨迹
EXPERIMENT_INTERNAL,小号铁钉,19,5,1.6436,雾/晴,8.5,80.0,附件2/内置天气轨迹
EXPERIMENT_INTERNAL,小号铁钉,19,6,1.5545,多云,9.5,75.0,附件2/内置天气轨迹
EXPERIMENT_INTERNAL,小号铁钉,19,7,1.4707,多云,8.5,75.0,附件2/内置天气轨迹
EXPERIMENT_INTERNAL,小号铁钉,19,8,1.3943,晴,9.0,70.0,附件2/内置天气轨迹
EXPERIMENT_INTERNAL,小号铁钉,19,9,1.3156,轻度雾霾,10.0,80.0,附件2/内置天气轨迹
EXPERIMENT_INTERNAL,小号铁钉,19,10,1.239,雾/阴,9.0,85.0,附件2/内置天气轨迹
EXPERIMENT_INTERNAL,小号铁钉,19,11,1.1651,雾/阴,7.0,90.0,附件2/内置天气轨迹
EXPERIMENT_INTERNAL,小号铁钉,19,12,1.0976,雾/多云,8.0,85.0,附件2/内置天气轨迹
EXPERIMENT_INTERNAL,小号铁钉,19,13,1.0423,晴转多云,11.0,65.0,附件2/内置天气轨迹
EXPERIMENT_INTERNAL,小号铁钉,19,14,0.9855,多云,10.5,75.0,附件2/内置天气轨迹
EXPERIMENT_INTERNAL,小号铁钉,19,15,0.9295,中度雾霾,11.5,80.0,附件2/内置天气轨迹
EXPERIMENT_INTERNAL,小号铁钉,19,22,0.5132,晴,8.0,70.0,附件2/内置天气轨迹
EXPERIMENT_INTERNAL,小号铁钉,19,30,0.2775,小雨,10.0,85.0,附件2/内置天气轨迹
EXPERIMENT_INTERNAL,小号铁钉,19,37,0.1764,多云转小雨,14.0,85.0,附件2/内置天气轨迹
EXPERIMENT_INTERNAL,小号铁钉,19,44,0.1062,晴转多云,11.0,70.0,附件2/内置天气轨迹
EXPERIMENT_INTERNAL,小号铁钉,19,51,0.0633,阴,13.0,80.0,附件2/内置天气轨迹
EXPERIMENT_INTERNAL,小号铁钉,19,58,0.0277,分散阵雨转多云,18.0,80.0,附件2/内置天气轨迹
EXPERIMENT_INTERNAL,小号铁钉,19,90,0.0015,阴,20.0,80.0,附件2/内置天气轨迹
EXPERIMENT_INTERNAL,小号铁钉,20,1,2.0154,小雨,9.0,90.0,附件2/内置天气轨迹
EXPERIMENT_INTERNAL,小号铁钉,20,2,1.8059,小雨转阴,7.5,85.0,附件2/内置天气轨迹
EXPERIMENT_INTERNAL,小号铁钉,20,3,1.6181,阴转小雨,7.5,85.0,附件2/内置天气轨迹
EXPERIMENT_INTERNAL,小号铁钉,20,4,1.5314,多云,7.5,75.0,附件2/内置天气轨迹
EXPERIMENT_INTERNAL,小号铁钉,20,5,1.4456,雾/晴,8.5,80.0,附件2/内置天气轨迹
EXPERIMENT_INTERNAL,小号铁钉,20,6,1.3673,多云,9.5,75.0,附件2/内置天气轨迹
EXPERIMENT_INTERNAL,小号铁钉,20,7,1.2936,多云,8.5,75.0,附件2/内置天气轨迹
EXPERIMENT_INTERNAL,小号铁钉,20,8,1.2263,晴,9.0,70.0,附件2/内置天气轨迹
EXPERIMENT_INTERNAL,小号铁钉,20,9,1.1571,轻度雾霾,10.0,80.0,附件2/内置天气轨迹
EXPERIMENT_INTERNAL,小号铁钉,20,10,1.0898,雾/阴,9.0,85.0,附件2/内置天气轨迹
EXPERIMENT_INTERNAL,小号铁钉,20,11,1.0248,雾/阴,7.0,90.0,附件2/内置天气轨迹
EXPERIMENT_INTERNAL,小号铁钉,20,12,0.9654,雾/多云,8.0,85.0,附件2/内置天气轨迹
EXPERIMENT_INTERNAL,小号铁钉,20,13,0.9168,晴转多云,11.0,65.0,附件2/内置天气轨迹
EXPERIMENT_INTERNAL,小号铁钉,20,14,0.8668,多云,10.5,75.0,附件2/内置天气轨迹
EXPERIMENT_INTERNAL,小号铁钉,20,15,0.8175,中度雾霾,11.5,80.0,附件2/内置天气轨迹
EXPERIMENT_INTERNAL,小号铁钉,20,22,0.4513,晴,8.0,70.0,附件2/内置天气轨迹
EXPERIMENT_INTERNAL,小号铁钉,20,30,0.244,小雨,10.0,85.0,附件2/内置天气轨迹
EXPERIMENT_INTERNAL,小号铁钉,20,37,0.1552,多云转小雨,14.0,85.0,附件2/内置天气轨迹
EXPERIMENT_INTERNAL,小号铁钉,20,44,0.0934,晴转多云,11.0,70.0,附件2/内置天气轨迹
EXPERIMENT_INTERNAL,小号铁钉,20,51,0.0557,阴,13.0,80.0,附件2/内置天气轨迹
EXPERIMENT_INTERNAL,小号铁钉,20,58,0.0244,分散阵雨转多云,18.0,80.0,附件2/内置天气轨迹
EXPERIMENT_INTERNAL,小号铁钉,20,90,0.0013,阴,20.0,80.0,附件2/内置天气轨迹
EXPERIMENT_INTERNAL,小号铁夹,1,1,2.4595,小雨,9.0,90.0,附件2/内置天气轨迹
EXPERIMENT_INTERNAL,小号铁夹,1,2,2.1899,小雨转阴,7.5,85.0,附件2/内置天气轨迹
EXPERIMENT_INTERNAL,小号铁夹,1,3,1.9498,阴转小雨,7.5,85.0,附件2/内置天气轨迹
EXPERIMENT_INTERNAL,小号铁夹,1,4,1.8396,多云,7.5,75.0,附件2/内置天气轨迹
EXPERIMENT_INTERNAL,小号铁夹,1,5,1.7309,雾/晴,8.5,80.0,附件2/内置天气轨迹
EXPERIMENT_INTERNAL,小号铁夹,1,6,1.632,多云,9.5,75.0,附件2/内置天气轨迹
EXPERIMENT_INTERNAL,小号铁夹,1,7,1.5392,多云,8.5,75.0,附件2/内置天气轨迹
EXPERIMENT_INTERNAL,小号铁夹,1,8,1.4549,晴,9.0,70.0,附件2/内置天气轨迹
EXPERIMENT_INTERNAL,小号铁夹,1,9,1.3683,轻度雾霾,10.0,80.0,附件2/内置天气轨迹
EXPERIMENT_INTERNAL,小号铁夹,1,10,1.2843,雾/阴,9.0,85.0,附件2/内置天气轨迹
EXPERIMENT_INTERNAL,小号铁夹,1,11,1.2035,雾/阴,7.0,90.0,附件2/内置天气轨迹
EXPERIMENT_INTERNAL,小号铁夹,1,12,1.13,雾/多云,8.0,85.0,附件2/内置天气轨迹
EXPERIMENT_INTERNAL,小号铁夹,1,13,1.0699,晴转多云,11.0,65.0,附件2/内置天气轨迹
EXPERIMENT_INTERNAL,小号铁夹,1,14,1.0085,多云,10.5,75.0,附件2/内置天气轨迹
EXPERIMENT_INTERNAL,小号铁夹,1,15,0.948,中度雾霾,11.5,80.0,附件2/内置天气轨迹
EXPERIMENT_INTERNAL,小号铁夹,1,22,0.5058,晴,8.0,70.0,附件2/内置天气轨迹
EXPERIMENT_INTERNAL,小号铁夹,1,30,0.264,小雨,10.0,85.0,附件2/内置天气轨迹
EXPERIMENT_INTERNAL,小号铁夹,1,37,0.1636,多云转小雨,14.0,85.0,附件2/内置天气轨迹
EXPERIMENT_INTERNAL,小号铁夹,1,44,0.0957,晴转多云,11.0,70.0,附件2/内置天气轨迹
EXPERIMENT_INTERNAL,小号铁夹,1,51,0.0554,阴,13.0,80.0,附件2/内置天气轨迹
EXPERIMENT_INTERNAL,小号铁夹,1,58,0.0231,分散阵雨转多云,18.0,80.0,附件2/内置天气轨迹
EXPERIMENT_INTERNAL,小号铁夹,1,90,0.0011,阴,20.0,80.0,附件2/内置天气轨迹
EXPERIMENT_INTERNAL,小号铁夹,2,1,1.7776,小雨,9.0,90.0,附件2/内置天气轨迹
EXPERIMENT_INTERNAL,小号铁夹,2,2,1.5828,小雨转阴,7.5,85.0,附件2/内置天气轨迹
EXPERIMENT_INTERNAL,小号铁夹,2,3,1.4093,阴转小雨,7.5,85.0,附件2/内置天气轨迹
EXPERIMENT_INTERNAL,小号铁夹,2,4,1.3296,多云,7.5,75.0,附件2/内置天气轨迹
EXPERIMENT_INTERNAL,小号铁夹,2,5,1.2511,雾/晴,8.5,80.0,附件2/内置天气轨迹
EXPERIMENT_INTERNAL,小号铁夹,2,6,1.1796,多云,9.5,75.0,附件2/内置天气轨迹
EXPERIMENT_INTERNAL,小号铁夹,2,7,1.1125,多云,8.5,75.0,附件2/内置天气轨迹
EXPERIMENT_INTERNAL,小号铁夹,2,8,1.0515,晴,9.0,70.0,附件2/内置天气轨迹
EXPERIMENT_INTERNAL,小号铁夹,2,9,0.989,轻度雾霾,10.0,80.0,附件2/内置天气轨迹
EXPERIMENT_INTERNAL,小号铁夹,2,10,0.9283,雾/阴,9.0,85.0,附件2/内置天气轨迹
EXPERIMENT_INTERNAL,小号铁夹,2,11,0.8699,雾/阴,7.0,90.0,附件2/内置天气轨迹
EXPERIMENT_INTERNAL,小号铁夹,2,12,0.8167,雾/多云,8.0,85.0,附件2/内置天气轨迹
EXPERIMENT_INTERNAL,小号铁夹,2,13,0.7733,晴转多云,11.0,65.0,附件2/内置天气轨迹
EXPERIMENT_INTERNAL,小号铁夹,2,14,0.7289,多云,10.5,75.0,附件2/内置天气轨迹
EXPERIMENT_INTERNAL,小号铁夹,2,15,0.6852,中度雾霾,11.5,80.0,附件2/内置天气轨迹
EXPERIMENT_INTERNAL,小号铁夹,2,22,0.3656,晴,8.0,70.0,附件2/内置天气轨迹
EXPERIMENT_INTERNAL,小号铁夹,2,30,0.1908,小雨,10.0,85.0,附件2/内置天气轨迹
EXPERIMENT_INTERNAL,小号铁夹,2,37,0.1183,多云转小雨,14.0,85.0,附件2/内置天气轨迹
EXPERIMENT_INTERNAL,小号铁夹,2,44,0.0691,晴转多云,11.0,70.0,附件2/内置天气轨迹
EXPERIMENT_INTERNAL,小号铁夹,2,51,0.0401,阴,13.0,80.0,附件2/内置天气轨迹
EXPERIMENT_INTERNAL,小号铁夹,2,58,0.0167,分散阵雨转多云,18.0,80.0,附件2/内置天气轨迹
EXPERIMENT_INTERNAL,小号铁夹,2,90,0.0008,阴,20.0,80.0,附件2/内置天气轨迹
EXPERIMENT_INTERNAL,小号铁夹,3,1,1.998,小雨,9.0,90.0,附件2/内置天气轨迹
EXPERIMENT_INTERNAL,小号铁夹,3,2,1.779,小雨转阴,7.5,85.0,附件2/内置天气轨迹
EXPERIMENT_INTERNAL,小号铁夹,3,3,1.584,阴转小雨,7.5,85.0,附件2/内置天气轨迹
EXPERIMENT_INTERNAL,小号铁夹,3,4,1.4944,多云,7.5,75.0,附件2/内置天气轨迹
EXPERIMENT_INTERNAL,小号铁夹,3,5,1.4062,雾/晴,8.5,80.0,附件2/内置天气轨迹
EXPERIMENT_INTERNAL,小号铁夹,3,6,1.3258,多云,9.5,75.0,附件2/内置天气轨迹
EXPERIMENT_INTERNAL,小号铁夹,3,7,1.2504,多云,8.5,75.0,附件2/内置天气轨迹
EXPERIMENT_INTERNAL,小号铁夹,3,8,1.1819,晴,9.0,70.0,附件2/内置天气轨迹
EXPERIMENT_INTERNAL,小号铁夹,3,9,1.1116,轻度雾霾,10.0,80.0,附件2/内置天气轨迹
EXPERIMENT_INTERNAL,小号铁夹,3,10,1.0433,雾/阴,9.0,85.0,附件2/内置天气轨迹
EXPERIMENT_INTERNAL,小号铁夹,3,11,0.9777,雾/阴,7.0,90.0,附件2/内置天气轨迹
EXPERIMENT_INTERNAL,小号铁夹,3,12,0.918,雾/多云,8.0,85.0,附件2/内置天气轨迹
EXPERIMENT_INTERNAL,小号铁夹,3,13,0.8692,晴转多云,11.0,65.0,附件2/内置天气轨迹
EXPERIMENT_INTERNAL,小号铁夹,3,14,0.8192,多云,10.5,75.0,附件2/内置天气轨迹
EXPERIMENT_INTERNAL,小号铁夹,3,15,0.7701,中度雾霾,11.5,80.0,附件2/内置天气轨迹
EXPERIMENT_INTERNAL,小号铁夹,3,22,0.4109,晴,8.0,70.0,附件2/内置天气轨迹
EXPERIMENT_INTERNAL,小号铁夹,3,30,0.2145,小雨,10.0,85.0,附件2/内置天气轨迹
EXPERIMENT_INTERNAL,小号铁夹,3,37,0.1329,多云转小雨,14.0,85.0,附件2/内置天气轨迹
EXPERIMENT_INTERNAL,小号铁夹,3,44,0.0777,晴转多云,11.0,70.0,附件2/内置天气轨迹
EXPERIMENT_INTERNAL,小号铁夹,3,51,0.045,阴,13.0,80.0,附件2/内置天气轨迹
EXPERIMENT_INTERNAL,小号铁夹,3,58,0.0188,分散阵雨转多云,18.0,80.0,附件2/内置天气轨迹
EXPERIMENT_INTERNAL,小号铁夹,3,90,0.0009,阴,20.0,80.0,附件2/内置天气轨迹
EXPERIMENT_INTERNAL,小号铁夹,4,1,2.1051,小雨,9.0,90.0,附件2/内置天气轨迹
EXPERIMENT_INTERNAL,小号铁夹,4,2,1.8744,小雨转阴,7.5,85.0,附件2/内置天气轨迹
EXPERIMENT_INTERNAL,小号铁夹,4,3,1.6689,阴转小雨,7.5,85.0,附件2/内置天气轨迹
EXPERIMENT_INTERNAL,小号铁夹,4,4,1.5745,多云,7.5,75.0,附件2/内置天气轨迹
EXPERIMENT_INTERNAL,小号铁夹,4,5,1.4816,雾/晴,8.5,80.0,附件2/内置天气轨迹
EXPERIMENT_INTERNAL,小号铁夹,4,6,1.3969,多云,9.5,75.0,附件2/内置天气轨迹
EXPERIMENT_INTERNAL,小号铁夹,4,7,1.3175,多云,8.5,75.0,附件2/内置天气轨迹
EXPERIMENT_INTERNAL,小号铁夹,4,8,1.2453,晴,9.0,70.0,附件2/内置天气轨迹
EXPERIMENT_INTERNAL,小号铁夹,4,9,1.1712,轻度雾霾,10.0,80.0,附件2/内置天气轨迹
EXPERIMENT_INTERNAL,小号铁夹,4,10,1.0993,雾/阴,9.0,85.0,附件2/内置天气轨迹
EXPERIMENT_INTERNAL,小号铁夹,4,11,1.0301,雾/阴,7.0,90.0,附件2/内置天气轨迹
EXPERIMENT_INTERNAL,小号铁夹,4,12,0.9672,雾/多云,8.0,85.0,附件2/内置天气轨迹
EXPERIMENT_INTERNAL,小号铁夹,4,13,0.9158,晴转多云,11.0,65.0,附件2/内置天气轨迹
EXPERIMENT_INTERNAL,小号铁夹,4,14,0.8632,多云,10.5,75.0,附件2/内置天气轨迹
EXPERIMENT_INTERNAL,小号铁夹,4,15,0.8114,中度雾霾,11.5,80.0,附件2/内置天气轨迹
EXPERIMENT_INTERNAL,小号铁夹,4,22,0.4329,晴,8.0,70.0,附件2/内置天气轨迹
EXPERIMENT_INTERNAL,小号铁夹,4,30,0.226,小雨,10.0,85.0,附件2/内置天气轨迹
EXPERIMENT_INTERNAL,小号铁夹,4,37,0.1401,多云转小雨,14.0,85.0,附件2/内置天气轨迹
EXPERIMENT_INTERNAL,小号铁夹,4,44,0.0819,晴转多云,11.0,70.0,附件2/内置天气轨迹
EXPERIMENT_INTERNAL,小号铁夹,4,51,0.0474,阴,13.0,80.0,附件2/内置天气轨迹
EXPERIMENT_INTERNAL,小号铁夹,4,58,0.0198,分散阵雨转多云,18.0,80.0,附件2/内置天气轨迹
EXPERIMENT_INTERNAL,小号铁夹,4,90,0.0009,阴,20.0,80.0,附件2/内置天气轨迹
EXPERIMENT_INTERNAL,小号铁夹,5,1,2.2346,小雨,9.0,90.0,附件2/内置天气轨迹
EXPERIMENT_INTERNAL,小号铁夹,5,2,1.9897,小雨转阴,7.5,85.0,附件2/内置天气轨迹
EXPERIMENT_INTERNAL,小号铁夹,5,3,1.7715,阴转小雨,7.5,85.0,附件2/内置天气轨迹
EXPERIMENT_INTERNAL,小号铁夹,5,4,1.6714,多云,7.5,75.0,附件2/内置天气轨迹
EXPERIMENT_INTERNAL,小号铁夹,5,5,1.5727,雾/晴,8.5,80.0,附件2/内置天气轨迹
EXPERIMENT_INTERNAL,小号铁夹,5,6,1.4828,多云,9.5,75.0,附件2/内置天气轨迹
EXPERIMENT_INTERNAL,小号铁夹,5,7,1.3985,多云,8.5,75.0,附件2/内置天气轨迹
EXPERIMENT_INTERNAL,小号铁夹,5,8,1.3219,晴,9.0,70.0,附件2/内置天气轨迹
EXPERIMENT_INTERNAL,小号铁夹,5,9,1.2432,轻度雾霾,10.0,80.0,附件2/内置天气轨迹
EXPERIMENT_INTERNAL,小号铁夹,5,10,1.1669,雾/阴,9.0,85.0,附件2/内置天气轨迹
EXPERIMENT_INTERNAL,小号铁夹,5,11,1.0935,雾/阴,7.0,90.0,附件2/内置天气轨迹
EXPERIMENT_INTERNAL,小号铁夹,5,12,1.0267,雾/多云,8.0,85.0,附件2/内置天气轨迹
EXPERIMENT_INTERNAL,小号铁夹,5,13,0.9721,晴转多云,11.0,65.0,附件2/内置天气轨迹
EXPERIMENT_INTERNAL,小号铁夹,5,14,0.9163,多云,10.5,75.0,附件2/内置天气轨迹
EXPERIMENT_INTERNAL,小号铁夹,5,15,0.8613,中度雾霾,11.5,80.0,附件2/内置天气轨迹
EXPERIMENT_INTERNAL,小号铁夹,5,22,0.4595,晴,8.0,70.0,附件2/内置天气轨迹
EXPERIMENT_INTERNAL,小号铁夹,5,30,0.2399,小雨,10.0,85.0,附件2/内置天气轨迹
EXPERIMENT_INTERNAL,小号铁夹,5,37,0.1487,多云转小雨,14.0,85.0,附件2/内置天气轨迹
EXPERIMENT_INTERNAL,小号铁夹,5,44,0.0869,晴转多云,11.0,70.0,附件2/内置天气轨迹
EXPERIMENT_INTERNAL,小号铁夹,5,51,0.0503,阴,13.0,80.0,附件2/内置天气轨迹
EXPERIMENT_INTERNAL,小号铁夹,5,58,0.021,分散阵雨转多云,18.0,80.0,附件2/内置天气轨迹
EXPERIMENT_INTERNAL,小号铁夹,5,90,0.001,阴,20.0,80.0,附件2/内置天气轨迹
EXPERIMENT_INTERNAL,小号铁夹,6,1,2.7097,小雨,9.0,90.0,附件2/内置天气轨迹
EXPERIMENT_INTERNAL,小号铁夹,6,2,2.4126,小雨转阴,7.5,85.0,附件2/内置天气轨迹
EXPERIMENT_INTERNAL,小号铁夹,6,3,2.1482,阴转小雨,7.5,85.0,附件2/内置天气轨迹
EXPERIMENT_INTERNAL,小号铁夹,6,4,2.0267,多云,7.5,75.0,附件2/内置天气轨迹
EXPERIMENT_INTERNAL,小号铁夹,6,5,1.907,雾/晴,8.5,80.0,附件2/内置天气轨迹
EXPERIMENT_INTERNAL,小号铁夹,6,6,1.798,多云,9.5,75.0,附件2/内置天气轨迹
EXPERIMENT_INTERNAL,小号铁夹,6,7,1.6958,多云,8.5,75.0,附件2/内置天气轨迹
EXPERIMENT_INTERNAL,小号铁夹,6,8,1.6029,晴,9.0,70.0,附件2/内置天气轨迹
EXPERIMENT_INTERNAL,小号铁夹,6,9,1.5075,轻度雾霾,10.0,80.0,附件2/内置天气轨迹
EXPERIMENT_INTERNAL,小号铁夹,6,10,1.4149,雾/阴,9.0,85.0,附件2/内置天气轨迹
EXPERIMENT_INTERNAL,小号铁夹,6,11,1.3259,雾/阴,7.0,90.0,附件2/内置天气轨迹
EXPERIMENT_INTERNAL,小号铁夹,6,12,1.245,雾/多云,8.0,85.0,附件2/内置天气轨迹
EXPERIMENT_INTERNAL,小号铁夹,6,13,1.1788,晴转多云,11.0,65.0,附件2/内置天气轨迹
EXPERIMENT_INTERNAL,小号铁夹,6,14,1.111,多云,10.5,75.0,附件2/内置天气轨迹
EXPERIMENT_INTERNAL,小号铁夹,6,15,1.0444,中度雾霾,11.5,80.0,附件2/内置天气轨迹
EXPERIMENT_INTERNAL,小号铁夹,6,22,0.5572,晴,8.0,70.0,附件2/内置天气轨迹
EXPERIMENT_INTERNAL,小号铁夹,6,30,0.2909,小雨,10.0,85.0,附件2/内置天气轨迹
EXPERIMENT_INTERNAL,小号铁夹,6,37,0.1803,多云转小雨,14.0,85.0,附件2/内置天气轨迹
EXPERIMENT_INTERNAL,小号铁夹,6,44,0.1054,晴转多云,11.0,70.0,附件2/内置天气轨迹
EXPERIMENT_INTERNAL,小号铁夹,6,51,0.061,阴,13.0,80.0,附件2/内置天气轨迹
EXPERIMENT_INTERNAL,小号铁夹,6,58,0.0254,分散阵雨转多云,18.0,80.0,附件2/内置天气轨迹
EXPERIMENT_INTERNAL,小号铁夹,6,90,0.0012,阴,20.0,80.0,附件2/内置天气轨迹
EXPERIMENT_INTERNAL,小号铁夹,7,1,1.8645,小雨,9.0,90.0,附件2/内置天气轨迹
EXPERIMENT_INTERNAL,小号铁夹,7,2,1.6601,小雨转阴,7.5,85.0,附件2/内置天气轨迹
EXPERIMENT_INTERNAL,小号铁夹,7,3,1.4781,阴转小雨,7.5,85.0,附件2/内置天气轨迹
EXPERIMENT_INTERNAL,小号铁夹,7,4,1.3946,多云,7.5,75.0,附件2/内置天气轨迹
EXPERIMENT_INTERNAL,小号铁夹,7,5,1.3122,雾/晴,8.5,80.0,附件2/内置天气轨迹
EXPERIMENT_INTERNAL,小号铁夹,7,6,1.2372,多云,9.5,75.0,附件2/内置天气轨迹
EXPERIMENT_INTERNAL,小号铁夹,7,7,1.1669,多云,8.5,75.0,附件2/内置天气轨迹
EXPERIMENT_INTERNAL,小号铁夹,7,8,1.1029,晴,9.0,70.0,附件2/内置天气轨迹
EXPERIMENT_INTERNAL,小号铁夹,7,9,1.0373,轻度雾霾,10.0,80.0,附件2/内置天气轨迹
EXPERIMENT_INTERNAL,小号铁夹,7,10,0.9736,雾/阴,9.0,85.0,附件2/内置天气轨迹
EXPERIMENT_INTERNAL,小号铁夹,7,11,0.9124,雾/阴,7.0,90.0,附件2/内置天气轨迹
EXPERIMENT_INTERNAL,小号铁夹,7,12,0.8567,雾/多云,8.0,85.0,附件2/内置天气轨迹
EXPERIMENT_INTERNAL,小号铁夹,7,13,0.8111,晴转多云,11.0,65.0,附件2/内置天气轨迹
EXPERIMENT_INTERNAL,小号铁夹,7,14,0.7645,多云,10.5,75.0,附件2/内置天气轨迹
EXPERIMENT_INTERNAL,小号铁夹,7,15,0.7187,中度雾霾,11.5,80.0,附件2/内置天气轨迹
EXPERIMENT_INTERNAL,小号铁夹,7,22,0.3834,晴,8.0,70.0,附件2/内置天气轨迹
EXPERIMENT_INTERNAL,小号铁夹,7,30,0.2002,小雨,10.0,85.0,附件2/内置天气轨迹
EXPERIMENT_INTERNAL,小号铁夹,7,37,0.1241,多云转小雨,14.0,85.0,附件2/内置天气轨迹
EXPERIMENT_INTERNAL,小号铁夹,7,44,0.0725,晴转多云,11.0,70.0,附件2/内置天气轨迹
EXPERIMENT_INTERNAL,小号铁夹,7,51,0.042,阴,13.0,80.0,附件2/内置天气轨迹
EXPERIMENT_INTERNAL,小号铁夹,7,58,0.0175,分散阵雨转多云,18.0,80.0,附件2/内置天气轨迹
EXPERIMENT_INTERNAL,小号铁夹,7,90,0.0008,阴,20.0,80.0,附件2/内置天气轨迹
EXPERIMENT_INTERNAL,小号铁夹,8,1,2.3186,小雨,9.0,90.0,附件2/内置天气轨迹
EXPERIMENT_INTERNAL,小号铁夹,8,2,2.0644,小雨转阴,7.5,85.0,附件2/内置天气轨迹
EXPERIMENT_INTERNAL,小号铁夹,8,3,1.8381,阴转小雨,7.5,85.0,附件2/内置天气轨迹
EXPERIMENT_INTERNAL,小号铁夹,8,4,1.7342,多云,7.5,75.0,附件2/内置天气轨迹
EXPERIMENT_INTERNAL,小号铁夹,8,5,1.6318,雾/晴,8.5,80.0,附件2/内置天气轨迹
EXPERIMENT_INTERNAL,小号铁夹,8,6,1.5385,多云,9.5,75.0,附件2/内置天气轨迹
EXPERIMENT_INTERNAL,小号铁夹,8,7,1.4511,多云,8.5,75.0,附件2/内置天气轨迹
EXPERIMENT_INTERNAL,小号铁夹,8,8,1.3715,晴,9.0,70.0,附件2/内置天气轨迹
EXPERIMENT_INTERNAL,小号铁夹,8,9,1.2899,轻度雾霾,10.0,80.0,附件2/内置天气轨迹
EXPERIMENT_INTERNAL,小号铁夹,8,10,1.2107,雾/阴,9.0,85.0,附件2/内置天气轨迹
EXPERIMENT_INTERNAL,小号铁夹,8,11,1.1346,雾/阴,7.0,90.0,附件2/内置天气轨迹
EXPERIMENT_INTERNAL,小号铁夹,8,12,1.0653,雾/多云,8.0,85.0,附件2/内置天气轨迹
EXPERIMENT_INTERNAL,小号铁夹,8,13,1.0086,晴转多云,11.0,65.0,附件2/内置天气轨迹
EXPERIMENT_INTERNAL,小号铁夹,8,14,0.9507,多云,10.5,75.0,附件2/内置天气轨迹
EXPERIMENT_INTERNAL,小号铁夹,8,15,0.8937,中度雾霾,11.5,80.0,附件2/内置天气轨迹
EXPERIMENT_INTERNAL,小号铁夹,8,22,0.4768,晴,8.0,70.0,附件2/内置天气轨迹
EXPERIMENT_INTERNAL,小号铁夹,8,30,0.2489,小雨,10.0,85.0,附件2/内置天气轨迹
EXPERIMENT_INTERNAL,小号铁夹,8,37,0.1543,多云转小雨,14.0,85.0,附件2/内置天气轨迹
EXPERIMENT_INTERNAL,小号铁夹,8,44,0.0902,晴转多云,11.0,70.0,附件2/内置天气轨迹
EXPERIMENT_INTERNAL,小号铁夹,8,51,0.0522,阴,13.0,80.0,附件2/内置天气轨迹
EXPERIMENT_INTERNAL,小号铁夹,8,58,0.0218,分散阵雨转多云,18.0,80.0,附件2/内置天气轨迹
EXPERIMENT_INTERNAL,小号铁夹,8,90,0.001,阴,20.0,80.0,附件2/内置天气轨迹
EXPERIMENT_INTERNAL,小号铁夹,9,1,2.4314,小雨,9.0,90.0,附件2/内置天气轨迹
EXPERIMENT_INTERNAL,小号铁夹,9,2,2.1649,小雨转阴,7.5,85.0,附件2/内置天气轨迹
EXPERIMENT_INTERNAL,小号铁夹,9,3,1.9276,阴转小雨,7.5,85.0,附件2/内置天气轨迹
EXPERIMENT_INTERNAL,小号铁夹,9,4,1.8186,多云,7.5,75.0,附件2/内置天气轨迹
EXPERIMENT_INTERNAL,小号铁夹,9,5,1.7112,雾/晴,8.5,80.0,附件2/内置天气轨迹
EXPERIMENT_INTERNAL,小号铁夹,9,6,1.6134,多云,9.5,75.0,附件2/内置天气轨迹
EXPERIMENT_INTERNAL,小号铁夹,9,7,1.5217,多云,8.5,75.0,附件2/内置天气轨迹
EXPERIMENT_INTERNAL,小号铁夹,9,8,1.4383,晴,9.0,70.0,附件2/内置天气轨迹
EXPERIMENT_INTERNAL,小号铁夹,9,9,1.3527,轻度雾霾,10.0,80.0,附件2/内置天气轨迹
EXPERIMENT_INTERNAL,小号铁夹,9,10,1.2696,雾/阴,9.0,85.0,附件2/内置天气轨迹
EXPERIMENT_INTERNAL,小号铁夹,9,11,1.1898,雾/阴,7.0,90.0,附件2/内置天气轨迹
EXPERIMENT_INTERNAL,小号铁夹,9,12,1.1171,雾/多云,8.0,85.0,附件2/内置天气轨迹
EXPERIMENT_INTERNAL,小号铁夹,9,13,1.0577,晴转多云,11.0,65.0,附件2/内置天气轨迹
EXPERIMENT_INTERNAL,小号铁夹,9,14,0.997,多云,10.5,75.0,附件2/内置天气轨迹
EXPERIMENT_INTERNAL,小号铁夹,9,15,0.9372,中度雾霾,11.5,80.0,附件2/内置天气轨迹
EXPERIMENT_INTERNAL,小号铁夹,9,22,0.5,晴,8.0,70.0,附件2/内置天气轨迹
EXPERIMENT_INTERNAL,小号铁夹,9,30,0.261,小雨,10.0,85.0,附件2/内置天气轨迹
EXPERIMENT_INTERNAL,小号铁夹,9,37,0.1618,多云转小雨,14.0,85.0,附件2/内置天气轨迹
EXPERIMENT_INTERNAL,小号铁夹,9,44,0.0946,晴转多云,11.0,70.0,附件2/内置天气轨迹
EXPERIMENT_INTERNAL,小号铁夹,9,51,0.0548,阴,13.0,80.0,附件2/内置天气轨迹
EXPERIMENT_INTERNAL,小号铁夹,9,58,0.0228,分散阵雨转多云,18.0,80.0,附件2/内置天气轨迹
EXPERIMENT_INTERNAL,小号铁夹,9,90,0.0011,阴,20.0,80.0,附件2/内置天气轨迹
EXPERIMENT_INTERNAL,小号铁夹,10,1,1.6433,小雨,9.0,90.0,附件2/内置天气轨迹
EXPERIMENT_INTERNAL,小号铁夹,10,2,1.4632,小雨转阴,7.5,85.0,附件2/内置天气轨迹
EXPERIMENT_INTERNAL,小号铁夹,10,3,1.3028,阴转小雨,7.5,85.0,附件2/内置天气轨迹
EXPERIMENT_INTERNAL,小号铁夹,10,4,1.2291,多云,7.5,75.0,附件2/内置天气轨迹
EXPERIMENT_INTERNAL,小号铁夹,10,5,1.1566,雾/晴,8.5,80.0,附件2/内置天气轨迹
EXPERIMENT_INTERNAL,小号铁夹,10,6,1.0905,多云,9.5,75.0,附件2/内置天气轨迹
EXPERIMENT_INTERNAL,小号铁夹,10,7,1.0285,多云,8.5,75.0,附件2/内置天气轨迹
EXPERIMENT_INTERNAL,小号铁夹,10,8,0.9721,晴,9.0,70.0,附件2/内置天气轨迹
EXPERIMENT_INTERNAL,小号铁夹,10,9,0.9142,轻度雾霾,10.0,80.0,附件2/内置天气轨迹
EXPERIMENT_INTERNAL,小号铁夹,10,10,0.8581,雾/阴,9.0,85.0,附件2/内置天气轨迹
EXPERIMENT_INTERNAL,小号铁夹,10,11,0.8041,雾/阴,7.0,90.0,附件2/内置天气轨迹
EXPERIMENT_INTERNAL,小号铁夹,10,12,0.755,雾/多云,8.0,85.0,附件2/内置天气轨迹
EXPERIMENT_INTERNAL,小号铁夹,10,13,0.7149,晴转多云,11.0,65.0,附件2/内置天气轨迹
EXPERIMENT_INTERNAL,小号铁夹,10,14,0.6738,多云,10.5,75.0,附件2/内置天气轨迹
EXPERIMENT_INTERNAL,小号铁夹,10,15,0.6334,中度雾霾,11.5,80.0,附件2/内置天气轨迹
EXPERIMENT_INTERNAL,小号铁夹,10,22,0.3379,晴,8.0,70.0,附件2/内置天气轨迹
EXPERIMENT_INTERNAL,小号铁夹,10,30,0.1764,小雨,10.0,85.0,附件2/内置天气轨迹
EXPERIMENT_INTERNAL,小号铁夹,10,37,0.1093,多云转小雨,14.0,85.0,附件2/内置天气轨迹
EXPERIMENT_INTERNAL,小号铁夹,10,44,0.0639,晴转多云,11.0,70.0,附件2/内置天气轨迹
EXPERIMENT_INTERNAL,小号铁夹,10,51,0.037,阴,13.0,80.0,附件2/内置天气轨迹
EXPERIMENT_INTERNAL,小号铁夹,10,58,0.0154,分散阵雨转多云,18.0,80.0,附件2/内置天气轨迹
EXPERIMENT_INTERNAL,小号铁夹,10,90,0.0007,阴,20.0,80.0,附件2/内置天气轨迹
EXPERIMENT_INTERNAL,小号铁夹,11,1,2.4533,小雨,9.0,90.0,附件2/内置天气轨迹
EXPERIMENT_INTERNAL,小号铁夹,11,2,2.1843,小雨转阴,7.5,85.0,附件2/内置天气轨迹
EXPERIMENT_INTERNAL,小号铁夹,11,3,1.9449,阴转小雨,7.5,85.0,附件2/内置天气轨迹
EXPERIMENT_INTERNAL,小号铁夹,11,4,1.8349,多云,7.5,75.0,附件2/内置天气轨迹
EXPERIMENT_INTERNAL,小号铁夹,11,5,1.7266,雾/晴,8.5,80.0,附件2/内置天气轨迹
EXPERIMENT_INTERNAL,小号铁夹,11,6,1.6279,多云,9.5,75.0,附件2/内置天气轨迹
EXPERIMENT_INTERNAL,小号铁夹,11,7,1.5353,多云,8.5,75.0,附件2/内置天气轨迹
EXPERIMENT_INTERNAL,小号铁夹,11,8,1.4512,晴,9.0,70.0,附件2/内置天气轨迹
EXPERIMENT_INTERNAL,小号铁夹,11,9,1.3648,轻度雾霾,10.0,80.0,附件2/内置天气轨迹
EXPERIMENT_INTERNAL,小号铁夹,11,10,1.2811,雾/阴,9.0,85.0,附件2/内置天气轨迹
EXPERIMENT_INTERNAL,小号铁夹,11,11,1.2005,雾/阴,7.0,90.0,附件2/内置天气轨迹
EXPERIMENT_INTERNAL,小号铁夹,11,12,1.1272,雾/多云,8.0,85.0,附件2/内置天气轨迹
EXPERIMENT_INTERNAL,小号铁夹,11,13,1.0672,晴转多云,11.0,65.0,附件2/内置天气轨迹
EXPERIMENT_INTERNAL,小号铁夹,11,14,1.0059,多云,10.5,75.0,附件2/内置天气轨迹
EXPERIMENT_INTERNAL,小号铁夹,11,15,0.9456,中度雾霾,11.5,80.0,附件2/内置天气轨迹
EXPERIMENT_INTERNAL,小号铁夹,11,22,0.5045,晴,8.0,70.0,附件2/内置天气轨迹
EXPERIMENT_INTERNAL,小号铁夹,11,30,0.2634,小雨,10.0,85.0,附件2/内置天气轨迹
EXPERIMENT_INTERNAL,小号铁夹,11,37,0.1632,多云转小雨,14.0,85.0,附件2/内置天气轨迹
EXPERIMENT_INTERNAL,小号铁夹,11,44,0.0954,晴转多云,11.0,70.0,附件2/内置天气轨迹
EXPERIMENT_INTERNAL,小号铁夹,11,51,0.0553,阴,13.0,80.0,附件2/内置天气轨迹
EXPERIMENT_INTERNAL,小号铁夹,11,58,0.023,分散阵雨转多云,18.0,80.0,附件2/内置天气轨迹
EXPERIMENT_INTERNAL,小号铁夹,11,90,0.0011,阴,20.0,80.0,附件2/内置天气轨迹
EXPERIMENT_INTERNAL,小号铁夹,12,1,1.8224,小雨,9.0,90.0,附件2/内置天气轨迹
EXPERIMENT_INTERNAL,小号铁夹,12,2,1.6227,小雨转阴,7.5,85.0,附件2/内置天气轨迹
EXPERIMENT_INTERNAL,小号铁夹,12,3,1.4448,阴转小雨,7.5,85.0,附件2/内置天气轨迹
EXPERIMENT_INTERNAL,小号铁夹,12,4,1.3631,多云,7.5,75.0,附件2/内置天气轨迹
EXPERIMENT_INTERNAL,小号铁夹,12,5,1.2826,雾/晴,8.5,80.0,附件2/内置天气轨迹
EXPERIMENT_INTERNAL,小号铁夹,12,6,1.2093,多云,9.5,75.0,附件2/内置天气轨迹
EXPERIMENT_INTERNAL,小号铁夹,12,7,1.1406,多云,8.5,75.0,附件2/内置天气轨迹
EXPERIMENT_INTERNAL,小号铁夹,12,8,1.078,晴,9.0,70.0,附件2/内置天气轨迹
EXPERIMENT_INTERNAL,小号铁夹,12,9,1.0139,轻度雾霾,10.0,80.0,附件2/内置天气轨迹
EXPERIMENT_INTERNAL,小号铁夹,12,10,0.9516,雾/阴,9.0,85.0,附件2/内置天气轨迹
EXPERIMENT_INTERNAL,小号铁夹,12,11,0.8918,雾/阴,7.0,90.0,附件2/内置天气轨迹
EXPERIMENT_INTERNAL,小号铁夹,12,12,0.8373,雾/多云,8.0,85.0,附件2/内置天气轨迹
EXPERIMENT_INTERNAL,小号铁夹,12,13,0.7928,晴转多云,11.0,65.0,附件2/内置天气轨迹
EXPERIMENT_INTERNAL,小号铁夹,12,14,0.7473,多云,10.5,75.0,附件2/内置天气轨迹
EXPERIMENT_INTERNAL,小号铁夹,12,15,0.7024,中度雾霾,11.5,80.0,附件2/内置天气轨迹
EXPERIMENT_INTERNAL,小号铁夹,12,22,0.3748,晴,8.0,70.0,附件2/内置天气轨迹
EXPERIMENT_INTERNAL,小号铁夹,12,30,0.1957,小雨,10.0,85.0,附件2/内置天气轨迹
EXPERIMENT_INTERNAL,小号铁夹,12,37,0.1213,多云转小雨,14.0,85.0,附件2/内置天气轨迹
EXPERIMENT_INTERNAL,小号铁夹,12,44,0.0709,晴转多云,11.0,70.0,附件2/内置天气轨迹
EXPERIMENT_INTERNAL,小号铁夹,12,51,0.0411,阴,13.0,80.0,附件2/内置天气轨迹
EXPERIMENT_INTERNAL,小号铁夹,12,58,0.0171,分散阵雨转多云,18.0,80.0,附件2/内置天气轨迹
EXPERIMENT_INTERNAL,小号铁夹,12,90,0.0008,阴,20.0,80.0,附件2/内置天气轨迹
EXPERIMENT_INTERNAL,小号铁夹,13,1,1.6702,小雨,9.0,90.0,附件2/内置天气轨迹
EXPERIMENT_INTERNAL,小号铁夹,13,2,1.4871,小雨转阴,7.5,85.0,附件2/内置天气轨迹
EXPERIMENT_INTERNAL,小号铁夹,13,3,1.3241,阴转小雨,7.5,85.0,附件2/内置天气轨迹
EXPERIMENT_INTERNAL,小号铁夹,13,4,1.2492,多云,7.5,75.0,附件2/内置天气轨迹
EXPERIMENT_INTERNAL,小号铁夹,13,5,1.1755,雾/晴,8.5,80.0,附件2/内置天气轨迹
EXPERIMENT_INTERNAL,小号铁夹,13,6,1.1083,多云,9.5,75.0,附件2/内置天气轨迹
EXPERIMENT_INTERNAL,小号铁夹,13,7,1.0453,多云,8.5,75.0,附件2/内置天气轨迹
EXPERIMENT_INTERNAL,小号铁夹,13,8,0.988,晴,9.0,70.0,附件2/内置天气轨迹
EXPERIMENT_INTERNAL,小号铁夹,13,9,0.9292,轻度雾霾,10.0,80.0,附件2/内置天气轨迹
EXPERIMENT_INTERNAL,小号铁夹,13,10,0.8721,雾/阴,9.0,85.0,附件2/内置天气轨迹
EXPERIMENT_INTERNAL,小号铁夹,13,11,0.8173,雾/阴,7.0,90.0,附件2/内置天气轨迹
EXPERIMENT_INTERNAL,小号铁夹,13,12,0.7674,雾/多云,8.0,85.0,附件2/内置天气轨迹
EXPERIMENT_INTERNAL,小号铁夹,13,13,0.7266,晴转多云,11.0,65.0,附件2/内置天气轨迹
EXPERIMENT_INTERNAL,小号铁夹,13,14,0.6848,多云,10.5,75.0,附件2/内置天气轨迹
EXPERIMENT_INTERNAL,小号铁夹,13,15,0.6438,中度雾霾,11.5,80.0,附件2/内置天气轨迹
EXPERIMENT_INTERNAL,小号铁夹,13,22,0.3435,晴,8.0,70.0,附件2/内置天气轨迹
EXPERIMENT_INTERNAL,小号铁夹,13,30,0.1793,小雨,10.0,85.0,附件2/内置天气轨迹
EXPERIMENT_INTERNAL,小号铁夹,13,37,0.1111,多云转小雨,14.0,85.0,附件2/内置天气轨迹
EXPERIMENT_INTERNAL,小号铁夹,13,44,0.065,晴转多云,11.0,70.0,附件2/内置天气轨迹
EXPERIMENT_INTERNAL,小号铁夹,13,51,0.0376,阴,13.0,80.0,附件2/内置天气轨迹
EXPERIMENT_INTERNAL,小号铁夹,13,58,0.0157,分散阵雨转多云,18.0,80.0,附件2/内置天气轨迹
EXPERIMENT_INTERNAL,小号铁夹,13,90,0.0007,阴,20.0,80.0,附件2/内置天气轨迹
EXPERIMENT_INTERNAL,小号铁夹,14,1,2.946,小雨,9.0,90.0,附件2/内置天气轨迹
EXPERIMENT_INTERNAL,小号铁夹,14,2,2.623,小雨转阴,7.5,85.0,附件2/内置天气轨迹
EXPERIMENT_INTERNAL,小号铁夹,14,3,2.3355,阴转小雨,7.5,85.0,附件2/内置天气轨迹
EXPERIMENT_INTERNAL,小号铁夹,14,4,2.2034,多云,7.5,75.0,附件2/内置天气轨迹
EXPERIMENT_INTERNAL,小号铁夹,14,5,2.0733,雾/晴,8.5,80.0,附件2/内置天气轨迹
EXPERIMENT_INTERNAL,小号铁夹,14,6,1.9548,多云,9.5,75.0,附件2/内置天气轨迹
EXPERIMENT_INTERNAL,小号铁夹,14,7,1.8437,多云,8.5,75.0,附件2/内置天气轨迹
EXPERIMENT_INTERNAL,小号铁夹,14,8,1.7426,晴,9.0,70.0,附件2/内置天气轨迹
EXPERIMENT_INTERNAL,小号铁夹,14,9,1.6389,轻度雾霾,10.0,80.0,附件2/内置天气轨迹
EXPERIMENT_INTERNAL,小号铁夹,14,10,1.5383,雾/阴,9.0,85.0,附件2/内置天气轨迹
EXPERIMENT_INTERNAL,小号铁夹,14,11,1.4416,雾/阴,7.0,90.0,附件2/内置天气轨迹
EXPERIMENT_INTERNAL,小号铁夹,14,12,1.3535,雾/多云,8.0,85.0,附件2/内置天气轨迹
EXPERIMENT_INTERNAL,小号铁夹,14,13,1.2816,晴转多云,11.0,65.0,附件2/内置天气轨迹
EXPERIMENT_INTERNAL,小号铁夹,14,14,1.2079,多云,10.5,75.0,附件2/内置天气轨迹
EXPERIMENT_INTERNAL,小号铁夹,14,15,1.1355,中度雾霾,11.5,80.0,附件2/内置天气轨迹
EXPERIMENT_INTERNAL,小号铁夹,14,22,0.6058,晴,8.0,70.0,附件2/内置天气轨迹
EXPERIMENT_INTERNAL,小号铁夹,14,30,0.3163,小雨,10.0,85.0,附件2/内置天气轨迹
EXPERIMENT_INTERNAL,小号铁夹,14,37,0.196,多云转小雨,14.0,85.0,附件2/内置天气轨迹
EXPERIMENT_INTERNAL,小号铁夹,14,44,0.1146,晴转多云,11.0,70.0,附件2/内置天气轨迹
EXPERIMENT_INTERNAL,小号铁夹,14,51,0.0664,阴,13.0,80.0,附件2/内置天气轨迹
EXPERIMENT_INTERNAL,小号铁夹,14,58,0.0277,分散阵雨转多云,18.0,80.0,附件2/内置天气轨迹
EXPERIMENT_INTERNAL,小号铁夹,14,90,0.0013,阴,20.0,80.0,附件2/内置天气轨迹
EXPERIMENT_INTERNAL,小号铁夹,15,1,2.9701,小雨,9.0,90.0,附件2/内置天气轨迹
EXPERIMENT_INTERNAL,小号铁夹,15,2,2.6446,小雨转阴,7.5,85.0,附件2/内置天气轨迹
EXPERIMENT_INTERNAL,小号铁夹,15,3,2.3547,阴转小雨,7.5,85.0,附件2/内置天气轨迹
EXPERIMENT_INTERNAL,小号铁夹,15,4,2.2215,多云,7.5,75.0,附件2/内置天气轨迹
EXPERIMENT_INTERNAL,小号铁夹,15,5,2.0903,雾/晴,8.5,80.0,附件2/内置天气轨迹
EXPERIMENT_INTERNAL,小号铁夹,15,6,1.9709,多云,9.5,75.0,附件2/内置天气轨迹
EXPERIMENT_INTERNAL,小号铁夹,15,7,1.8588,多云,8.5,75.0,附件2/内置天气轨迹
EXPERIMENT_INTERNAL,小号铁夹,15,8,1.7569,晴,9.0,70.0,附件2/内置天气轨迹
EXPERIMENT_INTERNAL,小号铁夹,15,9,1.6524,轻度雾霾,10.0,80.0,附件2/内置天气轨迹
EXPERIMENT_INTERNAL,小号铁夹,15,10,1.551,雾/阴,9.0,85.0,附件2/内置天气轨迹
EXPERIMENT_INTERNAL,小号铁夹,15,11,1.4534,雾/阴,7.0,90.0,附件2/内置天气轨迹
EXPERIMENT_INTERNAL,小号铁夹,15,12,1.3646,雾/多云,8.0,85.0,附件2/内置天气轨迹
EXPERIMENT_INTERNAL,小号铁夹,15,13,1.2921,晴转多云,11.0,65.0,附件2/内置天气轨迹
EXPERIMENT_INTERNAL,小号铁夹,15,14,1.2178,多云,10.5,75.0,附件2/内置天气轨迹
EXPERIMENT_INTERNAL,小号铁夹,15,15,1.1448,中度雾霾,11.5,80.0,附件2/内置天气轨迹
EXPERIMENT_INTERNAL,小号铁夹,15,22,0.6108,晴,8.0,70.0,附件2/内置天气轨迹
EXPERIMENT_INTERNAL,小号铁夹,15,30,0.3189,小雨,10.0,85.0,附件2/内置天气轨迹
EXPERIMENT_INTERNAL,小号铁夹,15,37,0.1976,多云转小雨,14.0,85.0,附件2/内置天气轨迹
EXPERIMENT_INTERNAL,小号铁夹,15,44,0.1155,晴转多云,11.0,70.0,附件2/内置天气轨迹
EXPERIMENT_INTERNAL,小号铁夹,15,51,0.0669,阴,13.0,80.0,附件2/内置天气轨迹
EXPERIMENT_INTERNAL,小号铁夹,15,58,0.0279,分散阵雨转多云,18.0,80.0,附件2/内置天气轨迹
EXPERIMENT_INTERNAL,小号铁夹,15,90,0.0013,阴,20.0,80.0,附件2/内置天气轨迹
EXPERIMENT_INTERNAL,小号铁夹,16,1,2.7432,小雨,9.0,90.0,附件2/内置天气轨迹
EXPERIMENT_INTERNAL,小号铁夹,16,2,2.4425,小雨转阴,7.5,85.0,附件2/内置天气轨迹
EXPERIMENT_INTERNAL,小号铁夹,16,3,2.1747,阴转小雨,7.5,85.0,附件2/内置天气轨迹
EXPERIMENT_INTERNAL,小号铁夹,16,4,2.0517,多云,7.5,75.0,附件2/内置天气轨迹
EXPERIMENT_INTERNAL,小号铁夹,16,5,1.9306,雾/晴,8.5,80.0,附件2/内置天气轨迹
EXPERIMENT_INTERNAL,小号铁夹,16,6,1.8203,多云,9.5,75.0,附件2/内置天气轨迹
EXPERIMENT_INTERNAL,小号铁夹,16,7,1.7168,多云,8.5,75.0,附件2/内置天气轨迹
EXPERIMENT_INTERNAL,小号铁夹,16,8,1.6227,晴,9.0,70.0,附件2/内置天气轨迹
EXPERIMENT_INTERNAL,小号铁夹,16,9,1.5261,轻度雾霾,10.0,80.0,附件2/内置天气轨迹
EXPERIMENT_INTERNAL,小号铁夹,16,10,1.4324,雾/阴,9.0,85.0,附件2/内置天气轨迹
EXPERIMENT_INTERNAL,小号铁夹,16,11,1.3423,雾/阴,7.0,90.0,附件2/内置天气轨迹
EXPERIMENT_INTERNAL,小号铁夹,16,12,1.2604,雾/多云,8.0,85.0,附件2/内置天气轨迹
EXPERIMENT_INTERNAL,小号铁夹,16,13,1.1933,晴转多云,11.0,65.0,附件2/内置天气轨迹
EXPERIMENT_INTERNAL,小号铁夹,16,14,1.1248,多云,10.5,75.0,附件2/内置天气轨迹
EXPERIMENT_INTERNAL,小号铁夹,16,15,1.0573,中度雾霾,11.5,80.0,附件2/内置天气轨迹
EXPERIMENT_INTERNAL,小号铁夹,16,22,0.5641,晴,8.0,70.0,附件2/内置天气轨迹
EXPERIMENT_INTERNAL,小号铁夹,16,30,0.2945,小雨,10.0,85.0,附件2/内置天气轨迹
EXPERIMENT_INTERNAL,小号铁夹,16,37,0.1825,多云转小雨,14.0,85.0,附件2/内置天气轨迹
EXPERIMENT_INTERNAL,小号铁夹,16,44,0.1067,晴转多云,11.0,70.0,附件2/内置天气轨迹
EXPERIMENT_INTERNAL,小号铁夹,16,51,0.0618,阴,13.0,80.0,附件2/内置天气轨迹
EXPERIMENT_INTERNAL,小号铁夹,16,58,0.0258,分散阵雨转多云,18.0,80.0,附件2/内置天气轨迹
EXPERIMENT_INTERNAL,小号铁夹,16,90,0.0012,阴,20.0,80.0,附件2/内置天气轨迹
EXPERIMENT_INTERNAL,小号铁夹,17,1,2.016,小雨,9.0,90.0,附件2/内置天气轨迹
EXPERIMENT_INTERNAL,小号铁夹,17,2,1.795,小雨转阴,7.5,85.0,附件2/内置天气轨迹
EXPERIMENT_INTERNAL,小号铁夹,17,3,1.5982,阴转小雨,7.5,85.0,附件2/内置天气轨迹
EXPERIMENT_INTERNAL,小号铁夹,17,4,1.5078,多云,7.5,75.0,附件2/内置天气轨迹
EXPERIMENT_INTERNAL,小号铁夹,17,5,1.4188,雾/晴,8.5,80.0,附件2/内置天气轨迹
EXPERIMENT_INTERNAL,小号铁夹,17,6,1.3377,多云,9.5,75.0,附件2/内置天气轨迹
EXPERIMENT_INTERNAL,小号铁夹,17,7,1.2617,多云,8.5,75.0,附件2/内置天气轨迹
EXPERIMENT_INTERNAL,小号铁夹,17,8,1.1925,晴,9.0,70.0,附件2/内置天气轨迹
EXPERIMENT_INTERNAL,小号铁夹,17,9,1.1216,轻度雾霾,10.0,80.0,附件2/内置天气轨迹
EXPERIMENT_INTERNAL,小号铁夹,17,10,1.0527,雾/阴,9.0,85.0,附件2/内置天气轨迹
EXPERIMENT_INTERNAL,小号铁夹,17,11,0.9865,雾/阴,7.0,90.0,附件2/内置天气轨迹
EXPERIMENT_INTERNAL,小号铁夹,17,12,0.9263,雾/多云,8.0,85.0,附件2/内置天气轨迹
EXPERIMENT_INTERNAL,小号铁夹,17,13,0.877,晴转多云,11.0,65.0,附件2/内置天气轨迹
EXPERIMENT_INTERNAL,小号铁夹,17,14,0.8266,多云,10.5,75.0,附件2/内置天气轨迹
EXPERIMENT_INTERNAL,小号铁夹,17,15,0.777,中度雾霾,11.5,80.0,附件2/内置天气轨迹
EXPERIMENT_INTERNAL,小号铁夹,17,22,0.4146,晴,8.0,70.0,附件2/内置天气轨迹
EXPERIMENT_INTERNAL,小号铁夹,17,30,0.2164,小雨,10.0,85.0,附件2/内置天气轨迹
EXPERIMENT_INTERNAL,小号铁夹,17,37,0.1341,多云转小雨,14.0,85.0,附件2/内置天气轨迹
EXPERIMENT_INTERNAL,小号铁夹,17,44,0.0784,晴转多云,11.0,70.0,附件2/内置天气轨迹
EXPERIMENT_INTERNAL,小号铁夹,17,51,0.0454,阴,13.0,80.0,附件2/内置天气轨迹
EXPERIMENT_INTERNAL,小号铁夹,17,58,0.0189,分散阵雨转多云,18.0,80.0,附件2/内置天气轨迹
EXPERIMENT_INTERNAL,小号铁夹,17,90,0.0009,阴,20.0,80.0,附件2/内置天气轨迹
EXPERIMENT_INTERNAL,小号铁夹,18,1,1.7173,小雨,9.0,90.0,附件2/内置天气轨迹
EXPERIMENT_INTERNAL,小号铁夹,18,2,1.529,小雨转阴,7.5,85.0,附件2/内置天气轨迹
EXPERIMENT_INTERNAL,小号铁夹,18,3,1.3614,阴转小雨,7.5,85.0,附件2/内置天气轨迹
EXPERIMENT_INTERNAL,小号铁夹,18,4,1.2844,多云,7.5,75.0,附件2/内置天气轨迹
EXPERIMENT_INTERNAL,小号铁夹,18,5,1.2086,雾/晴,8.5,80.0,附件2/内置天气轨迹
EXPERIMENT_INTERNAL,小号铁夹,18,6,1.1395,多云,9.5,75.0,附件2/内置天气轨迹
EXPERIMENT_INTERNAL,小号铁夹,18,7,1.0747,多云,8.5,75.0,附件2/内置天气轨迹
EXPERIMENT_INTERNAL,小号铁夹,18,8,1.0158,晴,9.0,70.0,附件2/内置天气轨迹
EXPERIMENT_INTERNAL,小号铁夹,18,9,0.9554,轻度雾霾,10.0,80.0,附件2/内置天气轨迹
EXPERIMENT_INTERNAL,小号铁夹,18,10,0.8967,雾/阴,9.0,85.0,附件2/内置天气轨迹
EXPERIMENT_INTERNAL,小号铁夹,18,11,0.8403,雾/阴,7.0,90.0,附件2/内置天气轨迹
EXPERIMENT_INTERNAL,小号铁夹,18,12,0.789,雾/多云,8.0,85.0,附件2/内置天气轨迹
EXPERIMENT_INTERNAL,小号铁夹,18,13,0.7471,晴转多云,11.0,65.0,附件2/内置天气轨迹
EXPERIMENT_INTERNAL,小号铁夹,18,14,0.7041,多云,10.5,75.0,附件2/内置天气轨迹
EXPERIMENT_INTERNAL,小号铁夹,18,15,0.6619,中度雾霾,11.5,80.0,附件2/内置天气轨迹
EXPERIMENT_INTERNAL,小号铁夹,18,22,0.3532,晴,8.0,70.0,附件2/内置天气轨迹
EXPERIMENT_INTERNAL,小号铁夹,18,30,0.1844,小雨,10.0,85.0,附件2/内置天气轨迹
EXPERIMENT_INTERNAL,小号铁夹,18,37,0.1143,多云转小雨,14.0,85.0,附件2/内置天气轨迹
EXPERIMENT_INTERNAL,小号铁夹,18,44,0.0668,晴转多云,11.0,70.0,附件2/内置天气轨迹
EXPERIMENT_INTERNAL,小号铁夹,18,51,0.0387,阴,13.0,80.0,附件2/内置天气轨迹
EXPERIMENT_INTERNAL,小号铁夹,18,58,0.0161,分散阵雨转多云,18.0,80.0,附件2/内置天气轨迹
EXPERIMENT_INTERNAL,小号铁夹,18,90,0.0007,阴,20.0,80.0,附件2/内置天气轨迹
EXPERIMENT_INTERNAL,小号铁夹,19,1,2.564,小雨,9.0,90.0,附件2/内置天气轨迹
EXPERIMENT_INTERNAL,小号铁夹,19,2,2.2829,小雨转阴,7.5,85.0,附件2/内置天气轨迹
EXPERIMENT_INTERNAL,小号铁夹,19,3,2.0326,阴转小雨,7.5,85.0,附件2/内置天气轨迹
EXPERIMENT_INTERNAL,小号铁夹,19,4,1.9177,多云,7.5,75.0,附件2/内置天气轨迹
EXPERIMENT_INTERNAL,小号铁夹,19,5,1.8045,雾/晴,8.5,80.0,附件2/内置天气轨迹
EXPERIMENT_INTERNAL,小号铁夹,19,6,1.7013,多云,9.5,75.0,附件2/内置天气轨迹
EXPERIMENT_INTERNAL,小号铁夹,19,7,1.6046,多云,8.5,75.0,附件2/内置天气轨迹
EXPERIMENT_INTERNAL,小号铁夹,19,8,1.5167,晴,9.0,70.0,附件2/内置天气轨迹
EXPERIMENT_INTERNAL,小号铁夹,19,9,1.4264,轻度雾霾,10.0,80.0,附件2/内置天气轨迹
EXPERIMENT_INTERNAL,小号铁夹,19,10,1.3389,雾/阴,9.0,85.0,附件2/内置天气轨迹
EXPERIMENT_INTERNAL,小号铁夹,19,11,1.2546,雾/阴,7.0,90.0,附件2/内置天气轨迹
EXPERIMENT_INTERNAL,小号铁夹,19,12,1.178,雾/多云,8.0,85.0,附件2/内置天气轨迹
EXPERIMENT_INTERNAL,小号铁夹,19,13,1.1154,晴转多云,11.0,65.0,附件2/内置天气轨迹
EXPERIMENT_INTERNAL,小号铁夹,19,14,1.0513,多云,10.5,75.0,附件2/内置天气轨迹
EXPERIMENT_INTERNAL,小号铁夹,19,15,0.9882,中度雾霾,11.5,80.0,附件2/内置天气轨迹
EXPERIMENT_INTERNAL,小号铁夹,19,22,0.5273,晴,8.0,70.0,附件2/内置天气轨迹
EXPERIMENT_INTERNAL,小号铁夹,19,30,0.2753,小雨,10.0,85.0,附件2/内置天气轨迹
EXPERIMENT_INTERNAL,小号铁夹,19,37,0.1706,多云转小雨,14.0,85.0,附件2/内置天气轨迹
EXPERIMENT_INTERNAL,小号铁夹,19,44,0.0997,晴转多云,11.0,70.0,附件2/内置天气轨迹
EXPERIMENT_INTERNAL,小号铁夹,19,51,0.0578,阴,13.0,80.0,附件2/内置天气轨迹
EXPERIMENT_INTERNAL,小号铁夹,19,58,0.0241,分散阵雨转多云,18.0,80.0,附件2/内置天气轨迹
EXPERIMENT_INTERNAL,小号铁夹,19,90,0.0011,阴,20.0,80.0,附件2/内置天气轨迹
EXPERIMENT_INTERNAL,小号铁夹,20,1,2.2116,小雨,9.0,90.0,附件2/内置天气轨迹
EXPERIMENT_INTERNAL,小号铁夹,20,2,1.9692,小雨转阴,7.5,85.0,附件2/内置天气轨迹
EXPERIMENT_INTERNAL,小号铁夹,20,3,1.7533,阴转小雨,7.5,85.0,附件2/内置天气轨迹
EXPERIMENT_INTERNAL,小号铁夹,20,4,1.6542,多云,7.5,75.0,附件2/内置天气轨迹
EXPERIMENT_INTERNAL,小号铁夹,20,5,1.5565,雾/晴,8.5,80.0,附件2/内置天气轨迹
EXPERIMENT_INTERNAL,小号铁夹,20,6,1.4676,多云,9.5,75.0,附件2/内置天气轨迹
EXPERIMENT_INTERNAL,小号铁夹,20,7,1.3841,多云,8.5,75.0,附件2/内置天气轨迹
EXPERIMENT_INTERNAL,小号铁夹,20,8,1.3083,晴,9.0,70.0,附件2/内置天气轨迹
EXPERIMENT_INTERNAL,小号铁夹,20,9,1.2304,轻度雾霾,10.0,80.0,附件2/内置天气轨迹
EXPERIMENT_INTERNAL,小号铁夹,20,10,1.1549,雾/阴,9.0,85.0,附件2/内置天气轨迹
EXPERIMENT_INTERNAL,小号铁夹,20,11,1.0822,雾/阴,7.0,90.0,附件2/内置天气轨迹
EXPERIMENT_INTERNAL,小号铁夹,20,12,1.0161,雾/多云,8.0,85.0,附件2/内置天气轨迹
EXPERIMENT_INTERNAL,小号铁夹,20,13,0.9621,晴转多云,11.0,65.0,附件2/内置天气轨迹
EXPERIMENT_INTERNAL,小号铁夹,20,14,0.9068,多云,10.5,75.0,附件2/内置天气轨迹
EXPERIMENT_INTERNAL,小号铁夹,20,15,0.8524,中度雾霾,11.5,80.0,附件2/内置天气轨迹
EXPERIMENT_INTERNAL,小号铁夹,20,22,0.4548,晴,8.0,70.0,附件2/内置天气轨迹
EXPERIMENT_INTERNAL,小号铁夹,20,30,0.2374,小雨,10.0,85.0,附件2/内置天气轨迹
EXPERIMENT_INTERNAL,小号铁夹,20,37,0.1472,多云转小雨,14.0,85.0,附件2/内置天气轨迹
EXPERIMENT_INTERNAL,小号铁夹,20,44,0.086,晴转多云,11.0,70.0,附件2/内置天气轨迹
EXPERIMENT_INTERNAL,小号铁夹,20,51,0.0498,阴,13.0,80.0,附件2/内置天气轨迹
EXPERIMENT_INTERNAL,小号铁夹,20,58,0.0208,分散阵雨转多云,18.0,80.0,附件2/内置天气轨迹
EXPERIMENT_INTERNAL,小号铁夹,20,90,0.001,阴,20.0,80.0,附件2/内置天气轨迹
EXPERIMENT_INTERNAL,普通钢筋,1,1,2.1603,小雨,9.0,90.0,附件2/内置天气轨迹
EXPERIMENT_INTERNAL,普通钢筋,1,2,1.9766,小雨转阴,7.5,85.0,附件2/内置天气轨迹
EXPERIMENT_INTERNAL,普通钢筋,1,3,1.8085,阴转小雨,7.5,85.0,附件2/内置天气轨迹
EXPERIMENT_INTERNAL,普通钢筋,1,4,1.7291,多云,7.5,75.0,附件2/内置天气轨迹
EXPERIMENT_INTERNAL,普通钢筋,1,5,1.6499,雾/晴,8.5,80.0,附件2/内置天气轨迹
EXPERIMENT_INTERNAL,普通钢筋,1,6,1.5768,多云,9.5,75.0,附件2/内置天气轨迹
EXPERIMENT_INTERNAL,普通钢筋,1,7,1.5072,多云,8.5,75.0,附件2/内置天气轨迹
EXPERIMENT_INTERNAL,普通钢筋,1,8,1.4431,晴,9.0,70.0,附件2/内置天气轨迹
EXPERIMENT_INTERNAL,普通钢筋,1,9,1.3765,轻度雾霾,10.0,80.0,附件2/内置天气轨迹
EXPERIMENT_INTERNAL,普通钢筋,1,10,1.3109,雾/阴,9.0,85.0,附件2/内置天气轨迹
EXPERIMENT_INTERNAL,普通钢筋,1,11,1.2469,雾/阴,7.0,90.0,附件2/内置天气轨迹
EXPERIMENT_INTERNAL,普通钢筋,1,12,1.1879,雾/多云,8.0,85.0,附件2/内置天气轨迹
EXPERIMENT_INTERNAL,普通钢筋,1,13,1.1389,晴转多云,11.0,65.0,附件2/内置天气轨迹
EXPERIMENT_INTERNAL,普通钢筋,1,14,1.0881,多云,10.5,75.0,附件2/内置天气轨迹
EXPERIMENT_INTERNAL,普通钢筋,1,15,1.0375,中度雾霾,11.5,80.0,附件2/内置天气轨迹
EXPERIMENT_INTERNAL,普通钢筋,1,22,0.641,晴,8.0,70.0,附件2/内置天气轨迹
EXPERIMENT_INTERNAL,普通钢筋,1,30,0.3892,小雨,10.0,85.0,附件2/内置天气轨迹
EXPERIMENT_INTERNAL,普通钢筋,1,37,0.2693,多云转小雨,14.0,85.0,附件2/内置天气轨迹
EXPERIMENT_INTERNAL,普通钢筋,1,44,0.1783,晴转多云,11.0,70.0,附件2/内置天气轨迹
EXPERIMENT_INTERNAL,普通钢筋,1,51,0.1172,阴,13.0,80.0,附件2/内置天气轨迹
EXPERIMENT_INTERNAL,普通钢筋,1,58,0.0601,分散阵雨转多云,18.0,80.0,附件2/内置天气轨迹
EXPERIMENT_INTERNAL,普通钢筋,1,90,0.0057,阴,20.0,80.0,附件2/内置天气轨迹
EXPERIMENT_INTERNAL,普通钢筋,2,1,3.4999,小雨,9.0,90.0,附件2/内置天气轨迹
EXPERIMENT_INTERNAL,普通钢筋,2,2,3.2023,小雨转阴,7.5,85.0,附件2/内置天气轨迹
EXPERIMENT_INTERNAL,普通钢筋,2,3,2.9299,阴转小雨,7.5,85.0,附件2/内置天气轨迹
EXPERIMENT_INTERNAL,普通钢筋,2,4,2.8014,多云,7.5,75.0,附件2/内置天气轨迹
EXPERIMENT_INTERNAL,普通钢筋,2,5,2.6731,雾/晴,8.5,80.0,附件2/内置天气轨迹
EXPERIMENT_INTERNAL,普通钢筋,2,6,2.5545,多云,9.5,75.0,附件2/内置天气轨迹
EXPERIMENT_INTERNAL,普通钢筋,2,7,2.4418,多云,8.5,75.0,附件2/内置天气轨迹
EXPERIMENT_INTERNAL,普通钢筋,2,8,2.338,晴,9.0,70.0,附件2/内置天气轨迹
EXPERIMENT_INTERNAL,普通钢筋,2,9,2.2301,轻度雾霾,10.0,80.0,附件2/内置天气轨迹
EXPERIMENT_INTERNAL,普通钢筋,2,10,2.1238,雾/阴,9.0,85.0,附件2/内置天气轨迹
EXPERIMENT_INTERNAL,普通钢筋,2,11,2.0202,雾/阴,7.0,90.0,附件2/内置天气轨迹
EXPERIMENT_INTERNAL,普通钢筋,2,12,1.9245,雾/多云,8.0,85.0,附件2/内置天气轨迹
EXPERIMENT_INTERNAL,普通钢筋,2,13,1.8451,晴转多云,11.0,65.0,附件2/内置天气轨迹
EXPERIMENT_INTERNAL,普通钢筋,2,14,1.7628,多云,10.5,75.0,附件2/内置天气轨迹
EXPERIMENT_INTERNAL,普通钢筋,2,15,1.6808,中度雾霾,11.5,80.0,附件2/内置天气轨迹
EXPERIMENT_INTERNAL,普通钢筋,2,22,1.0385,晴,8.0,70.0,附件2/内置天气轨迹
EXPERIMENT_INTERNAL,普通钢筋,2,30,0.6305,小雨,10.0,85.0,附件2/内置天气轨迹
EXPERIMENT_INTERNAL,普通钢筋,2,37,0.4364,多云转小雨,14.0,85.0,附件2/内置天气轨迹
EXPERIMENT_INTERNAL,普通钢筋,2,44,0.2889,晴转多云,11.0,70.0,附件2/内置天气轨迹
EXPERIMENT_INTERNAL,普通钢筋,2,51,0.1899,阴,13.0,80.0,附件2/内置天气轨迹
EXPERIMENT_INTERNAL,普通钢筋,2,58,0.0973,分散阵雨转多云,18.0,80.0,附件2/内置天气轨迹
EXPERIMENT_INTERNAL,普通钢筋,2,90,0.0093,阴,20.0,80.0,附件2/内置天气轨迹
EXPERIMENT_INTERNAL,普通钢筋,3,1,1.8456,小雨,9.0,90.0,附件2/内置天气轨迹
EXPERIMENT_INTERNAL,普通钢筋,3,2,1.6887,小雨转阴,7.5,85.0,附件2/内置天气轨迹
EXPERIMENT_INTERNAL,普通钢筋,3,3,1.545,阴转小雨,7.5,85.0,附件2/内置天气轨迹
EXPERIMENT_INTERNAL,普通钢筋,3,4,1.4773,多云,7.5,75.0,附件2/内置天气轨迹
EXPERIMENT_INTERNAL,普通钢筋,3,5,1.4096,雾/晴,8.5,80.0,附件2/内置天气轨迹
EXPERIMENT_INTERNAL,普通钢筋,3,6,1.3471,多云,9.5,75.0,附件2/内置天气轨迹
EXPERIMENT_INTERNAL,普通钢筋,3,7,1.2877,多云,8.5,75.0,附件2/内置天气轨迹
EXPERIMENT_INTERNAL,普通钢筋,3,8,1.2329,晴,9.0,70.0,附件2/内置天气轨迹
EXPERIMENT_INTERNAL,普通钢筋,3,9,1.176,轻度雾霾,10.0,80.0,附件2/内置天气轨迹
EXPERIMENT_INTERNAL,普通钢筋,3,10,1.12,雾/阴,9.0,85.0,附件2/内置天气轨迹
EXPERIMENT_INTERNAL,普通钢筋,3,11,1.0653,雾/阴,7.0,90.0,附件2/内置天气轨迹
EXPERIMENT_INTERNAL,普通钢筋,3,12,1.0148,雾/多云,8.0,85.0,附件2/内置天气轨迹
EXPERIMENT_INTERNAL,普通钢筋,3,13,0.973,晴转多云,11.0,65.0,附件2/内置天气轨迹
EXPERIMENT_INTERNAL,普通钢筋,3,14,0.9296,多云,10.5,75.0,附件2/内置天气轨迹
EXPERIMENT_INTERNAL,普通钢筋,3,15,0.8863,中度雾霾,11.5,80.0,附件2/内置天气轨迹
EXPERIMENT_INTERNAL,普通钢筋,3,22,0.5476,晴,8.0,70.0,附件2/内置天气轨迹
EXPERIMENT_INTERNAL,普通钢筋,3,30,0.3325,小雨,10.0,85.0,附件2/内置天气轨迹
EXPERIMENT_INTERNAL,普通钢筋,3,37,0.2301,多云转小雨,14.0,85.0,附件2/内置天气轨迹
EXPERIMENT_INTERNAL,普通钢筋,3,44,0.1523,晴转多云,11.0,70.0,附件2/内置天气轨迹
EXPERIMENT_INTERNAL,普通钢筋,3,51,0.1001,阴,13.0,80.0,附件2/内置天气轨迹
EXPERIMENT_INTERNAL,普通钢筋,3,58,0.0513,分散阵雨转多云,18.0,80.0,附件2/内置天气轨迹
EXPERIMENT_INTERNAL,普通钢筋,3,90,0.0049,阴,20.0,80.0,附件2/内置天气轨迹
EXPERIMENT_INTERNAL,普通钢筋,4,1,4.9868,小雨,9.0,90.0,附件2/内置天气轨迹
EXPERIMENT_INTERNAL,普通钢筋,4,2,4.5627,小雨转阴,7.5,85.0,附件2/内置天气轨迹
EXPERIMENT_INTERNAL,普通钢筋,4,3,4.1746,阴转小雨,7.5,85.0,附件2/内置天气轨迹
EXPERIMENT_INTERNAL,普通钢筋,4,4,3.9914,多云,7.5,75.0,附件2/内置天气轨迹
EXPERIMENT_INTERNAL,普通钢筋,4,5,3.8086,雾/晴,8.5,80.0,附件2/内置天气轨迹
EXPERIMENT_INTERNAL,普通钢筋,4,6,3.6397,多云,9.5,75.0,附件2/内置天气轨迹
EXPERIMENT_INTERNAL,普通钢筋,4,7,3.4792,多云,8.5,75.0,附件2/内置天气轨迹
EXPERIMENT_INTERNAL,普通钢筋,4,8,3.3312,晴,9.0,70.0,附件2/内置天气轨迹
EXPERIMENT_INTERNAL,普通钢筋,4,9,3.1774,轻度雾霾,10.0,80.0,附件2/内置天气轨迹
EXPERIMENT_INTERNAL,普通钢筋,4,10,3.0261,雾/阴,9.0,85.0,附件2/内置天气轨迹
EXPERIMENT_INTERNAL,普通钢筋,4,11,2.8784,雾/阴,7.0,90.0,附件2/内置天气轨迹
EXPERIMENT_INTERNAL,普通钢筋,4,12,2.742,雾/多云,8.0,85.0,附件2/内置天气轨迹
EXPERIMENT_INTERNAL,普通钢筋,4,13,2.6289,晴转多云,11.0,65.0,附件2/内置天气轨迹
EXPERIMENT_INTERNAL,普通钢筋,4,14,2.5117,多云,10.5,75.0,附件2/内置天气轨迹
EXPERIMENT_INTERNAL,普通钢筋,4,15,2.3948,中度雾霾,11.5,80.0,附件2/内置天气轨迹
EXPERIMENT_INTERNAL,普通钢筋,4,22,1.4797,晴,8.0,70.0,附件2/内置天气轨迹
EXPERIMENT_INTERNAL,普通钢筋,4,30,0.8983,小雨,10.0,85.0,附件2/内置天气轨迹
EXPERIMENT_INTERNAL,普通钢筋,4,37,0.6217,多云转小雨,14.0,85.0,附件2/内置天气轨迹
EXPERIMENT_INTERNAL,普通钢筋,4,44,0.4116,晴转多云,11.0,70.0,附件2/内置天气轨迹
EXPERIMENT_INTERNAL,普通钢筋,4,51,0.2706,阴,13.0,80.0,附件2/内置天气轨迹
EXPERIMENT_INTERNAL,普通钢筋,4,58,0.1387,分散阵雨转多云,18.0,80.0,附件2/内置天气轨迹
EXPERIMENT_INTERNAL,普通钢筋,4,90,0.0132,阴,20.0,80.0,附件2/内置天气轨迹
EXPERIMENT_INTERNAL,普通钢筋,5,1,2.6512,小雨,9.0,90.0,附件2/内置天气轨迹
EXPERIMENT_INTERNAL,普通钢筋,5,2,2.4258,小雨转阴,7.5,85.0,附件2/内置天气轨迹
EXPERIMENT_INTERNAL,普通钢筋,5,3,2.2194,阴转小雨,7.5,85.0,附件2/内置天气轨迹
EXPERIMENT_INTERNAL,普通钢筋,5,4,2.1221,多云,7.5,75.0,附件2/内置天气轨迹
EXPERIMENT_INTERNAL,普通钢筋,5,5,2.0249,雾/晴,8.5,80.0,附件2/内置天气轨迹
EXPERIMENT_INTERNAL,普通钢筋,5,6,1.9351,多云,9.5,75.0,附件2/内置天气轨迹
EXPERIMENT_INTERNAL,普通钢筋,5,7,1.8497,多云,8.5,75.0,附件2/内置天气轨迹
EXPERIMENT_INTERNAL,普通钢筋,5,8,1.7711,晴,9.0,70.0,附件2/内置天气轨迹
EXPERIMENT_INTERNAL,普通钢筋,5,9,1.6893,轻度雾霾,10.0,80.0,附件2/内置天气轨迹
EXPERIMENT_INTERNAL,普通钢筋,5,10,1.6088,雾/阴,9.0,85.0,附件2/内置天气轨迹
EXPERIMENT_INTERNAL,普通钢筋,5,11,1.5303,雾/阴,7.0,90.0,附件2/内置天气轨迹
EXPERIMENT_INTERNAL,普通钢筋,5,12,1.4578,雾/多云,8.0,85.0,附件2/内置天气轨迹
EXPERIMENT_INTERNAL,普通钢筋,5,13,1.3977,晴转多云,11.0,65.0,附件2/内置天气轨迹
EXPERIMENT_INTERNAL,普通钢筋,5,14,1.3354,多云,10.5,75.0,附件2/内置天气轨迹
EXPERIMENT_INTERNAL,普通钢筋,5,15,1.2732,中度雾霾,11.5,80.0,附件2/内置天气轨迹
EXPERIMENT_INTERNAL,普通钢筋,5,22,0.7867,晴,8.0,70.0,附件2/内置天气轨迹
EXPERIMENT_INTERNAL,普通钢筋,5,30,0.4776,小雨,10.0,85.0,附件2/内置天气轨迹
EXPERIMENT_INTERNAL,普通钢筋,5,37,0.3305,多云转小雨,14.0,85.0,附件2/内置天气轨迹
EXPERIMENT_INTERNAL,普通钢筋,5,44,0.2188,晴转多云,11.0,70.0,附件2/内置天气轨迹
EXPERIMENT_INTERNAL,普通钢筋,5,51,0.1439,阴,13.0,80.0,附件2/内置天气轨迹
EXPERIMENT_INTERNAL,普通钢筋,5,58,0.0737,分散阵雨转多云,18.0,80.0,附件2/内置天气轨迹
EXPERIMENT_INTERNAL,普通钢筋,5,90,0.007,阴,20.0,80.0,附件2/内置天气轨迹
EXPERIMENT_INTERNAL,普通钢筋,6,1,4.1007,小雨,9.0,90.0,附件2/内置天气轨迹
EXPERIMENT_INTERNAL,普通钢筋,6,2,3.752,小雨转阴,7.5,85.0,附件2/内置天气轨迹
EXPERIMENT_INTERNAL,普通钢筋,6,3,3.4329,阴转小雨,7.5,85.0,附件2/内置天气轨迹
EXPERIMENT_INTERNAL,普通钢筋,6,4,3.2823,多云,7.5,75.0,附件2/内置天气轨迹
EXPERIMENT_INTERNAL,普通钢筋,6,5,3.1319,雾/晴,8.5,80.0,附件2/内置天气轨迹
EXPERIMENT_INTERNAL,普通钢筋,6,6,2.993,多云,9.5,75.0,附件2/内置天气轨迹
EXPERIMENT_INTERNAL,普通钢筋,6,7,2.861,多云,8.5,75.0,附件2/内置天气轨迹
EXPERIMENT_INTERNAL,普通钢筋,6,8,2.7393,晴,9.0,70.0,附件2/内置天气轨迹
EXPERIMENT_INTERNAL,普通钢筋,6,9,2.6129,轻度雾霾,10.0,80.0,附件2/内置天气轨迹
EXPERIMENT_INTERNAL,普通钢筋,6,10,2.4884,雾/阴,9.0,85.0,附件2/内置天气轨迹
EXPERIMENT_INTERNAL,普通钢筋,6,11,2.367,雾/阴,7.0,90.0,附件2/内置天气轨迹
EXPERIMENT_INTERNAL,普通钢筋,6,12,2.2548,雾/多云,8.0,85.0,附件2/内置天气轨迹
EXPERIMENT_INTERNAL,普通钢筋,6,13,2.1618,晴转多云,11.0,65.0,附件2/内置天气轨迹
EXPERIMENT_INTERNAL,普通钢筋,6,14,2.0654,多云,10.5,75.0,附件2/内置天气轨迹
EXPERIMENT_INTERNAL,普通钢筋,6,15,1.9693,中度雾霾,11.5,80.0,附件2/内置天气轨迹
EXPERIMENT_INTERNAL,普通钢筋,6,22,1.2168,晴,8.0,70.0,附件2/内置天气轨迹
EXPERIMENT_INTERNAL,普通钢筋,6,30,0.7387,小雨,10.0,85.0,附件2/内置天气轨迹
EXPERIMENT_INTERNAL,普通钢筋,6,37,0.5113,多云转小雨,14.0,85.0,附件2/内置天气轨迹
EXPERIMENT_INTERNAL,普通钢筋,6,44,0.3385,晴转多云,11.0,70.0,附件2/内置天气轨迹
EXPERIMENT_INTERNAL,普通钢筋,6,51,0.2225,阴,13.0,80.0,附件2/内置天气轨迹
EXPERIMENT_INTERNAL,普通钢筋,6,58,0.114,分散阵雨转多云,18.0,80.0,附件2/内置天气轨迹
EXPERIMENT_INTERNAL,普通钢筋,6,90,0.0108,阴,20.0,80.0,附件2/内置天气轨迹
EXPERIMENT_INTERNAL,普通钢筋,7,1,2.8413,小雨,9.0,90.0,附件2/内置天气轨迹
EXPERIMENT_INTERNAL,普通钢筋,7,2,2.5996,小雨转阴,7.5,85.0,附件2/内置天气轨迹
EXPERIMENT_INTERNAL,普通钢筋,7,3,2.3785,阴转小雨,7.5,85.0,附件2/内置天气轨迹
EXPERIMENT_INTERNAL,普通钢筋,7,4,2.2742,多云,7.5,75.0,附件2/内置天气轨迹
EXPERIMENT_INTERNAL,普通钢筋,7,5,2.17,雾/晴,8.5,80.0,附件2/内置天气轨迹
EXPERIMENT_INTERNAL,普通钢筋,7,6,2.0738,多云,9.5,75.0,附件2/内置天气轨迹
EXPERIMENT_INTERNAL,普通钢筋,7,7,1.9823,多云,8.5,75.0,附件2/内置天气轨迹
EXPERIMENT_INTERNAL,普通钢筋,7,8,1.898,晴,9.0,70.0,附件2/内置天气轨迹
EXPERIMENT_INTERNAL,普通钢筋,7,9,1.8104,轻度雾霾,10.0,80.0,附件2/内置天气轨迹
EXPERIMENT_INTERNAL,普通钢筋,7,10,1.7241,雾/阴,9.0,85.0,附件2/内置天气轨迹
EXPERIMENT_INTERNAL,普通钢筋,7,11,1.64,雾/阴,7.0,90.0,附件2/内置天气轨迹
EXPERIMENT_INTERNAL,普通钢筋,7,12,1.5623,雾/多云,8.0,85.0,附件2/内置天气轨迹
EXPERIMENT_INTERNAL,普通钢筋,7,13,1.4978,晴转多云,11.0,65.0,附件2/内置天气轨迹
EXPERIMENT_INTERNAL,普通钢筋,7,14,1.4311,多云,10.5,75.0,附件2/内置天气轨迹
EXPERIMENT_INTERNAL,普通钢筋,7,15,1.3645,中度雾霾,11.5,80.0,附件2/内置天气轨迹
EXPERIMENT_INTERNAL,普通钢筋,7,22,0.8431,晴,8.0,70.0,附件2/内置天气轨迹
EXPERIMENT_INTERNAL,普通钢筋,7,30,0.5118,小雨,10.0,85.0,附件2/内置天气轨迹
EXPERIMENT_INTERNAL,普通钢筋,7,37,0.3542,多云转小雨,14.0,85.0,附件2/内置天气轨迹
EXPERIMENT_INTERNAL,普通钢筋,7,44,0.2345,晴转多云,11.0,70.0,附件2/内置天气轨迹
EXPERIMENT_INTERNAL,普通钢筋,7,51,0.1542,阴,13.0,80.0,附件2/内置天气轨迹
EXPERIMENT_INTERNAL,普通钢筋,7,58,0.079,分散阵雨转多云,18.0,80.0,附件2/内置天气轨迹
EXPERIMENT_INTERNAL,普通钢筋,7,90,0.0075,阴,20.0,80.0,附件2/内置天气轨迹
EXPERIMENT_INTERNAL,普通钢筋,8,1,3.5893,小雨,9.0,90.0,附件2/内置天气轨迹
EXPERIMENT_INTERNAL,普通钢筋,8,2,3.284,小雨转阴,7.5,85.0,附件2/内置天气轨迹
EXPERIMENT_INTERNAL,普通钢筋,8,3,3.0047,阴转小雨,7.5,85.0,附件2/内置天气轨迹
EXPERIMENT_INTERNAL,普通钢筋,8,4,2.8729,多云,7.5,75.0,附件2/内置天气轨迹
EXPERIMENT_INTERNAL,普通钢筋,8,5,2.7413,雾/晴,8.5,80.0,附件2/内置天气轨迹
EXPERIMENT_INTERNAL,普通钢筋,8,6,2.6197,多云,9.5,75.0,附件2/内置天气轨迹
EXPERIMENT_INTERNAL,普通钢筋,8,7,2.5042,多云,8.5,75.0,附件2/内置天气轨迹
EXPERIMENT_INTERNAL,普通钢筋,8,8,2.3977,晴,9.0,70.0,附件2/内置天气轨迹
EXPERIMENT_INTERNAL,普通钢筋,8,9,2.287,轻度雾霾,10.0,80.0,附件2/内置天气轨迹
EXPERIMENT_INTERNAL,普通钢筋,8,10,2.1781,雾/阴,9.0,85.0,附件2/内置天气轨迹
EXPERIMENT_INTERNAL,普通钢筋,8,11,2.0718,雾/阴,7.0,90.0,附件2/内置天气轨迹
EXPERIMENT_INTERNAL,普通钢筋,8,12,1.9736,雾/多云,8.0,85.0,附件2/内置天气轨迹
EXPERIMENT_INTERNAL,普通钢筋,8,13,1.8922,晴转多云,11.0,65.0,附件2/内置天气轨迹
EXPERIMENT_INTERNAL,普通钢筋,8,14,1.8078,多云,10.5,75.0,附件2/内置天气轨迹
EXPERIMENT_INTERNAL,普通钢筋,8,15,1.7237,中度雾霾,11.5,80.0,附件2/内置天气轨迹
EXPERIMENT_INTERNAL,普通钢筋,8,22,1.065,晴,8.0,70.0,附件2/内置天气轨迹
EXPERIMENT_INTERNAL,普通钢筋,8,30,0.6466,小雨,10.0,85.0,附件2/内置天气轨迹
EXPERIMENT_INTERNAL,普通钢筋,8,37,0.4475,多云转小雨,14.0,85.0,附件2/内置天气轨迹
EXPERIMENT_INTERNAL,普通钢筋,8,44,0.2962,晴转多云,11.0,70.0,附件2/内置天气轨迹
EXPERIMENT_INTERNAL,普通钢筋,8,51,0.1948,阴,13.0,80.0,附件2/内置天气轨迹
EXPERIMENT_INTERNAL,普通钢筋,8,58,0.0998,分散阵雨转多云,18.0,80.0,附件2/内置天气轨迹
EXPERIMENT_INTERNAL,普通钢筋,8,90,0.0095,阴,20.0,80.0,附件2/内置天气轨迹
EXPERIMENT_INTERNAL,普通钢筋,9,1,3.685,小雨,9.0,90.0,附件2/内置天气轨迹
EXPERIMENT_INTERNAL,普通钢筋,9,2,3.3716,小雨转阴,7.5,85.0,附件2/内置天气轨迹
EXPERIMENT_INTERNAL,普通钢筋,9,3,3.0848,阴转小雨,7.5,85.0,附件2/内置天气轨迹
EXPERIMENT_INTERNAL,普通钢筋,9,4,2.9495,多云,7.5,75.0,附件2/内置天气轨迹
EXPERIMENT_INTERNAL,普通钢筋,9,5,2.8144,雾/晴,8.5,80.0,附件2/内置天气轨迹
EXPERIMENT_INTERNAL,普通钢筋,9,6,2.6896,多云,9.5,75.0,附件2/内置天气轨迹
EXPERIMENT_INTERNAL,普通钢筋,9,7,2.5709,多云,8.5,75.0,附件2/内置天气轨迹
EXPERIMENT_INTERNAL,普通钢筋,9,8,2.4616,晴,9.0,70.0,附件2/内置天气轨迹
EXPERIMENT_INTERNAL,普通钢筋,9,9,2.3479,轻度雾霾,10.0,80.0,附件2/内置天气轨迹
EXPERIMENT_INTERNAL,普通钢筋,9,10,2.2361,雾/阴,9.0,85.0,附件2/内置天气轨迹
EXPERIMENT_INTERNAL,普通钢筋,9,11,2.127,雾/阴,7.0,90.0,附件2/内置天气轨迹
EXPERIMENT_INTERNAL,普通钢筋,9,12,2.0262,雾/多云,8.0,85.0,附件2/内置天气轨迹
EXPERIMENT_INTERNAL,普通钢筋,9,13,1.9426,晴转多云,11.0,65.0,附件2/内置天气轨迹
EXPERIMENT_INTERNAL,普通钢筋,9,14,1.856,多云,10.5,75.0,附件2/内置天气轨迹
EXPERIMENT_INTERNAL,普通钢筋,9,15,1.7697,中度雾霾,11.5,80.0,附件2/内置天气轨迹
EXPERIMENT_INTERNAL,普通钢筋,9,22,1.0934,晴,8.0,70.0,附件2/内置天气轨迹
EXPERIMENT_INTERNAL,普通钢筋,9,30,0.6638,小雨,10.0,85.0,附件2/内置天气轨迹
EXPERIMENT_INTERNAL,普通钢筋,9,37,0.4594,多云转小雨,14.0,85.0,附件2/内置天气轨迹
EXPERIMENT_INTERNAL,普通钢筋,9,44,0.3041,晴转多云,11.0,70.0,附件2/内置天气轨迹
EXPERIMENT_INTERNAL,普通钢筋,9,51,0.2,阴,13.0,80.0,附件2/内置天气轨迹
EXPERIMENT_INTERNAL,普通钢筋,9,58,0.1025,分散阵雨转多云,18.0,80.0,附件2/内置天气轨迹
EXPERIMENT_INTERNAL,普通钢筋,9,90,0.0097,阴,20.0,80.0,附件2/内置天气轨迹
EXPERIMENT_INTERNAL,普通钢筋,10,1,2.3858,小雨,9.0,90.0,附件2/内置天气轨迹
EXPERIMENT_INTERNAL,普通钢筋,10,2,2.1829,小雨转阴,7.5,85.0,附件2/内置天气轨迹
EXPERIMENT_INTERNAL,普通钢筋,10,3,1.9973,阴转小雨,7.5,85.0,附件2/内置天气轨迹
EXPERIMENT_INTERNAL,普通钢筋,10,4,1.9096,多云,7.5,75.0,附件2/内置天气轨迹
EXPERIMENT_INTERNAL,普通钢筋,10,5,1.8222,雾/晴,8.5,80.0,附件2/内置天气轨迹
EXPERIMENT_INTERNAL,普通钢筋,10,6,1.7414,多云,9.5,75.0,附件2/内置天气轨迹
EXPERIMENT_INTERNAL,普通钢筋,10,7,1.6646,多云,8.5,75.0,附件2/内置天气轨迹
EXPERIMENT_INTERNAL,普通钢筋,10,8,1.5938,晴,9.0,70.0,附件2/内置天气轨迹
EXPERIMENT_INTERNAL,普通钢筋,10,9,1.5202,轻度雾霾,10.0,80.0,附件2/内置天气轨迹
EXPERIMENT_INTERNAL,普通钢筋,10,10,1.4478,雾/阴,9.0,85.0,附件2/内置天气轨迹
EXPERIMENT_INTERNAL,普通钢筋,10,11,1.3771,雾/阴,7.0,90.0,附件2/内置天气轨迹
EXPERIMENT_INTERNAL,普通钢筋,10,12,1.3119,雾/多云,8.0,85.0,附件2/内置天气轨迹
EXPERIMENT_INTERNAL,普通钢筋,10,13,1.2578,晴转多云,11.0,65.0,附件2/内置天气轨迹
EXPERIMENT_INTERNAL,普通钢筋,10,14,1.2017,多云,10.5,75.0,附件2/内置天气轨迹
EXPERIMENT_INTERNAL,普通钢筋,10,15,1.1458,中度雾霾,11.5,80.0,附件2/内置天气轨迹
EXPERIMENT_INTERNAL,普通钢筋,10,22,0.7079,晴,8.0,70.0,附件2/内置天气轨迹
EXPERIMENT_INTERNAL,普通钢筋,10,30,0.4298,小雨,10.0,85.0,附件2/内置天气轨迹
EXPERIMENT_INTERNAL,普通钢筋,10,37,0.2975,多云转小雨,14.0,85.0,附件2/内置天气轨迹
EXPERIMENT_INTERNAL,普通钢筋,10,44,0.1969,晴转多云,11.0,70.0,附件2/内置天气轨迹
EXPERIMENT_INTERNAL,普通钢筋,10,51,0.1295,阴,13.0,80.0,附件2/内置天气轨迹
EXPERIMENT_INTERNAL,普通钢筋,10,58,0.0663,分散阵雨转多云,18.0,80.0,附件2/内置天气轨迹
EXPERIMENT_INTERNAL,普通钢筋,10,90,0.0063,阴,20.0,80.0,附件2/内置天气轨迹
EXPERIMENT_INTERNAL,锈蚀钢筋,1,1,4.8101,小雨,9.0,90.0,附件2/内置天气轨迹
EXPERIMENT_INTERNAL,锈蚀钢筋,1,2,4.2192,小雨转阴,7.5,85.0,附件2/内置天气轨迹
EXPERIMENT_INTERNAL,锈蚀钢筋,1,3,3.7009,阴转小雨,7.5,85.0,附件2/内置天气轨迹
EXPERIMENT_INTERNAL,锈蚀钢筋,1,4,3.4663,多云,7.5,75.0,附件2/内置天气轨迹
EXPERIMENT_INTERNAL,锈蚀钢筋,1,5,3.237,雾/晴,8.5,80.0,附件2/内置天气轨迹
EXPERIMENT_INTERNAL,锈蚀钢筋,1,6,3.0296,多云,9.5,75.0,附件2/内置天气轨迹
EXPERIMENT_INTERNAL,锈蚀钢筋,1,7,2.8366,多云,8.5,75.0,附件2/内置天气轨迹
EXPERIMENT_INTERNAL,锈蚀钢筋,1,8,2.6624,晴,9.0,70.0,附件2/内置天气轨迹
EXPERIMENT_INTERNAL,锈蚀钢筋,1,9,2.4848,轻度雾霾,10.0,80.0,附件2/内置天气轨迹
EXPERIMENT_INTERNAL,锈蚀钢筋,1,10,2.3139,雾/阴,9.0,85.0,附件2/内置天气轨迹
EXPERIMENT_INTERNAL,锈蚀钢筋,1,11,2.1508,雾/阴,7.0,90.0,附件2/内置天气轨迹
EXPERIMENT_INTERNAL,锈蚀钢筋,1,12,2.0036,雾/多云,8.0,85.0,附件2/内置天气轨迹
EXPERIMENT_INTERNAL,锈蚀钢筋,1,13,1.8842,晴转多云,11.0,65.0,附件2/内置天气轨迹
EXPERIMENT_INTERNAL,锈蚀钢筋,1,14,1.7629,多云,10.5,75.0,附件2/内置天气轨迹
EXPERIMENT_INTERNAL,锈蚀钢筋,1,15,1.6444,中度雾霾,11.5,80.0,附件2/内置天气轨迹
EXPERIMENT_INTERNAL,锈蚀钢筋,1,22,0.8094,晴,8.0,70.0,附件2/内置天气轨迹
EXPERIMENT_INTERNAL,锈蚀钢筋,1,30,0.389,小雨,10.0,85.0,附件2/内置天气轨迹
EXPERIMENT_INTERNAL,锈蚀钢筋,1,37,0.227,多云转小雨,14.0,85.0,附件2/内置天气轨迹
EXPERIMENT_INTERNAL,锈蚀钢筋,1,44,0.124,晴转多云,11.0,70.0,附件2/内置天气轨迹
EXPERIMENT_INTERNAL,锈蚀钢筋,1,51,0.067,阴,13.0,80.0,附件2/内置天气轨迹
EXPERIMENT_INTERNAL,锈蚀钢筋,1,58,0.0249,分散阵雨转多云,18.0,80.0,附件2/内置天气轨迹
EXPERIMENT_INTERNAL,锈蚀钢筋,1,90,0.0008,阴,20.0,80.0,附件2/内置天气轨迹
EXPERIMENT_INTERNAL,锈蚀钢筋,2,1,4.2406,小雨,9.0,90.0,附件2/内置天气轨迹
EXPERIMENT_INTERNAL,锈蚀钢筋,2,2,3.7196,小雨转阴,7.5,85.0,附件2/内置天气轨迹
EXPERIMENT_INTERNAL,锈蚀钢筋,2,3,3.2626,阴转小雨,7.5,85.0,附件2/内置天气轨迹
EXPERIMENT_INTERNAL,锈蚀钢筋,2,4,3.0559,多云,7.5,75.0,附件2/内置天气轨迹
EXPERIMENT_INTERNAL,锈蚀钢筋,2,5,2.8537,雾/晴,8.5,80.0,附件2/内置天气轨迹
EXPERIMENT_INTERNAL,锈蚀钢筋,2,6,2.6709,多云,9.5,75.0,附件2/内置天气轨迹
EXPERIMENT_INTERNAL,锈蚀钢筋,2,7,2.5007,多云,8.5,75.0,附件2/内置天气轨迹
EXPERIMENT_INTERNAL,锈蚀钢筋,2,8,2.3471,晴,9.0,70.0,附件2/内置天气轨迹
EXPERIMENT_INTERNAL,锈蚀钢筋,2,9,2.1906,轻度雾霾,10.0,80.0,附件2/内置天气轨迹
EXPERIMENT_INTERNAL,锈蚀钢筋,2,10,2.0399,雾/阴,9.0,85.0,附件2/内置天气轨迹
EXPERIMENT_INTERNAL,锈蚀钢筋,2,11,1.8961,雾/阴,7.0,90.0,附件2/内置天气轨迹
EXPERIMENT_INTERNAL,锈蚀钢筋,2,12,1.7663,雾/多云,8.0,85.0,附件2/内置天气轨迹
EXPERIMENT_INTERNAL,锈蚀钢筋,2,13,1.6611,晴转多云,11.0,65.0,附件2/内置天气轨迹
EXPERIMENT_INTERNAL,锈蚀钢筋,2,14,1.5541,多云,10.5,75.0,附件2/内置天气轨迹
EXPERIMENT_INTERNAL,锈蚀钢筋,2,15,1.4497,中度雾霾,11.5,80.0,附件2/内置天气轨迹
EXPERIMENT_INTERNAL,锈蚀钢筋,2,22,0.7136,晴,8.0,70.0,附件2/内置天气轨迹
EXPERIMENT_INTERNAL,锈蚀钢筋,2,30,0.343,小雨,10.0,85.0,附件2/内置天气轨迹
EXPERIMENT_INTERNAL,锈蚀钢筋,2,37,0.2001,多云转小雨,14.0,85.0,附件2/内置天气轨迹
EXPERIMENT_INTERNAL,锈蚀钢筋,2,44,0.1093,晴转多云,11.0,70.0,附件2/内置天气轨迹
EXPERIMENT_INTERNAL,锈蚀钢筋,2,51,0.0591,阴,13.0,80.0,附件2/内置天气轨迹
EXPERIMENT_INTERNAL,锈蚀钢筋,2,58,0.022,分散阵雨转多云,18.0,80.0,附件2/内置天气轨迹
EXPERIMENT_INTERNAL,锈蚀钢筋,2,90,0.0007,阴,20.0,80.0,附件2/内置天气轨迹
EXPERIMENT_INTERNAL,锈蚀钢筋,3,1,4.722,小雨,9.0,90.0,附件2/内置天气轨迹
EXPERIMENT_INTERNAL,锈蚀钢筋,3,2,4.1419,小雨转阴,7.5,85.0,附件2/内置天气轨迹
EXPERIMENT_INTERNAL,锈蚀钢筋,3,3,3.6331,阴转小雨,7.5,85.0,附件2/内置天气轨迹
EXPERIMENT_INTERNAL,锈蚀钢筋,3,4,3.4028,多云,7.5,75.0,附件2/内置天气轨迹
EXPERIMENT_INTERNAL,锈蚀钢筋,3,5,3.1777,雾/晴,8.5,80.0,附件2/内置天气轨迹
EXPERIMENT_INTERNAL,锈蚀钢筋,3,6,2.9741,多云,9.5,75.0,附件2/内置天气轨迹
EXPERIMENT_INTERNAL,锈蚀钢筋,3,7,2.7847,多云,8.5,75.0,附件2/内置天气轨迹
EXPERIMENT_INTERNAL,锈蚀钢筋,3,8,2.6136,晴,9.0,70.0,附件2/内置天气轨迹
EXPERIMENT_INTERNAL,锈蚀钢筋,3,9,2.4393,轻度雾霾,10.0,80.0,附件2/内置天气轨迹
EXPERIMENT_INTERNAL,锈蚀钢筋,3,10,2.2715,雾/阴,9.0,85.0,附件2/内置天气轨迹
EXPERIMENT_INTERNAL,锈蚀钢筋,3,11,2.1114,雾/阴,7.0,90.0,附件2/内置天气轨迹
EXPERIMENT_INTERNAL,锈蚀钢筋,3,12,1.9669,雾/多云,8.0,85.0,附件2/内置天气轨迹
EXPERIMENT_INTERNAL,锈蚀钢筋,3,13,1.8497,晴转多云,11.0,65.0,附件2/内置天气轨迹
EXPERIMENT_INTERNAL,锈蚀钢筋,3,14,1.7306,多云,10.5,75.0,附件2/内置天气轨迹
EXPERIMENT_INTERNAL,锈蚀钢筋,3,15,1.6142,中度雾霾,11.5,80.0,附件2/内置天气轨迹
EXPERIMENT_INTERNAL,锈蚀钢筋,3,22,0.7946,晴,8.0,70.0,附件2/内置天气轨迹
EXPERIMENT_INTERNAL,锈蚀钢筋,3,30,0.3819,小雨,10.0,85.0,附件2/内置天气轨迹
EXPERIMENT_INTERNAL,锈蚀钢筋,3,37,0.2229,多云转小雨,14.0,85.0,附件2/内置天气轨迹
EXPERIMENT_INTERNAL,锈蚀钢筋,3,44,0.1217,晴转多云,11.0,70.0,附件2/内置天气轨迹
EXPERIMENT_INTERNAL,锈蚀钢筋,3,51,0.0658,阴,13.0,80.0,附件2/内置天气轨迹
EXPERIMENT_INTERNAL,锈蚀钢筋,3,58,0.0245,分散阵雨转多云,18.0,80.0,附件2/内置天气轨迹
EXPERIMENT_INTERNAL,锈蚀钢筋,3,90,0.0008,阴,20.0,80.0,附件2/内置天气轨迹
EXPERIMENT_INTERNAL,锈蚀钢筋,4,1,4.5911,小雨,9.0,90.0,附件2/内置天气轨迹
EXPERIMENT_INTERNAL,锈蚀钢筋,4,2,4.0271,小雨转阴,7.5,85.0,附件2/内置天气轨迹
EXPERIMENT_INTERNAL,锈蚀钢筋,4,3,3.5324,阴转小雨,7.5,85.0,附件2/内置天气轨迹
EXPERIMENT_INTERNAL,锈蚀钢筋,4,4,3.3085,多云,7.5,75.0,附件2/内置天气轨迹
EXPERIMENT_INTERNAL,锈蚀钢筋,4,5,3.0896,雾/晴,8.5,80.0,附件2/内置天气轨迹
EXPERIMENT_INTERNAL,锈蚀钢筋,4,6,2.8917,多云,9.5,75.0,附件2/内置天气轨迹
EXPERIMENT_INTERNAL,锈蚀钢筋,4,7,2.7075,多云,8.5,75.0,附件2/内置天气轨迹
EXPERIMENT_INTERNAL,锈蚀钢筋,4,8,2.5412,晴,9.0,70.0,附件2/内置天气轨迹
EXPERIMENT_INTERNAL,锈蚀钢筋,4,9,2.3717,轻度雾霾,10.0,80.0,附件2/内置天气轨迹
EXPERIMENT_INTERNAL,锈蚀钢筋,4,10,2.2085,雾/阴,9.0,85.0,附件2/内置天气轨迹
EXPERIMENT_INTERNAL,锈蚀钢筋,4,11,2.0528,雾/阴,7.0,90.0,附件2/内置天气轨迹
EXPERIMENT_INTERNAL,锈蚀钢筋,4,12,1.9124,雾/多云,8.0,85.0,附件2/内置天气轨迹
EXPERIMENT_INTERNAL,锈蚀钢筋,4,13,1.7984,晴转多云,11.0,65.0,附件2/内置天气轨迹
EXPERIMENT_INTERNAL,锈蚀钢筋,4,14,1.6826,多云,10.5,75.0,附件2/内置天气轨迹
EXPERIMENT_INTERNAL,锈蚀钢筋,4,15,1.5695,中度雾霾,11.5,80.0,附件2/内置天气轨迹
EXPERIMENT_INTERNAL,锈蚀钢筋,4,22,0.7726,晴,8.0,70.0,附件2/内置天气轨迹
EXPERIMENT_INTERNAL,锈蚀钢筋,4,30,0.3713,小雨,10.0,85.0,附件2/内置天气轨迹
EXPERIMENT_INTERNAL,锈蚀钢筋,4,37,0.2167,多云转小雨,14.0,85.0,附件2/内置天气轨迹
EXPERIMENT_INTERNAL,锈蚀钢筋,4,44,0.1183,晴转多云,11.0,70.0,附件2/内置天气轨迹
EXPERIMENT_INTERNAL,锈蚀钢筋,4,51,0.064,阴,13.0,80.0,附件2/内置天气轨迹
EXPERIMENT_INTERNAL,锈蚀钢筋,4,58,0.0238,分散阵雨转多云,18.0,80.0,附件2/内置天气轨迹
EXPERIMENT_INTERNAL,锈蚀钢筋,4,90,0.0007,阴,20.0,80.0,附件2/内置天气轨迹
EXPERIMENT_INTERNAL,锈蚀钢筋,5,1,3.7214,小雨,9.0,90.0,附件2/内置天气轨迹
EXPERIMENT_INTERNAL,锈蚀钢筋,5,2,3.2643,小雨转阴,7.5,85.0,附件2/内置天气轨迹
EXPERIMENT_INTERNAL,锈蚀钢筋,5,3,2.8632,阴转小雨,7.5,85.0,附件2/内置天气轨迹
EXPERIMENT_INTERNAL,锈蚀钢筋,5,4,2.6818,多云,7.5,75.0,附件2/内置天气轨迹
EXPERIMENT_INTERNAL,锈蚀钢筋,5,5,2.5043,雾/晴,8.5,80.0,附件2/内置天气轨迹
EXPERIMENT_INTERNAL,锈蚀钢筋,5,6,2.3439,多云,9.5,75.0,附件2/内置天气轨迹
EXPERIMENT_INTERNAL,锈蚀钢筋,5,7,2.1946,多云,8.5,75.0,附件2/内置天气轨迹
EXPERIMENT_INTERNAL,锈蚀钢筋,5,8,2.0598,晴,9.0,70.0,附件2/内置天气轨迹
EXPERIMENT_INTERNAL,锈蚀钢筋,5,9,1.9224,轻度雾霾,10.0,80.0,附件2/内置天气轨迹
EXPERIMENT_INTERNAL,锈蚀钢筋,5,10,1.7902,雾/阴,9.0,85.0,附件2/内置天气轨迹
EXPERIMENT_INTERNAL,锈蚀钢筋,5,11,1.664,雾/阴,7.0,90.0,附件2/内置天气轨迹
EXPERIMENT_INTERNAL,锈蚀钢筋,5,12,1.5501,雾/多云,8.0,85.0,附件2/内置天气轨迹
EXPERIMENT_INTERNAL,锈蚀钢筋,5,13,1.4577,晴转多云,11.0,65.0,附件2/内置天气轨迹
EXPERIMENT_INTERNAL,锈蚀钢筋,5,14,1.3639,多云,10.5,75.0,附件2/内置天气轨迹
EXPERIMENT_INTERNAL,锈蚀钢筋,5,15,1.2722,中度雾霾,11.5,80.0,附件2/内置天气轨迹
EXPERIMENT_INTERNAL,锈蚀钢筋,5,22,0.6262,晴,8.0,70.0,附件2/内置天气轨迹
EXPERIMENT_INTERNAL,锈蚀钢筋,5,30,0.301,小雨,10.0,85.0,附件2/内置天气轨迹
EXPERIMENT_INTERNAL,锈蚀钢筋,5,37,0.1756,多云转小雨,14.0,85.0,附件2/内置天气轨迹
EXPERIMENT_INTERNAL,锈蚀钢筋,5,44,0.0959,晴转多云,11.0,70.0,附件2/内置天气轨迹
EXPERIMENT_INTERNAL,锈蚀钢筋,5,51,0.0518,阴,13.0,80.0,附件2/内置天气轨迹
EXPERIMENT_INTERNAL,锈蚀钢筋,5,58,0.0193,分散阵雨转多云,18.0,80.0,附件2/内置天气轨迹
EXPERIMENT_INTERNAL,锈蚀钢筋,5,90,0.0006,阴,20.0,80.0,附件2/内置天气轨迹
EXPERIMENT_INTERNAL,锈蚀钢筋,6,1,4.6704,小雨,9.0,90.0,附件2/内置天气轨迹
EXPERIMENT_INTERNAL,锈蚀钢筋,6,2,4.0966,小雨转阴,7.5,85.0,附件2/内置天气轨迹
EXPERIMENT_INTERNAL,锈蚀钢筋,6,3,3.5933,阴转小雨,7.5,85.0,附件2/内置天气轨迹
EXPERIMENT_INTERNAL,锈蚀钢筋,6,4,3.3656,多云,7.5,75.0,附件2/内置天气轨迹
EXPERIMENT_INTERNAL,锈蚀钢筋,6,5,3.1429,雾/晴,8.5,80.0,附件2/内置天气轨迹
EXPERIMENT_INTERNAL,锈蚀钢筋,6,6,2.9416,多云,9.5,75.0,附件2/内置天气轨迹
EXPERIMENT_INTERNAL,锈蚀钢筋,6,7,2.7542,多云,8.5,75.0,附件2/内置天气轨迹
EXPERIMENT_INTERNAL,锈蚀钢筋,6,8,2.585,晴,9.0,70.0,附件2/内置天气轨迹
EXPERIMENT_INTERNAL,锈蚀钢筋,6,9,2.4126,轻度雾霾,10.0,80.0,附件2/内置天气轨迹
EXPERIMENT_INTERNAL,锈蚀钢筋,6,10,2.2467,雾/阴,9.0,85.0,附件2/内置天气轨迹
EXPERIMENT_INTERNAL,锈蚀钢筋,6,11,2.0883,雾/阴,7.0,90.0,附件2/内置天气轨迹
EXPERIMENT_INTERNAL,锈蚀钢筋,6,12,1.9454,雾/多云,8.0,85.0,附件2/内置天气轨迹
EXPERIMENT_INTERNAL,锈蚀钢筋,6,13,1.8294,晴转多云,11.0,65.0,附件2/内置天气轨迹
EXPERIMENT_INTERNAL,锈蚀钢筋,6,14,1.7116,多云,10.5,75.0,附件2/内置天气轨迹
EXPERIMENT_INTERNAL,锈蚀钢筋,6,15,1.5966,中度雾霾,11.5,80.0,附件2/内置天气轨迹
EXPERIMENT_INTERNAL,锈蚀钢筋,6,22,0.7859,晴,8.0,70.0,附件2/内置天气轨迹
EXPERIMENT_INTERNAL,锈蚀钢筋,6,30,0.3777,小雨,10.0,85.0,附件2/内置天气轨迹
EXPERIMENT_INTERNAL,锈蚀钢筋,6,37,0.2204,多云转小雨,14.0,85.0,附件2/内置天气轨迹
EXPERIMENT_INTERNAL,锈蚀钢筋,6,44,0.1204,晴转多云,11.0,70.0,附件2/内置天气轨迹
EXPERIMENT_INTERNAL,锈蚀钢筋,6,51,0.0651,阴,13.0,80.0,附件2/内置天气轨迹
EXPERIMENT_INTERNAL,锈蚀钢筋,6,58,0.0242,分散阵雨转多云,18.0,80.0,附件2/内置天气轨迹
EXPERIMENT_INTERNAL,锈蚀钢筋,6,90,0.0008,阴,20.0,80.0,附件2/内置天气轨迹
EXPERIMENT_INTERNAL,锈蚀钢筋,7,1,2.2293,小雨,9.0,90.0,附件2/内置天气轨迹
EXPERIMENT_INTERNAL,锈蚀钢筋,7,2,1.9555,小雨转阴,7.5,85.0,附件2/内置天气轨迹
EXPERIMENT_INTERNAL,锈蚀钢筋,7,3,1.7152,阴转小雨,7.5,85.0,附件2/内置天气轨迹
EXPERIMENT_INTERNAL,锈蚀钢筋,7,4,1.6065,多云,7.5,75.0,附件2/内置天气轨迹
EXPERIMENT_INTERNAL,锈蚀钢筋,7,5,1.5002,雾/晴,8.5,80.0,附件2/内置天气轨迹
EXPERIMENT_INTERNAL,锈蚀钢筋,7,6,1.4041,多云,9.5,75.0,附件2/内置天气轨迹
EXPERIMENT_INTERNAL,锈蚀钢筋,7,7,1.3147,多云,8.5,75.0,附件2/内置天气轨迹
EXPERIMENT_INTERNAL,锈蚀钢筋,7,8,1.2339,晴,9.0,70.0,附件2/内置天气轨迹
EXPERIMENT_INTERNAL,锈蚀钢筋,7,9,1.1516,轻度雾霾,10.0,80.0,附件2/内置天气轨迹
EXPERIMENT_INTERNAL,锈蚀钢筋,7,10,1.0724,雾/阴,9.0,85.0,附件2/内置天气轨迹
EXPERIMENT_INTERNAL,锈蚀钢筋,7,11,0.9968,雾/阴,7.0,90.0,附件2/内置天气轨迹
EXPERIMENT_INTERNAL,锈蚀钢筋,7,12,0.9286,雾/多云,8.0,85.0,附件2/内置天气轨迹
EXPERIMENT_INTERNAL,锈蚀钢筋,7,13,0.8733,晴转多云,11.0,65.0,附件2/内置天气轨迹
EXPERIMENT_INTERNAL,锈蚀钢筋,7,14,0.817,多云,10.5,75.0,附件2/内置天气轨迹
EXPERIMENT_INTERNAL,锈蚀钢筋,7,15,0.7621,中度雾霾,11.5,80.0,附件2/内置天气轨迹
EXPERIMENT_INTERNAL,锈蚀钢筋,7,22,0.3751,晴,8.0,70.0,附件2/内置天气轨迹
EXPERIMENT_INTERNAL,锈蚀钢筋,7,30,0.1803,小雨,10.0,85.0,附件2/内置天气轨迹
EXPERIMENT_INTERNAL,锈蚀钢筋,7,37,0.1052,多云转小雨,14.0,85.0,附件2/内置天气轨迹
EXPERIMENT_INTERNAL,锈蚀钢筋,7,44,0.0575,晴转多云,11.0,70.0,附件2/内置天气轨迹
EXPERIMENT_INTERNAL,锈蚀钢筋,7,51,0.0311,阴,13.0,80.0,附件2/内置天气轨迹
EXPERIMENT_INTERNAL,锈蚀钢筋,7,58,0.0115,分散阵雨转多云,18.0,80.0,附件2/内置天气轨迹
EXPERIMENT_INTERNAL,锈蚀钢筋,7,90,0.0004,阴,20.0,80.0,附件2/内置天气轨迹
EXPERIMENT_INTERNAL,锈蚀钢筋,8,1,2.5442,小雨,9.0,90.0,附件2/内置天气轨迹
EXPERIMENT_INTERNAL,锈蚀钢筋,8,2,2.2316,小雨转阴,7.5,85.0,附件2/内置天气轨迹
EXPERIMENT_INTERNAL,锈蚀钢筋,8,3,1.9575,阴转小雨,7.5,85.0,附件2/内置天气轨迹
EXPERIMENT_INTERNAL,锈蚀钢筋,8,4,1.8334,多云,7.5,75.0,附件2/内置天气轨迹
EXPERIMENT_INTERNAL,锈蚀钢筋,8,5,1.7121,雾/晴,8.5,80.0,附件2/内置天气轨迹
EXPERIMENT_INTERNAL,锈蚀钢筋,8,6,1.6025,多云,9.5,75.0,附件2/内置天气轨迹
EXPERIMENT_INTERNAL,锈蚀钢筋,8,7,1.5004,多云,8.5,75.0,附件2/内置天气轨迹
EXPERIMENT_INTERNAL,锈蚀钢筋,8,8,1.4082,晴,9.0,70.0,附件2/内置天气轨迹
EXPERIMENT_INTERNAL,锈蚀钢筋,8,9,1.3143,轻度雾霾,10.0,80.0,附件2/内置天气轨迹
EXPERIMENT_INTERNAL,锈蚀钢筋,8,10,1.2239,雾/阴,9.0,85.0,附件2/内置天气轨迹
EXPERIMENT_INTERNAL,锈蚀钢筋,8,11,1.1376,雾/阴,7.0,90.0,附件2/内置天气轨迹
EXPERIMENT_INTERNAL,锈蚀钢筋,8,12,1.0597,雾/多云,8.0,85.0,附件2/内置天气轨迹
EXPERIMENT_INTERNAL,锈蚀钢筋,8,13,0.9966,晴转多云,11.0,65.0,附件2/内置天气轨迹
EXPERIMENT_INTERNAL,锈蚀钢筋,8,14,0.9324,多云,10.5,75.0,附件2/内置天气轨迹
EXPERIMENT_INTERNAL,锈蚀钢筋,8,15,0.8697,中度雾霾,11.5,80.0,附件2/内置天气轨迹
EXPERIMENT_INTERNAL,锈蚀钢筋,8,22,0.4281,晴,8.0,70.0,附件2/内置天气轨迹
EXPERIMENT_INTERNAL,锈蚀钢筋,8,30,0.2058,小雨,10.0,85.0,附件2/内置天气轨迹
EXPERIMENT_INTERNAL,锈蚀钢筋,8,37,0.1201,多云转小雨,14.0,85.0,附件2/内置天气轨迹
EXPERIMENT_INTERNAL,锈蚀钢筋,8,44,0.0656,晴转多云,11.0,70.0,附件2/内置天气轨迹
EXPERIMENT_INTERNAL,锈蚀钢筋,8,51,0.0354,阴,13.0,80.0,附件2/内置天气轨迹
EXPERIMENT_INTERNAL,锈蚀钢筋,8,58,0.0132,分散阵雨转多云,18.0,80.0,附件2/内置天气轨迹
EXPERIMENT_INTERNAL,锈蚀钢筋,8,90,0.0004,阴,20.0,80.0,附件2/内置天气轨迹
EXPERIMENT_INTERNAL,锈蚀钢筋,9,1,2.1026,小雨,9.0,90.0,附件2/内置天气轨迹
EXPERIMENT_INTERNAL,锈蚀钢筋,9,2,1.8443,小雨转阴,7.5,85.0,附件2/内置天气轨迹
EXPERIMENT_INTERNAL,锈蚀钢筋,9,3,1.6177,阴转小雨,7.5,85.0,附件2/内置天气轨迹
EXPERIMENT_INTERNAL,锈蚀钢筋,9,4,1.5152,多云,7.5,75.0,附件2/内置天气轨迹
EXPERIMENT_INTERNAL,锈蚀钢筋,9,5,1.415,雾/晴,8.5,80.0,附件2/内置天气轨迹
EXPERIMENT_INTERNAL,锈蚀钢筋,9,6,1.3243,多云,9.5,75.0,附件2/内置天气轨迹
EXPERIMENT_INTERNAL,锈蚀钢筋,9,7,1.24,多云,8.5,75.0,附件2/内置天气轨迹
EXPERIMENT_INTERNAL,锈蚀钢筋,9,8,1.1638,晴,9.0,70.0,附件2/内置天气轨迹
EXPERIMENT_INTERNAL,锈蚀钢筋,9,9,1.0862,轻度雾霾,10.0,80.0,附件2/内置天气轨迹
EXPERIMENT_INTERNAL,锈蚀钢筋,9,10,1.0115,雾/阴,9.0,85.0,附件2/内置天气轨迹
EXPERIMENT_INTERNAL,锈蚀钢筋,9,11,0.9401,雾/阴,7.0,90.0,附件2/内置天气轨迹
EXPERIMENT_INTERNAL,锈蚀钢筋,9,12,0.8758,雾/多云,8.0,85.0,附件2/内置天气轨迹
EXPERIMENT_INTERNAL,锈蚀钢筋,9,13,0.8236,晴转多云,11.0,65.0,附件2/内置天气轨迹
EXPERIMENT_INTERNAL,锈蚀钢筋,9,14,0.7706,多云,10.5,75.0,附件2/内置天气轨迹
EXPERIMENT_INTERNAL,锈蚀钢筋,9,15,0.7188,中度雾霾,11.5,80.0,附件2/内置天气轨迹
EXPERIMENT_INTERNAL,锈蚀钢筋,9,22,0.3538,晴,8.0,70.0,附件2/内置天气轨迹
EXPERIMENT_INTERNAL,锈蚀钢筋,9,30,0.1701,小雨,10.0,85.0,附件2/内置天气轨迹
EXPERIMENT_INTERNAL,锈蚀钢筋,9,37,0.0992,多云转小雨,14.0,85.0,附件2/内置天气轨迹
EXPERIMENT_INTERNAL,锈蚀钢筋,9,44,0.0542,晴转多云,11.0,70.0,附件2/内置天气轨迹
EXPERIMENT_INTERNAL,锈蚀钢筋,9,51,0.0293,阴,13.0,80.0,附件2/内置天气轨迹
EXPERIMENT_INTERNAL,锈蚀钢筋,9,58,0.0109,分散阵雨转多云,18.0,80.0,附件2/内置天气轨迹
EXPERIMENT_INTERNAL,锈蚀钢筋,9,90,0.0003,阴,20.0,80.0,附件2/内置天气轨迹
EXPERIMENT_INTERNAL,锈蚀钢筋,10,1,2.9231,小雨,9.0,90.0,附件2/内置天气轨迹
EXPERIMENT_INTERNAL,锈蚀钢筋,10,2,2.564,小雨转阴,7.5,85.0,附件2/内置天气轨迹
EXPERIMENT_INTERNAL,锈蚀钢筋,10,3,2.249,阴转小雨,7.5,85.0,附件2/内置天气轨迹
EXPERIMENT_INTERNAL,锈蚀钢筋,10,4,2.1064,多云,7.5,75.0,附件2/内置天气轨迹
EXPERIMENT_INTERNAL,锈蚀钢筋,10,5,1.9671,雾/晴,8.5,80.0,附件2/内置天气轨迹
EXPERIMENT_INTERNAL,锈蚀钢筋,10,6,1.8411,多云,9.5,75.0,附件2/内置天气轨迹
EXPERIMENT_INTERNAL,锈蚀钢筋,10,7,1.7238,多云,8.5,75.0,附件2/内置天气轨迹
EXPERIMENT_INTERNAL,锈蚀钢筋,10,8,1.6179,晴,9.0,70.0,附件2/内置天气轨迹
EXPERIMENT_INTERNAL,锈蚀钢筋,10,9,1.51,轻度雾霾,10.0,80.0,附件2/内置天气轨迹
EXPERIMENT_INTERNAL,锈蚀钢筋,10,10,1.4061,雾/阴,9.0,85.0,附件2/内置天气轨迹
EXPERIMENT_INTERNAL,锈蚀钢筋,10,11,1.307,雾/阴,7.0,90.0,附件2/内置天气轨迹
EXPERIMENT_INTERNAL,锈蚀钢筋,10,12,1.2175,雾/多云,8.0,85.0,附件2/内置天气轨迹
EXPERIMENT_INTERNAL,锈蚀钢筋,10,13,1.145,晴转多云,11.0,65.0,附件2/内置天气轨迹
EXPERIMENT_INTERNAL,锈蚀钢筋,10,14,1.0713,多云,10.5,75.0,附件2/内置天气轨迹
EXPERIMENT_INTERNAL,锈蚀钢筋,10,15,0.9993,中度雾霾,11.5,80.0,附件2/内置天气轨迹
EXPERIMENT_INTERNAL,锈蚀钢筋,10,22,0.4919,晴,8.0,70.0,附件2/内置天气轨迹
EXPERIMENT_INTERNAL,锈蚀钢筋,10,30,0.2364,小雨,10.0,85.0,附件2/内置天气轨迹
EXPERIMENT_INTERNAL,锈蚀钢筋,10,37,0.138,多云转小雨,14.0,85.0,附件2/内置天气轨迹
EXPERIMENT_INTERNAL,锈蚀钢筋,10,44,0.0753,晴转多云,11.0,70.0,附件2/内置天气轨迹
EXPERIMENT_INTERNAL,锈蚀钢筋,10,51,0.0407,阴,13.0,80.0,附件2/内置天气轨迹
EXPERIMENT_INTERNAL,锈蚀钢筋,10,58,0.0151,分散阵雨转多云,18.0,80.0,附件2/内置天气轨迹
EXPERIMENT_INTERNAL,锈蚀钢筋,10,90,0.0005,阴,20.0,80.0,附件2/内置天气轨迹
