case_id,sample_type,delay_days,weather_scenario,target_decision,day,theta_static_mt,theta_dynamic_mt
REP-001-1,小号铁钉,7,normal,支持曾遭雷击,1,1.0,0.908353
REP-001-1,小号铁钉,7,normal,支持曾遭雷击,2,1.0,0.885299
REP-001-1,小号铁钉,7,normal,支持曾遭雷击,3,1.0,0.838241
REP-001-1,小号铁钉,7,normal,支持曾遭雷击,4,1.0,0.801747
REP-001-1,小号铁钉,7,normal,支持曾遭雷击,5,1.0,0.743882
REP-001-1,小号铁钉,7,normal,支持曾遭雷击,6,1.0,0.687745
REP-001-1,小号铁钉,7,normal,支持曾遭雷击,7,1.0,0.658728
REP-001-2,小号铁钉,7,normal,灰区/证据不足,1,1.0,0.908353
REP-001-2,小号铁钉,7,normal,灰区/证据不足,2,1.0,0.885299
REP-001-2,小号铁钉,7,normal,灰区/证据不足,3,1.0,0.838241
REP-001-2,小号铁钉,7,normal,灰区/证据不足,4,1.0,0.801747
REP-001-2,小号铁钉,7,normal,灰区/证据不足,5,1.0,0.743882
REP-001-2,小号铁钉,7,normal,灰区/证据不足,6,1.0,0.687745
REP-001-2,小号铁钉,7,normal,灰区/证据不足,7,1.0,0.658728
REP-001-3,小号铁钉,7,normal,不支持曾遭雷击,1,1.0,0.908353
REP-001-3,小号铁钉,7,normal,不支持曾遭雷击,2,1.0,0.885299
REP-001-3,小号铁钉,7,normal,不支持曾遭雷击,3,1.0,0.838241
REP-001-3,小号铁钉,7,normal,不支持曾遭雷击,4,1.0,0.801747
REP-001-3,小号铁钉,7,normal,不支持曾遭雷击,5,1.0,0.743882
REP-001-3,小号铁钉,7,normal,不支持曾遭雷击,6,1.0,0.687745
REP-001-3,小号铁钉,7,normal,不支持曾遭雷击,7,1.0,0.658728
REP-002-1,小号铁钉,7,humid_hot,支持曾遭雷击,1,1.0,0.895444
REP-002-1,小号铁钉,7,humid_hot,支持曾遭雷击,2,1.0,0.837352
REP-002-1,小号铁钉,7,humid_hot,支持曾遭雷击,3,1.0,0.7829
REP-002-1,小号铁钉,7,humid_hot,支持曾遭雷击,4,1.0,0.73063
REP-002-1,小号铁钉,7,humid_hot,支持曾遭雷击,5,1.0,0.681352
REP-002-1,小号铁钉,7,humid_hot,支持曾遭雷击,6,1.0,0.661404
REP-002-1,小号铁钉,7,humid_hot,支持曾遭雷击,7,1.0,0.641571
REP-002-2,小号铁钉,7,humid_hot,灰区/证据不足,1,1.0,0.895444
REP-002-2,小号铁钉,7,humid_hot,灰区/证据不足,2,1.0,0.837352
REP-002-2,小号铁钉,7,humid_hot,灰区/证据不足,3,1.0,0.7829
REP-002-2,小号铁钉,7,humid_hot,灰区/证据不足,4,1.0,0.73063
REP-002-2,小号铁钉,7,humid_hot,灰区/证据不足,5,1.0,0.681352
REP-002-2,小号铁钉,7,humid_hot,灰区/证据不足,6,1.0,0.661404
REP-002-2,小号铁钉,7,humid_hot,灰区/证据不足,7,1.0,0.641571
REP-002-3,小号铁钉,7,humid_hot,不支持曾遭雷击,1,1.0,0.895444
REP-002-3,小号铁钉,7,humid_hot,不支持曾遭雷击,2,1.0,0.837352
REP-002-3,小号铁钉,7,humid_hot,不支持曾遭雷击,3,1.0,0.7829
REP-002-3,小号铁钉,7,humid_hot,不支持曾遭雷击,4,1.0,0.73063
REP-002-3,小号铁钉,7,humid_hot,不支持曾遭雷击,5,1.0,0.681352
REP-002-3,小号铁钉,7,humid_hot,不支持曾遭雷击,6,1.0,0.661404
REP-002-3,小号铁钉,7,humid_hot,不支持曾遭雷击,7,1.0,0.641571
REP-003-1,小号铁钉,30,normal,支持曾遭雷击,1,1.0,0.900186
REP-003-1,小号铁钉,30,normal,支持曾遭雷击,2,1.0,0.860097
REP-003-1,小号铁钉,30,normal,支持曾遭雷击,3,1.0,0.821194
REP-003-1,小号铁钉,30,normal,支持曾遭雷击,4,1.0,0.793089
REP-003-1,小号铁钉,30,normal,支持曾遭雷击,5,1.0,0.791378
REP-003-1,小号铁钉,30,normal,支持曾遭雷击,6,1.0,0.774898
REP-003-1,小号铁钉,30,normal,支持曾遭雷击,7,1.0,0.717922
REP-003-1,小号铁钉,30,normal,支持曾遭雷击,8,1.0,0.663901
REP-003-1,小号铁钉,30,normal,支持曾遭雷击,9,1.0,0.612805
REP-003-1,小号铁钉,30,normal,支持曾遭雷击,10,1.0,0.587454
REP-003-1,小号铁钉,30,normal,支持曾遭雷击,11,1.0,0.551994
REP-003-1,小号铁钉,30,normal,支持曾遭雷击,12,1.0,0.538676
REP-003-1,小号铁钉,30,normal,支持曾遭雷击,13,1.0,0.506336
REP-003-1,小号铁钉,30,normal,支持曾遭雷击,14,1.0,0.489185
REP-003-1,小号铁钉,30,normal,支持曾遭雷击,15,1.0,0.459146
REP-003-1,小号铁钉,30,normal,支持曾遭雷击,16,1.0,0.43533
REP-003-1,小号铁钉,30,normal,支持曾遭雷击,17,1.0,0.400391
REP-003-1,小号铁钉,30,normal,支持曾遭雷击,18,1.0,0.36695
REP-003-1,小号铁钉,30,normal,支持曾遭雷击,19,1.0,0.348405
REP-003-1,小号铁钉,30,normal,支持曾遭雷击,20,1.0,0.331565
REP-003-1,小号铁钉,30,normal,支持曾遭雷击,21,1.0,0.310407
REP-003-1,小号铁钉,30,normal,支持曾遭雷击,22,1.0,0.289862
REP-003-1,小号铁钉,30,normal,支持曾遭雷击,23,1.0,0.264686
REP-003-1,小号铁钉,30,normal,支持曾遭雷击,24,1.0,0.241793
REP-003-1,小号铁钉,30,normal,支持曾遭雷击,25,1.0,0.220843
REP-003-1,小号铁钉,30,normal,支持曾遭雷击,26,1.0,0.208619
REP-003-1,小号铁钉,30,normal,支持曾遭雷击,27,1.0,0.190266
REP-003-1,小号铁钉,30,normal,支持曾遭雷击,28,1.0,0.180447
REP-003-1,小号铁钉,30,normal,支持曾遭雷击,29,1.0,0.170086
REP-003-1,小号铁钉,30,normal,支持曾遭雷击,30,1.0,0.155134
REP-003-2,小号铁钉,30,normal,灰区/证据不足,1,1.0,0.900186
REP-003-2,小号铁钉,30,normal,灰区/证据不足,2,1.0,0.860097
REP-003-2,小号铁钉,30,normal,灰区/证据不足,3,1.0,0.821194
REP-003-2,小号铁钉,30,normal,灰区/证据不足,4,1.0,0.793089
REP-003-2,小号铁钉,30,normal,灰区/证据不足,5,1.0,0.791378
REP-003-2,小号铁钉,30,normal,灰区/证据不足,6,1.0,0.774898
REP-003-2,小号铁钉,30,normal,灰区/证据不足,7,1.0,0.717922
REP-003-2,小号铁钉,30,normal,灰区/证据不足,8,1.0,0.663901
REP-003-2,小号铁钉,30,normal,灰区/证据不足,9,1.0,0.612805
REP-003-2,小号铁钉,30,normal,灰区/证据不足,10,1.0,0.587454
REP-003-2,小号铁钉,30,normal,灰区/证据不足,11,1.0,0.551994
REP-003-2,小号铁钉,30,normal,灰区/证据不足,12,1.0,0.538676
REP-003-2,小号铁钉,30,normal,灰区/证据不足,13,1.0,0.506336
REP-003-2,小号铁钉,30,normal,灰区/证据不足,14,1.0,0.489185
REP-003-2,小号铁钉,30,normal,灰区/证据不足,15,1.0,0.459146
REP-003-2,小号铁钉,30,normal,灰区/证据不足,16,1.0,0.43533
REP-003-2,小号铁钉,30,normal,灰区/证据不足,17,1.0,0.400391
REP-003-2,小号铁钉,30,normal,灰区/证据不足,18,1.0,0.36695
REP-003-2,小号铁钉,30,normal,灰区/证据不足,19,1.0,0.348405
REP-003-2,小号铁钉,30,normal,灰区/证据不足,20,1.0,0.331565
REP-003-2,小号铁钉,30,normal,灰区/证据不足,21,1.0,0.310407
REP-003-2,小号铁钉,30,normal,灰区/证据不足,22,1.0,0.289862
REP-003-2,小号铁钉,30,normal,灰区/证据不足,23,1.0,0.264686
REP-003-2,小号铁钉,30,normal,灰区/证据不足,24,1.0,0.241793
REP-003-2,小号铁钉,30,normal,灰区/证据不足,25,1.0,0.220843
REP-003-2,小号铁钉,30,normal,灰区/证据不足,26,1.0,0.208619
REP-003-2,小号铁钉,30,normal,灰区/证据不足,27,1.0,0.190266
REP-003-2,小号铁钉,30,normal,灰区/证据不足,28,1.0,0.180447
REP-003-2,小号铁钉,30,normal,灰区/证据不足,29,1.0,0.170086
REP-003-2,小号铁钉,30,normal,灰区/证据不足,30,1.0,0.155134
REP-003-3,小号铁钉,30,normal,不支持曾遭雷击,1,1.0,0.900186
REP-003-3,小号铁钉,30,normal,不支持曾遭雷击,2,1.0,0.860097
REP-003-3,小号铁钉,30,normal,不支持曾遭雷击,3,1.0,0.821194
REP-003-3,小号铁钉,30,normal,不支持曾遭雷击,4,1.0,0.793089
REP-003-3,小号铁钉,30,normal,不支持曾遭雷击,5,1.0,0.791378
REP-003-3,小号铁钉,30,normal,不支持曾遭雷击,6,1.0,0.774898
REP-003-3,小号铁钉,30,normal,不支持曾遭雷击,7,1.0,0.717922
REP-003-3,小号铁钉,30,normal,不支持曾遭雷击,8,1.0,0.663901
REP-003-3,小号铁钉,30,normal,不支持曾遭雷击,9,1.0,0.612805
REP-003-3,小号铁钉,30,normal,不支持曾遭雷击,10,1.0,0.587454
REP-003-3,小号铁钉,30,normal,不支持曾遭雷击,11,1.0,0.551994
REP-003-3,小号铁钉,30,normal,不支持曾遭雷击,12,1.0,0.538676
REP-003-3,小号铁钉,30,normal,不支持曾遭雷击,13,1.0,0.506336
REP-003-3,小号铁钉,30,normal,不支持曾遭雷击,14,1.0,0.489185
REP-003-3,小号铁钉,30,normal,不支持曾遭雷击,15,1.0,0.459146
REP-003-3,小号铁钉,30,normal,不支持曾遭雷击,16,1.0,0.43533
REP-003-3,小号铁钉,30,normal,不支持曾遭雷击,17,1.0,0.400391
REP-003-3,小号铁钉,30,normal,不支持曾遭雷击,18,1.0,0.36695
REP-003-3,小号铁钉,30,normal,不支持曾遭雷击,19,1.0,0.348405
REP-003-3,小号铁钉,30,normal,不支持曾遭雷击,20,1.0,0.331565
REP-003-3,小号铁钉,30,normal,不支持曾遭雷击,21,1.0,0.310407
REP-003-3,小号铁钉,30,normal,不支持曾遭雷击,22,1.0,0.289862
REP-003-3,小号铁钉,30,normal,不支持曾遭雷击,23,1.0,0.264686
REP-003-3,小号铁钉,30,normal,不支持曾遭雷击,24,1.0,0.241793
REP-003-3,小号铁钉,30,normal,不支持曾遭雷击,25,1.0,0.220843
REP-003-3,小号铁钉,30,normal,不支持曾遭雷击,26,1.0,0.208619
REP-003-3,小号铁钉,30,normal,不支持曾遭雷击,27,1.0,0.190266
REP-003-3,小号铁钉,30,normal,不支持曾遭雷击,28,1.0,0.180447
REP-003-3,小号铁钉,30,normal,不支持曾遭雷击,29,1.0,0.170086
REP-003-3,小号铁钉,30,normal,不支持曾遭雷击,30,1.0,0.155134
REP-004-1,小号铁钉,30,humid_hot,支持曾遭雷击,1,1.0,0.916594
REP-004-1,小号铁钉,30,humid_hot,支持曾遭雷击,2,1.0,0.908396
REP-004-1,小号铁钉,30,humid_hot,支持曾遭雷击,3,1.0,0.905115
REP-004-1,小号铁钉,30,humid_hot,支持曾遭雷击,4,1.0,0.892987
REP-004-1,小号铁钉,30,humid_hot,支持曾遭雷击,5,1.0,0.828537
REP-004-1,小号铁钉,30,humid_hot,支持曾遭雷击,6,1.0,0.767744
REP-004-1,小号铁钉,30,humid_hot,支持曾遭雷击,7,1.0,0.732714
REP-004-1,小号铁钉,30,humid_hot,支持曾遭雷击,8,1.0,0.732714
REP-004-1,小号铁钉,30,humid_hot,支持曾遭雷击,9,1.0,0.679738
REP-004-1,小号铁钉,30,humid_hot,支持曾遭雷击,10,1.0,0.626965
REP-004-1,小号铁钉,30,humid_hot,支持曾遭雷击,11,1.0,0.609813
REP-004-1,小号铁钉,30,humid_hot,支持曾遭雷击,12,1.0,0.609813
REP-004-1,小号铁钉,30,humid_hot,支持曾遭雷击,13,1.0,0.609813
REP-004-1,小号铁钉,30,humid_hot,支持曾遭雷击,14,1.0,0.609813
REP-004-1,小号铁钉,30,humid_hot,支持曾遭雷击,15,1.0,0.609813
REP-004-1,小号铁钉,30,humid_hot,支持曾遭雷击,16,1.0,0.587673
REP-004-1,小号铁钉,30,humid_hot,支持曾遭雷击,17,1.0,0.542649
REP-004-1,小号铁钉,30,humid_hot,支持曾遭雷击,18,1.0,0.499861
REP-004-1,小号铁钉,30,humid_hot,支持曾遭雷击,19,1.0,0.477187
REP-004-1,小号铁钉,30,humid_hot,支持曾遭雷击,20,1.0,0.475365
REP-004-1,小号铁钉,30,humid_hot,支持曾遭雷击,21,1.0,0.438408
REP-004-1,小号铁钉,30,humid_hot,支持曾遭雷击,22,1.0,0.403346
REP-004-1,小号铁钉,30,humid_hot,支持曾遭雷击,23,1.0,0.370189
REP-004-1,小号铁钉,30,humid_hot,支持曾遭雷击,24,1.0,0.340279
REP-004-1,小号铁钉,30,humid_hot,支持曾遭雷击,25,1.0,0.31291
REP-004-1,小号铁钉,30,humid_hot,支持曾遭雷击,26,1.0,0.287695
REP-004-1,小号铁钉,30,humid_hot,支持曾遭雷击,27,1.0,0.264021
REP-004-1,小号铁钉,30,humid_hot,支持曾遭雷击,28,1.0,0.242118
REP-004-1,小号铁钉,30,humid_hot,支持曾遭雷击,29,1.0,0.23112
REP-004-1,小号铁钉,30,humid_hot,支持曾遭雷击,30,1.0,0.22046
REP-004-2,小号铁钉,30,humid_hot,灰区/证据不足,1,1.0,0.916594
REP-004-2,小号铁钉,30,humid_hot,灰区/证据不足,2,1.0,0.908396
REP-004-2,小号铁钉,30,humid_hot,灰区/证据不足,3,1.0,0.905115
REP-004-2,小号铁钉,30,humid_hot,灰区/证据不足,4,1.0,0.892987
REP-004-2,小号铁钉,30,humid_hot,灰区/证据不足,5,1.0,0.828537
REP-004-2,小号铁钉,30,humid_hot,灰区/证据不足,6,1.0,0.767744
REP-004-2,小号铁钉,30,humid_hot,灰区/证据不足,7,1.0,0.732714
REP-004-2,小号铁钉,30,humid_hot,灰区/证据不足,8,1.0,0.732714
REP-004-2,小号铁钉,30,humid_hot,灰区/证据不足,9,1.0,0.679738
REP-004-2,小号铁钉,30,humid_hot,灰区/证据不足,10,1.0,0.626965
REP-004-2,小号铁钉,30,humid_hot,灰区/证据不足,11,1.0,0.609813
REP-004-2,小号铁钉,30,humid_hot,灰区/证据不足,12,1.0,0.609813
REP-004-2,小号铁钉,30,humid_hot,灰区/证据不足,13,1.0,0.609813
REP-004-2,小号铁钉,30,humid_hot,灰区/证据不足,14,1.0,0.609813
REP-004-2,小号铁钉,30,humid_hot,灰区/证据不足,15,1.0,0.609813
REP-004-2,小号铁钉,30,humid_hot,灰区/证据不足,16,1.0,0.587673
REP-004-2,小号铁钉,30,humid_hot,灰区/证据不足,17,1.0,0.542649
REP-004-2,小号铁钉,30,humid_hot,灰区/证据不足,18,1.0,0.499861
REP-004-2,小号铁钉,30,humid_hot,灰区/证据不足,19,1.0,0.477187
REP-004-2,小号铁钉,30,humid_hot,灰区/证据不足,20,1.0,0.475365
REP-004-2,小号铁钉,30,humid_hot,灰区/证据不足,21,1.0,0.438408
REP-004-2,小号铁钉,30,humid_hot,灰区/证据不足,22,1.0,0.403346
REP-004-2,小号铁钉,30,humid_hot,灰区/证据不足,23,1.0,0.370189
REP-004-2,小号铁钉,30,humid_hot,灰区/证据不足,24,1.0,0.340279
REP-004-2,小号铁钉,30,humid_hot,灰区/证据不足,25,1.0,0.31291
REP-004-2,小号铁钉,30,humid_hot,灰区/证据不足,26,1.0,0.287695
REP-004-2,小号铁钉,30,humid_hot,灰区/证据不足,27,1.0,0.264021
REP-004-2,小号铁钉,30,humid_hot,灰区/证据不足,28,1.0,0.242118
REP-004-2,小号铁钉,30,humid_hot,灰区/证据不足,29,1.0,0.23112
REP-004-2,小号铁钉,30,humid_hot,灰区/证据不足,30,1.0,0.22046
REP-004-3,小号铁钉,30,humid_hot,不支持曾遭雷击,1,1.0,0.916594
REP-004-3,小号铁钉,30,humid_hot,不支持曾遭雷击,2,1.0,0.908396
REP-004-3,小号铁钉,30,humid_hot,不支持曾遭雷击,3,1.0,0.905115
REP-004-3,小号铁钉,30,humid_hot,不支持曾遭雷击,4,1.0,0.892987
REP-004-3,小号铁钉,30,humid_hot,不支持曾遭雷击,5,1.0,0.828537
REP-004-3,小号铁钉,30,humid_hot,不支持曾遭雷击,6,1.0,0.767744
REP-004-3,小号铁钉,30,humid_hot,不支持曾遭雷击,7,1.0,0.732714
REP-004-3,小号铁钉,30,humid_hot,不支持曾遭雷击,8,1.0,0.732714
REP-004-3,小号铁钉,30,humid_hot,不支持曾遭雷击,9,1.0,0.679738
REP-004-3,小号铁钉,30,humid_hot,不支持曾遭雷击,10,1.0,0.626965
REP-004-3,小号铁钉,30,humid_hot,不支持曾遭雷击,11,1.0,0.609813
REP-004-3,小号铁钉,30,humid_hot,不支持曾遭雷击,12,1.0,0.609813
REP-004-3,小号铁钉,30,humid_hot,不支持曾遭雷击,13,1.0,0.609813
REP-004-3,小号铁钉,30,humid_hot,不支持曾遭雷击,14,1.0,0.609813
REP-004-3,小号铁钉,30,humid_hot,不支持曾遭雷击,15,1.0,0.609813
REP-004-3,小号铁钉,30,humid_hot,不支持曾遭雷击,16,1.0,0.587673
REP-004-3,小号铁钉,30,humid_hot,不支持曾遭雷击,17,1.0,0.542649
REP-004-3,小号铁钉,30,humid_hot,不支持曾遭雷击,18,1.0,0.499861
REP-004-3,小号铁钉,30,humid_hot,不支持曾遭雷击,19,1.0,0.477187
REP-004-3,小号铁钉,30,humid_hot,不支持曾遭雷击,20,1.0,0.475365
REP-004-3,小号铁钉,30,humid_hot,不支持曾遭雷击,21,1.0,0.438408
REP-004-3,小号铁钉,30,humid_hot,不支持曾遭雷击,22,1.0,0.403346
REP-004-3,小号铁钉,30,humid_hot,不支持曾遭雷击,23,1.0,0.370189
REP-004-3,小号铁钉,30,humid_hot,不支持曾遭雷击,24,1.0,0.340279
REP-004-3,小号铁钉,30,humid_hot,不支持曾遭雷击,25,1.0,0.31291
REP-004-3,小号铁钉,30,humid_hot,不支持曾遭雷击,26,1.0,0.287695
REP-004-3,小号铁钉,30,humid_hot,不支持曾遭雷击,27,1.0,0.264021
REP-004-3,小号铁钉,30,humid_hot,不支持曾遭雷击,28,1.0,0.242118
REP-004-3,小号铁钉,30,humid_hot,不支持曾遭雷击,29,1.0,0.23112
REP-004-3,小号铁钉,30,humid_hot,不支持曾遭雷击,30,1.0,0.22046
REP-005-1,小号铁钉,60,normal,灰区/证据不足,1,1.0,0.906714
REP-005-1,小号铁钉,60,normal,灰区/证据不足,2,1.0,0.906714
REP-005-1,小号铁钉,60,normal,灰区/证据不足,3,1.0,0.871609
REP-005-1,小号铁钉,60,normal,灰区/证据不足,4,1.0,0.79258
REP-005-1,小号铁钉,60,normal,灰区/证据不足,5,1.0,0.730822
REP-005-1,小号铁钉,60,normal,灰区/证据不足,6,1.0,0.672245
REP-005-1,小号铁钉,60,normal,灰区/证据不足,7,1.0,0.636213
REP-005-1,小号铁钉,60,normal,灰区/证据不足,8,1.0,0.597892
REP-005-1,小号铁钉,60,normal,灰区/证据不足,9,1.0,0.563184
REP-005-1,小号铁钉,60,normal,灰区/证据不足,10,1.0,0.525762
REP-005-1,小号铁钉,60,normal,灰区/证据不足,11,1.0,0.483497
REP-005-1,小号铁钉,60,normal,灰区/证据不足,12,1.0,0.458607
REP-005-1,小号铁钉,60,normal,灰区/证据不足,13,1.0,0.43336
REP-005-1,小号铁钉,60,normal,灰区/证据不足,14,1.0,0.397651
REP-005-1,小号铁钉,60,normal,灰区/证据不足,15,1.0,0.364619
REP-005-1,小号铁钉,60,normal,灰区/证据不足,16,1.0,0.338905
REP-005-1,小号铁钉,60,normal,灰区/证据不足,17,1.0,0.320289
REP-005-1,小号铁钉,60,normal,灰区/证据不足,18,1.0,0.302475
REP-005-1,小号铁钉,60,normal,灰区/证据不足,19,1.0,0.288944
REP-005-1,小号铁钉,60,normal,灰区/证据不足,20,1.0,0.285184
REP-005-1,小号铁钉,60,normal,灰区/证据不足,21,1.0,0.276207
REP-005-1,小号铁钉,60,normal,灰区/证据不足,22,1.0,0.253114
REP-005-1,小号铁钉,60,normal,灰区/证据不足,23,1.0,0.231521
REP-005-1,小号铁钉,60,normal,灰区/证据不足,24,1.0,0.211377
REP-005-1,小号铁钉,60,normal,灰区/证据不足,25,1.0,0.200428
REP-005-1,小号铁钉,60,normal,灰区/证据不足,26,1.0,0.186281
REP-005-1,小号铁钉,60,normal,灰区/证据不足,27,1.0,0.179809
REP-005-1,小号铁钉,60,normal,灰区/证据不足,28,1.0,0.167175
REP-005-1,小号铁钉,60,normal,灰区/证据不足,29,1.0,0.159755
REP-005-1,小号铁钉,60,normal,灰区/证据不足,30,1.0,0.148313
REP-005-1,小号铁钉,60,normal,灰区/证据不足,31,1.0,0.13909
REP-005-1,小号铁钉,60,normal,灰区/证据不足,32,1.0,0.126535
REP-005-1,小号铁钉,60,normal,灰区/证据不足,33,1.0,0.114705
REP-005-1,小号铁钉,60,normal,灰区/证据不足,34,1.0,0.107723
REP-005-1,小号铁钉,60,normal,灰区/证据不足,35,1.0,0.101401
REP-005-1,小号铁钉,60,normal,灰区/证据不足,36,1.0,0.093897
REP-005-1,小号铁钉,60,normal,灰区/证据不足,37,1.0,0.086729
REP-005-1,小号铁钉,60,normal,灰区/证据不足,38,1.0,0.078334
REP-005-1,小号铁钉,60,normal,灰区/证据不足,39,1.0,0.07078
REP-005-1,小号铁钉,60,normal,灰区/证据不足,40,1.0,0.063944
REP-005-1,小号铁钉,60,normal,灰区/证据不足,41,1.0,0.059748
REP-005-1,小号铁钉,60,normal,灰区/证据不足,42,1.0,0.053898
REP-005-1,小号铁钉,60,normal,灰区/证据不足,43,1.0,0.050561
REP-005-1,小号铁钉,60,normal,灰区/证据不足,44,1.0,0.047139
REP-005-1,小号铁钉,60,normal,灰区/证据不足,45,1.0,0.042527
REP-005-1,小号铁钉,60,normal,灰区/证据不足,46,1.0,0.039378
REP-005-1,小号铁钉,60,normal,灰区/证据不足,47,1.0,0.037765
REP-005-1,小号铁钉,60,normal,灰区/证据不足,48,1.0,0.036414
REP-005-1,小号铁钉,60,normal,灰区/证据不足,49,1.0,0.034766
REP-005-1,小号铁钉,60,normal,灰区/证据不足,50,1.0,0.031216
REP-005-1,小号铁钉,60,normal,灰区/证据不足,51,1.0,0.027991
REP-005-1,小号铁钉,60,normal,灰区/证据不足,52,1.0,0.025852
REP-005-1,小号铁钉,60,normal,灰区/证据不足,53,1.0,0.025668
REP-005-1,小号铁钉,60,normal,灰区/证据不足,54,1.0,0.022459
REP-005-1,小号铁钉,60,normal,灰区/证据不足,55,1.0,0.020046
REP-005-1,小号铁钉,60,normal,灰区/证据不足,56,1.0,0.018868
REP-005-1,小号铁钉,60,normal,灰区/证据不足,57,1.0,0.01852
REP-005-1,小号铁钉,60,normal,灰区/证据不足,58,1.0,0.0184
REP-005-1,小号铁钉,60,normal,灰区/证据不足,59,1.0,0.017761
REP-005-1,小号铁钉,60,normal,灰区/证据不足,60,1.0,0.017237
REP-006-1,小号铁钉,60,humid_hot,灰区/证据不足,1,1.0,0.900186
REP-006-1,小号铁钉,60,humid_hot,灰区/证据不足,2,1.0,0.860097
REP-006-1,小号铁钉,60,humid_hot,灰区/证据不足,3,1.0,0.821194
REP-006-1,小号铁钉,60,humid_hot,灰区/证据不足,4,1.0,0.793089
REP-006-1,小号铁钉,60,humid_hot,灰区/证据不足,5,1.0,0.791378
REP-006-1,小号铁钉,60,humid_hot,灰区/证据不足,6,1.0,0.774898
REP-006-1,小号铁钉,60,humid_hot,灰区/证据不足,7,1.0,0.717922
REP-006-1,小号铁钉,60,humid_hot,灰区/证据不足,8,1.0,0.663901
REP-006-1,小号铁钉,60,humid_hot,灰区/证据不足,9,1.0,0.612805
REP-006-1,小号铁钉,60,humid_hot,灰区/证据不足,10,1.0,0.587454
REP-006-1,小号铁钉,60,humid_hot,灰区/证据不足,11,1.0,0.551994
REP-006-1,小号铁钉,60,humid_hot,灰区/证据不足,12,1.0,0.538676
REP-006-1,小号铁钉,60,humid_hot,灰区/证据不足,13,1.0,0.506336
REP-006-1,小号铁钉,60,humid_hot,灰区/证据不足,14,1.0,0.489185
REP-006-1,小号铁钉,60,humid_hot,灰区/证据不足,15,1.0,0.459146
REP-006-1,小号铁钉,60,humid_hot,灰区/证据不足,16,1.0,0.43533
REP-006-1,小号铁钉,60,humid_hot,灰区/证据不足,17,1.0,0.400391
REP-006-1,小号铁钉,60,humid_hot,灰区/证据不足,18,1.0,0.36695
REP-006-1,小号铁钉,60,humid_hot,灰区/证据不足,19,1.0,0.348405
REP-006-1,小号铁钉,60,humid_hot,灰区/证据不足,20,1.0,0.331565
REP-006-1,小号铁钉,60,humid_hot,灰区/证据不足,21,1.0,0.310407
REP-006-1,小号铁钉,60,humid_hot,灰区/证据不足,22,1.0,0.289862
REP-006-1,小号铁钉,60,humid_hot,灰区/证据不足,23,1.0,0.264686
REP-006-1,小号铁钉,60,humid_hot,灰区/证据不足,24,1.0,0.241793
REP-006-1,小号铁钉,60,humid_hot,灰区/证据不足,25,1.0,0.220843
REP-006-1,小号铁钉,60,humid_hot,灰区/证据不足,26,1.0,0.208619
REP-006-1,小号铁钉,60,humid_hot,灰区/证据不足,27,1.0,0.190266
REP-006-1,小号铁钉,60,humid_hot,灰区/证据不足,28,1.0,0.180447
REP-006-1,小号铁钉,60,humid_hot,灰区/证据不足,29,1.0,0.170086
REP-006-1,小号铁钉,60,humid_hot,灰区/证据不足,30,1.0,0.155134
REP-006-1,小号铁钉,60,humid_hot,灰区/证据不足,31,1.0,0.145224
REP-006-1,小号铁钉,60,humid_hot,灰区/证据不足,32,1.0,0.140811
REP-006-1,小号铁钉,60,humid_hot,灰区/证据不足,33,1.0,0.137266
REP-006-1,小号铁钉,60,humid_hot,灰区/证据不足,34,1.0,0.132495
REP-006-1,小号铁钉,60,humid_hot,灰区/证据不足,35,1.0,0.120272
REP-006-1,小号铁钉,60,humid_hot,灰区/证据不足,36,1.0,0.109035
REP-006-1,小号铁钉,60,humid_hot,灰区/证据不足,37,1.0,0.101808
REP-006-1,小号铁钉,60,humid_hot,灰区/证据不足,38,1.0,0.101808
REP-006-1,小号铁钉,60,humid_hot,灰区/证据不足,39,1.0,0.090403
REP-006-1,小号铁钉,60,humid_hot,灰区/证据不足,40,1.0,0.08158
REP-006-1,小号铁钉,60,humid_hot,灰区/证据不足,41,1.0,0.077631
REP-006-1,小号铁钉,60,humid_hot,灰区/证据不足,42,1.0,0.077036
REP-006-1,小号铁钉,60,humid_hot,灰区/证据不足,43,1.0,0.077036
REP-006-1,小号铁钉,60,humid_hot,灰区/证据不足,44,1.0,0.075515
REP-006-1,小号铁钉,60,humid_hot,灰区/证据不足,45,1.0,0.074093
REP-006-1,小号铁钉,60,humid_hot,灰区/证据不足,46,1.0,0.06706
REP-006-1,小号铁钉,60,humid_hot,灰区/证据不足,47,1.0,0.060582
REP-006-1,小号铁钉,60,humid_hot,灰区/证据不足,48,1.0,0.054597
REP-006-1,小号铁钉,60,humid_hot,灰区/证据不足,49,1.0,0.050993
REP-006-1,小号铁钉,60,humid_hot,灰区/证据不足,50,1.0,0.049699
REP-006-1,小号铁钉,60,humid_hot,灰区/证据不足,51,1.0,0.044843
REP-006-1,小号铁钉,60,humid_hot,灰区/证据不足,52,1.0,0.040364
REP-006-1,小号铁钉,60,humid_hot,灰区/证据不足,53,1.0,0.036244
REP-006-1,小号铁钉,60,humid_hot,灰区/证据不足,54,1.0,0.032594
REP-006-1,小号铁钉,60,humid_hot,灰区/证据不足,55,1.0,0.029324
REP-006-1,小号铁钉,60,humid_hot,灰区/证据不足,56,1.0,0.026378
REP-006-1,小号铁钉,60,humid_hot,灰区/证据不足,57,1.0,0.023683
REP-006-1,小号铁钉,60,humid_hot,灰区/证据不足,58,1.0,0.021248
REP-006-1,小号铁钉,60,humid_hot,灰区/证据不足,59,1.0,0.019844
REP-006-1,小号铁钉,60,humid_hot,灰区/证据不足,60,1.0,0.018519
REP-007-1,小号铁夹,7,normal,支持曾遭雷击,1,1.0,0.906436
REP-007-1,小号铁夹,7,normal,支持曾遭雷击,2,1.0,0.879507
REP-007-1,小号铁夹,7,normal,支持曾遭雷击,3,1.0,0.829058
REP-007-1,小号铁夹,7,normal,支持曾遭雷击,4,1.0,0.789442
REP-007-1,小号铁夹,7,normal,支持曾遭雷击,5,1.0,0.729212
REP-007-1,小号铁夹,7,normal,支持曾遭雷击,6,1.0,0.671188
REP-007-1,小号铁夹,7,normal,支持曾遭雷击,7,1.0,0.640014
REP-007-2,小号铁夹,7,normal,灰区/证据不足,1,1.0,0.906436
REP-007-2,小号铁夹,7,normal,灰区/证据不足,2,1.0,0.879507
REP-007-2,小号铁夹,7,normal,灰区/证据不足,3,1.0,0.829058
REP-007-2,小号铁夹,7,normal,灰区/证据不足,4,1.0,0.789442
REP-007-2,小号铁夹,7,normal,灰区/证据不足,5,1.0,0.729212
REP-007-2,小号铁夹,7,normal,灰区/证据不足,6,1.0,0.671188
REP-007-2,小号铁夹,7,normal,灰区/证据不足,7,1.0,0.640014
REP-007-3,小号铁夹,7,normal,不支持曾遭雷击,1,1.0,0.906436
REP-007-3,小号铁夹,7,normal,不支持曾遭雷击,2,1.0,0.879507
REP-007-3,小号铁夹,7,normal,不支持曾遭雷击,3,1.0,0.829058
REP-007-3,小号铁夹,7,normal,不支持曾遭雷击,4,1.0,0.789442
REP-007-3,小号铁夹,7,normal,不支持曾遭雷击,5,1.0,0.729212
REP-007-3,小号铁夹,7,normal,不支持曾遭雷击,6,1.0,0.671188
REP-007-3,小号铁夹,7,normal,不支持曾遭雷击,7,1.0,0.640014
REP-008-1,小号铁夹,7,humid_hot,支持曾遭雷击,1,1.0,0.893555
REP-008-1,小号铁夹,7,humid_hot,支持曾遭雷击,2,1.0,0.831874
REP-008-1,小号铁夹,7,humid_hot,支持曾遭雷击,3,1.0,0.774324
REP-008-1,小号铁夹,7,humid_hot,支持曾遭雷击,4,1.0,0.719417
REP-008-1,小号铁夹,7,humid_hot,支持曾遭雷击,5,1.0,0.667915
REP-008-1,小号铁夹,7,humid_hot,支持曾遭雷击,6,1.0,0.645481
REP-008-1,小号铁夹,7,humid_hot,支持曾遭雷击,7,1.0,0.623344
REP-008-2,小号铁夹,7,humid_hot,灰区/证据不足,1,1.0,0.893555
REP-008-2,小号铁夹,7,humid_hot,灰区/证据不足,2,1.0,0.831874
REP-008-2,小号铁夹,7,humid_hot,灰区/证据不足,3,1.0,0.774324
REP-008-2,小号铁夹,7,humid_hot,灰区/证据不足,4,1.0,0.719417
REP-008-2,小号铁夹,7,humid_hot,灰区/证据不足,5,1.0,0.667915
REP-008-2,小号铁夹,7,humid_hot,灰区/证据不足,6,1.0,0.645481
REP-008-2,小号铁夹,7,humid_hot,灰区/证据不足,7,1.0,0.623344
REP-008-3,小号铁夹,7,humid_hot,不支持曾遭雷击,1,1.0,0.893555
REP-008-3,小号铁夹,7,humid_hot,不支持曾遭雷击,2,1.0,0.831874
REP-008-3,小号铁夹,7,humid_hot,不支持曾遭雷击,3,1.0,0.774324
REP-008-3,小号铁夹,7,humid_hot,不支持曾遭雷击,4,1.0,0.719417
REP-008-3,小号铁夹,7,humid_hot,不支持曾遭雷击,5,1.0,0.667915
REP-008-3,小号铁夹,7,humid_hot,不支持曾遭雷击,6,1.0,0.645481
REP-008-3,小号铁夹,7,humid_hot,不支持曾遭雷击,7,1.0,0.623344
REP-009-1,小号铁夹,30,normal,支持曾遭雷击,1,1.0,0.898287
REP-009-1,小号铁夹,30,normal,支持曾遭雷击,2,1.0,0.85447
REP-009-1,小号铁夹,30,normal,支持曾遭雷击,3,1.0,0.812198
REP-009-1,小号铁夹,30,normal,支持曾遭雷击,4,1.0,0.780917
REP-009-1,小号铁夹,30,normal,支持曾遭雷击,5,1.0,0.775771
REP-009-1,小号铁夹,30,normal,支持曾遭雷击,6,1.0,0.756242
REP-009-1,小号铁夹,30,normal,支持曾遭雷击,7,1.0,0.697527
REP-009-1,小号铁夹,30,normal,支持曾遭雷击,8,1.0,0.642175
REP-009-1,小号铁夹,30,normal,支持曾遭雷击,9,1.0,0.590118
REP-009-1,小号铁夹,30,normal,支持曾遭雷击,10,1.0,0.563194
REP-009-1,小号铁夹,30,normal,支持曾遭雷击,11,1.0,0.526847
REP-009-1,小号铁夹,30,normal,支持曾遭雷击,12,1.0,0.511853
REP-009-1,小号铁夹,30,normal,支持曾遭雷击,13,1.0,0.478986
REP-009-1,小号铁夹,30,normal,支持曾遭雷击,14,1.0,0.460706
REP-009-1,小号铁夹,30,normal,支持曾遭雷击,15,1.0,0.430496
REP-009-1,小号铁夹,30,normal,支持曾遭雷击,16,1.0,0.406353
REP-009-1,小号铁夹,30,normal,支持曾遭雷击,17,1.0,0.372079
REP-009-1,小号铁夹,30,normal,支持曾遭雷击,18,1.0,0.339489
REP-009-1,小号铁夹,30,normal,支持曾遭雷击,19,1.0,0.3209
REP-009-1,小号铁夹,30,normal,支持曾遭雷击,20,1.0,0.304033
REP-009-1,小号铁夹,30,normal,支持曾遭雷击,21,1.0,0.283367
REP-009-1,小号铁夹,30,normal,支持曾遭雷击,22,1.0,0.263437
REP-009-1,小号铁夹,30,normal,支持曾遭雷击,23,1.0,0.239487
REP-009-1,小号铁夹,30,normal,支持曾遭雷击,24,1.0,0.217802
REP-009-1,小号铁夹,30,normal,支持曾遭雷击,25,1.0,0.198048
REP-009-1,小号铁夹,30,normal,支持曾遭雷击,26,1.0,0.186254
REP-009-1,小号铁夹,30,normal,支持曾遭雷击,27,1.0,0.169114
REP-009-1,小号铁夹,30,normal,支持曾遭雷击,28,1.0,0.159675
REP-009-1,小号铁夹,30,normal,支持曾遭雷击,29,1.0,0.149838
REP-009-1,小号铁夹,30,normal,支持曾遭雷击,30,1.0,0.136059
REP-009-2,小号铁夹,30,normal,灰区/证据不足,1,1.0,0.898287
REP-009-2,小号铁夹,30,normal,灰区/证据不足,2,1.0,0.85447
REP-009-2,小号铁夹,30,normal,灰区/证据不足,3,1.0,0.812198
REP-009-2,小号铁夹,30,normal,灰区/证据不足,4,1.0,0.780917
REP-009-2,小号铁夹,30,normal,灰区/证据不足,5,1.0,0.775771
REP-009-2,小号铁夹,30,normal,灰区/证据不足,6,1.0,0.756242
REP-009-2,小号铁夹,30,normal,灰区/证据不足,7,1.0,0.697527
REP-009-2,小号铁夹,30,normal,灰区/证据不足,8,1.0,0.642175
REP-009-2,小号铁夹,30,normal,灰区/证据不足,9,1.0,0.590118
REP-009-2,小号铁夹,30,normal,灰区/证据不足,10,1.0,0.563194
REP-009-2,小号铁夹,30,normal,灰区/证据不足,11,1.0,0.526847
REP-009-2,小号铁夹,30,normal,灰区/证据不足,12,1.0,0.511853
REP-009-2,小号铁夹,30,normal,灰区/证据不足,13,1.0,0.478986
REP-009-2,小号铁夹,30,normal,灰区/证据不足,14,1.0,0.460706
REP-009-2,小号铁夹,30,normal,灰区/证据不足,15,1.0,0.430496
REP-009-2,小号铁夹,30,normal,灰区/证据不足,16,1.0,0.406353
REP-009-2,小号铁夹,30,normal,灰区/证据不足,17,1.0,0.372079
REP-009-2,小号铁夹,30,normal,灰区/证据不足,18,1.0,0.339489
REP-009-2,小号铁夹,30,normal,灰区/证据不足,19,1.0,0.3209
REP-009-2,小号铁夹,30,normal,灰区/证据不足,20,1.0,0.304033
REP-009-2,小号铁夹,30,normal,灰区/证据不足,21,1.0,0.283367
REP-009-2,小号铁夹,30,normal,灰区/证据不足,22,1.0,0.263437
REP-009-2,小号铁夹,30,normal,灰区/证据不足,23,1.0,0.239487
REP-009-2,小号铁夹,30,normal,灰区/证据不足,24,1.0,0.217802
REP-009-2,小号铁夹,30,normal,灰区/证据不足,25,1.0,0.198048
REP-009-2,小号铁夹,30,normal,灰区/证据不足,26,1.0,0.186254
REP-009-2,小号铁夹,30,normal,灰区/证据不足,27,1.0,0.169114
REP-009-2,小号铁夹,30,normal,灰区/证据不足,28,1.0,0.159675
REP-009-2,小号铁夹,30,normal,灰区/证据不足,29,1.0,0.149838
REP-009-2,小号铁夹,30,normal,灰区/证据不足,30,1.0,0.136059
REP-009-3,小号铁夹,30,normal,不支持曾遭雷击,1,1.0,0.898287
REP-009-3,小号铁夹,30,normal,不支持曾遭雷击,2,1.0,0.85447
REP-009-3,小号铁夹,30,normal,不支持曾遭雷击,3,1.0,0.812198
REP-009-3,小号铁夹,30,normal,不支持曾遭雷击,4,1.0,0.780917
REP-009-3,小号铁夹,30,normal,不支持曾遭雷击,5,1.0,0.775771
REP-009-3,小号铁夹,30,normal,不支持曾遭雷击,6,1.0,0.756242
REP-009-3,小号铁夹,30,normal,不支持曾遭雷击,7,1.0,0.697527
REP-009-3,小号铁夹,30,normal,不支持曾遭雷击,8,1.0,0.642175
REP-009-3,小号铁夹,30,normal,不支持曾遭雷击,9,1.0,0.590118
REP-009-3,小号铁夹,30,normal,不支持曾遭雷击,10,1.0,0.563194
REP-009-3,小号铁夹,30,normal,不支持曾遭雷击,11,1.0,0.526847
REP-009-3,小号铁夹,30,normal,不支持曾遭雷击,12,1.0,0.511853
REP-009-3,小号铁夹,30,normal,不支持曾遭雷击,13,1.0,0.478986
REP-009-3,小号铁夹,30,normal,不支持曾遭雷击,14,1.0,0.460706
REP-009-3,小号铁夹,30,normal,不支持曾遭雷击,15,1.0,0.430496
REP-009-3,小号铁夹,30,normal,不支持曾遭雷击,16,1.0,0.406353
REP-009-3,小号铁夹,30,normal,不支持曾遭雷击,17,1.0,0.372079
REP-009-3,小号铁夹,30,normal,不支持曾遭雷击,18,1.0,0.339489
REP-009-3,小号铁夹,30,normal,不支持曾遭雷击,19,1.0,0.3209
REP-009-3,小号铁夹,30,normal,不支持曾遭雷击,20,1.0,0.304033
REP-009-3,小号铁夹,30,normal,不支持曾遭雷击,21,1.0,0.283367
REP-009-3,小号铁夹,30,normal,不支持曾遭雷击,22,1.0,0.263437
REP-009-3,小号铁夹,30,normal,不支持曾遭雷击,23,1.0,0.239487
REP-009-3,小号铁夹,30,normal,不支持曾遭雷击,24,1.0,0.217802
REP-009-3,小号铁夹,30,normal,不支持曾遭雷击,25,1.0,0.198048
REP-009-3,小号铁夹,30,normal,不支持曾遭雷击,26,1.0,0.186254
REP-009-3,小号铁夹,30,normal,不支持曾遭雷击,27,1.0,0.169114
REP-009-3,小号铁夹,30,normal,不支持曾遭雷击,28,1.0,0.159675
REP-009-3,小号铁夹,30,normal,不支持曾遭雷击,29,1.0,0.149838
REP-009-3,小号铁夹,30,normal,不支持曾遭雷击,30,1.0,0.136059
REP-010-1,小号铁夹,30,humid_hot,支持曾遭雷击,1,1.0,0.914659
REP-010-1,小号铁夹,30,humid_hot,支持曾遭雷击,2,1.0,0.902453
REP-010-1,小号铁夹,30,humid_hot,支持曾遭雷击,3,1.0,0.8952
REP-010-1,小号铁夹,30,humid_hot,支持曾遭雷击,4,1.0,0.879282
REP-010-1,小号铁夹,30,humid_hot,支持曾遭雷击,5,1.0,0.812197
REP-010-1,小号铁夹,30,humid_hot,支持曾遭雷击,6,1.0,0.749261
REP-010-1,小号铁夹,30,humid_hot,支持曾遭雷击,7,1.0,0.711899
REP-010-1,小号铁夹,30,humid_hot,支持曾遭雷击,8,1.0,0.711899
REP-010-1,小号铁夹,30,humid_hot,支持曾遭雷击,9,1.0,0.654573
REP-010-1,小号铁夹,30,humid_hot,支持曾遭雷击,10,1.0,0.601073
REP-010-1,小号铁夹,30,humid_hot,支持曾遭雷击,11,1.0,0.582032
REP-010-1,小号铁夹,30,humid_hot,支持曾遭雷击,12,1.0,0.582032
REP-010-1,小号铁夹,30,humid_hot,支持曾遭雷击,13,1.0,0.582032
REP-010-1,小号铁夹,30,humid_hot,支持曾遭雷击,14,1.0,0.582032
REP-010-1,小号铁夹,30,humid_hot,支持曾遭雷击,15,1.0,0.582032
REP-010-1,小号铁夹,30,humid_hot,支持曾遭雷击,16,1.0,0.548555
REP-010-1,小号铁夹,30,humid_hot,支持曾遭雷击,17,1.0,0.504278
REP-010-1,小号铁夹,30,humid_hot,支持曾遭雷击,18,1.0,0.462452
REP-010-1,小号铁夹,30,humid_hot,支持曾遭雷击,19,1.0,0.439515
REP-010-1,小号铁夹,30,humid_hot,支持曾遭雷击,20,1.0,0.435892
REP-010-1,小号铁夹,30,humid_hot,支持曾遭雷击,21,1.0,0.400218
REP-010-1,小号铁夹,30,humid_hot,支持曾遭雷击,22,1.0,0.366575
REP-010-1,小号铁夹,30,humid_hot,支持曾遭雷击,23,1.0,0.334947
REP-010-1,小号铁夹,30,humid_hot,支持曾遭雷击,24,1.0,0.306516
REP-010-1,小号铁夹,30,humid_hot,支持曾遭雷击,25,1.0,0.280611
REP-010-1,小号铁夹,30,humid_hot,支持曾遭雷击,26,1.0,0.256853
REP-010-1,小号铁夹,30,humid_hot,支持曾遭雷击,27,1.0,0.23467
REP-010-1,小号铁夹,30,humid_hot,支持曾遭雷击,28,1.0,0.214246
REP-010-1,小号铁夹,30,humid_hot,支持曾遭雷击,29,1.0,0.203606
REP-010-1,小号铁夹,30,humid_hot,支持曾遭雷击,30,1.0,0.193353
REP-010-2,小号铁夹,30,humid_hot,灰区/证据不足,1,1.0,0.914659
REP-010-2,小号铁夹,30,humid_hot,灰区/证据不足,2,1.0,0.902453
REP-010-2,小号铁夹,30,humid_hot,灰区/证据不足,3,1.0,0.8952
REP-010-2,小号铁夹,30,humid_hot,灰区/证据不足,4,1.0,0.879282
REP-010-2,小号铁夹,30,humid_hot,灰区/证据不足,5,1.0,0.812197
REP-010-2,小号铁夹,30,humid_hot,灰区/证据不足,6,1.0,0.749261
REP-010-2,小号铁夹,30,humid_hot,灰区/证据不足,7,1.0,0.711899
REP-010-2,小号铁夹,30,humid_hot,灰区/证据不足,8,1.0,0.711899
REP-010-2,小号铁夹,30,humid_hot,灰区/证据不足,9,1.0,0.654573
REP-010-2,小号铁夹,30,humid_hot,灰区/证据不足,10,1.0,0.601073
REP-010-2,小号铁夹,30,humid_hot,灰区/证据不足,11,1.0,0.582032
REP-010-2,小号铁夹,30,humid_hot,灰区/证据不足,12,1.0,0.582032
REP-010-2,小号铁夹,30,humid_hot,灰区/证据不足,13,1.0,0.582032
REP-010-2,小号铁夹,30,humid_hot,灰区/证据不足,14,1.0,0.582032
REP-010-2,小号铁夹,30,humid_hot,灰区/证据不足,15,1.0,0.582032
REP-010-2,小号铁夹,30,humid_hot,灰区/证据不足,16,1.0,0.548555
REP-010-2,小号铁夹,30,humid_hot,灰区/证据不足,17,1.0,0.504278
REP-010-2,小号铁夹,30,humid_hot,灰区/证据不足,18,1.0,0.462452
REP-010-2,小号铁夹,30,humid_hot,灰区/证据不足,19,1.0,0.439515
REP-010-2,小号铁夹,30,humid_hot,灰区/证据不足,20,1.0,0.435892
REP-010-2,小号铁夹,30,humid_hot,灰区/证据不足,21,1.0,0.400218
REP-010-2,小号铁夹,30,humid_hot,灰区/证据不足,22,1.0,0.366575
REP-010-2,小号铁夹,30,humid_hot,灰区/证据不足,23,1.0,0.334947
REP-010-2,小号铁夹,30,humid_hot,灰区/证据不足,24,1.0,0.306516
REP-010-2,小号铁夹,30,humid_hot,灰区/证据不足,25,1.0,0.280611
REP-010-2,小号铁夹,30,humid_hot,灰区/证据不足,26,1.0,0.256853
REP-010-2,小号铁夹,30,humid_hot,灰区/证据不足,27,1.0,0.23467
REP-010-2,小号铁夹,30,humid_hot,灰区/证据不足,28,1.0,0.214246
REP-010-2,小号铁夹,30,humid_hot,灰区/证据不足,29,1.0,0.203606
REP-010-2,小号铁夹,30,humid_hot,灰区/证据不足,30,1.0,0.193353
REP-010-3,小号铁夹,30,humid_hot,不支持曾遭雷击,1,1.0,0.914659
REP-010-3,小号铁夹,30,humid_hot,不支持曾遭雷击,2,1.0,0.902453
REP-010-3,小号铁夹,30,humid_hot,不支持曾遭雷击,3,1.0,0.8952
REP-010-3,小号铁夹,30,humid_hot,不支持曾遭雷击,4,1.0,0.879282
REP-010-3,小号铁夹,30,humid_hot,不支持曾遭雷击,5,1.0,0.812197
REP-010-3,小号铁夹,30,humid_hot,不支持曾遭雷击,6,1.0,0.749261
REP-010-3,小号铁夹,30,humid_hot,不支持曾遭雷击,7,1.0,0.711899
REP-010-3,小号铁夹,30,humid_hot,不支持曾遭雷击,8,1.0,0.711899
REP-010-3,小号铁夹,30,humid_hot,不支持曾遭雷击,9,1.0,0.654573
REP-010-3,小号铁夹,30,humid_hot,不支持曾遭雷击,10,1.0,0.601073
REP-010-3,小号铁夹,30,humid_hot,不支持曾遭雷击,11,1.0,0.582032
REP-010-3,小号铁夹,30,humid_hot,不支持曾遭雷击,12,1.0,0.582032
REP-010-3,小号铁夹,30,humid_hot,不支持曾遭雷击,13,1.0,0.582032
REP-010-3,小号铁夹,30,humid_hot,不支持曾遭雷击,14,1.0,0.582032
REP-010-3,小号铁夹,30,humid_hot,不支持曾遭雷击,15,1.0,0.582032
REP-010-3,小号铁夹,30,humid_hot,不支持曾遭雷击,16,1.0,0.548555
REP-010-3,小号铁夹,30,humid_hot,不支持曾遭雷击,17,1.0,0.504278
REP-010-3,小号铁夹,30,humid_hot,不支持曾遭雷击,18,1.0,0.462452
REP-010-3,小号铁夹,30,humid_hot,不支持曾遭雷击,19,1.0,0.439515
REP-010-3,小号铁夹,30,humid_hot,不支持曾遭雷击,20,1.0,0.435892
REP-010-3,小号铁夹,30,humid_hot,不支持曾遭雷击,21,1.0,0.400218
REP-010-3,小号铁夹,30,humid_hot,不支持曾遭雷击,22,1.0,0.366575
REP-010-3,小号铁夹,30,humid_hot,不支持曾遭雷击,23,1.0,0.334947
REP-010-3,小号铁夹,30,humid_hot,不支持曾遭雷击,24,1.0,0.306516
REP-010-3,小号铁夹,30,humid_hot,不支持曾遭雷击,25,1.0,0.280611
REP-010-3,小号铁夹,30,humid_hot,不支持曾遭雷击,26,1.0,0.256853
REP-010-3,小号铁夹,30,humid_hot,不支持曾遭雷击,27,1.0,0.23467
REP-010-3,小号铁夹,30,humid_hot,不支持曾遭雷击,28,1.0,0.214246
REP-010-3,小号铁夹,30,humid_hot,不支持曾遭雷击,29,1.0,0.203606
REP-010-3,小号铁夹,30,humid_hot,不支持曾遭雷击,30,1.0,0.193353
REP-011-1,小号铁夹,60,normal,灰区/证据不足,1,1.0,0.9048
REP-011-1,小号铁夹,60,normal,灰区/证据不足,2,1.0,0.9048
REP-011-1,小号铁夹,60,normal,灰区/证据不足,3,1.0,0.862061
REP-011-1,小号铁夹,60,normal,灰区/证据不足,4,1.0,0.780415
REP-011-1,小号铁夹,60,normal,灰区/证据不足,5,1.0,0.716409
REP-011-1,小号铁夹,60,normal,灰区/证据不足,6,1.0,0.656061
REP-011-1,小号铁夹,60,normal,灰区/证据不足,7,1.0,0.618139
REP-011-1,小号铁夹,60,normal,灰区/证据不足,8,1.0,0.578327
REP-011-1,小号铁夹,60,normal,灰区/证据不足,9,1.0,0.542334
REP-011-1,小号铁夹,60,normal,灰区/证据不足,10,1.0,0.504049
REP-011-1,小号铁夹,60,normal,灰区/证据不足,11,1.0,0.46147
REP-011-1,小号铁夹,60,normal,灰区/证据不足,12,1.0,0.435771
REP-011-1,小号铁夹,60,normal,灰区/证据不足,13,1.0,0.409952
REP-011-1,小号铁夹,60,normal,灰区/证据不足,14,1.0,0.374501
REP-011-1,小号铁夹,60,normal,灰区/证据不足,15,1.0,0.341867
REP-011-1,小号铁夹,60,normal,灰区/证据不足,16,1.0,0.316346
REP-011-1,小号铁夹,60,normal,灰区/证据不足,17,1.0,0.297641
REP-011-1,小号铁夹,60,normal,灰区/证据不足,18,1.0,0.279838
REP-011-1,小号铁夹,60,normal,灰区/证据不足,19,1.0,0.266133
REP-011-1,小号铁夹,60,normal,灰区/证据不足,20,1.0,0.261503
REP-011-1,小号铁夹,60,normal,灰区/证据不足,21,1.0,0.252146
REP-011-1,小号铁夹,60,normal,灰区/证据不足,22,1.0,0.230039
REP-011-1,小号铁夹,60,normal,灰区/证据不足,23,1.0,0.20948
REP-011-1,小号铁夹,60,normal,灰区/证据不足,24,1.0,0.190404
REP-011-1,小号铁夹,60,normal,灰区/证据不足,25,1.0,0.17974
REP-011-1,小号铁夹,60,normal,灰区/证据不足,26,1.0,0.166311
REP-011-1,小号铁夹,60,normal,灰区/证据不足,27,1.0,0.159819
REP-011-1,小号铁夹,60,normal,灰区/证据不足,28,1.0,0.14793
REP-011-1,小号铁夹,60,normal,灰区/证据不足,29,1.0,0.140736
REP-011-1,小号铁夹,60,normal,灰区/证据不足,30,1.0,0.130077
REP-011-1,小号铁夹,60,normal,灰区/证据不足,31,1.0,0.121446
REP-011-1,小号铁夹,60,normal,灰区/证据不足,32,1.0,0.109993
REP-011-1,小号铁夹,60,normal,灰区/证据不足,33,1.0,0.099267
REP-011-1,小号铁夹,60,normal,灰区/证据不足,34,1.0,0.09281
REP-011-1,小号铁夹,60,normal,灰区/证据不足,35,1.0,0.086975
REP-011-1,小号铁夹,60,normal,灰区/证据不足,36,1.0,0.080181
REP-011-1,小号铁夹,60,normal,灰区/证据不足,37,1.0,0.073731
REP-011-1,小号铁夹,60,normal,灰区/证据不足,38,1.0,0.066299
REP-011-1,小号铁夹,60,normal,灰区/证据不足,39,1.0,0.059639
REP-011-1,小号铁夹,60,normal,灰区/证据不足,40,1.0,0.05364
REP-011-1,小号铁夹,60,normal,灰区/证据不足,41,1.0,0.049897
REP-011-1,小号铁夹,60,normal,灰区/证据不足,42,1.0,0.044812
REP-011-1,小号铁夹,60,normal,灰区/证据不足,43,1.0,0.041851
REP-011-1,小号铁夹,60,normal,灰区/证据不足,44,1.0,0.038845
REP-011-1,小号铁夹,60,normal,灰区/证据不足,45,1.0,0.034889
REP-011-1,小号铁夹,60,normal,灰区/证据不足,46,1.0,0.032162
REP-011-1,小号铁夹,60,normal,灰区/证据不足,47,1.0,0.030708
REP-011-1,小号铁夹,60,normal,灰区/证据不足,48,1.0,0.029478
REP-011-1,小号铁夹,60,normal,灰区/证据不足,49,1.0,0.028019
REP-011-1,小号铁夹,60,normal,灰区/证据不足,50,1.0,0.025045
REP-011-1,小号铁夹,60,normal,灰区/证据不足,51,1.0,0.022359
REP-011-1,小号铁夹,60,normal,灰区/证据不足,52,1.0,0.020558
REP-011-1,小号铁夹,60,normal,灰区/证据不足,53,1.0,0.020321
REP-011-1,小号铁夹,60,normal,灰区/证据不足,54,1.0,0.017701
REP-011-1,小号铁夹,60,normal,灰区/证据不足,55,1.0,0.01573
REP-011-1,小号铁夹,60,normal,灰区/证据不足,56,1.0,0.01474
REP-011-1,小号铁夹,60,normal,灰区/证据不足,57,1.0,0.014403
REP-011-1,小号铁夹,60,normal,灰区/证据不足,58,1.0,0.014246
REP-011-1,小号铁夹,60,normal,灰区/证据不足,59,1.0,0.013691
REP-011-1,小号铁夹,60,normal,灰区/证据不足,60,1.0,0.013228
REP-012-1,小号铁夹,60,humid_hot,灰区/证据不足,1,1.0,0.898287
REP-012-1,小号铁夹,60,humid_hot,灰区/证据不足,2,1.0,0.85447
REP-012-1,小号铁夹,60,humid_hot,灰区/证据不足,3,1.0,0.812198
REP-012-1,小号铁夹,60,humid_hot,灰区/证据不足,4,1.0,0.780917
REP-012-1,小号铁夹,60,humid_hot,灰区/证据不足,5,1.0,0.775771
REP-012-1,小号铁夹,60,humid_hot,灰区/证据不足,6,1.0,0.756242
REP-012-1,小号铁夹,60,humid_hot,灰区/证据不足,7,1.0,0.697527
REP-012-1,小号铁夹,60,humid_hot,灰区/证据不足,8,1.0,0.642175
REP-012-1,小号铁夹,60,humid_hot,灰区/证据不足,9,1.0,0.590118
REP-012-1,小号铁夹,60,humid_hot,灰区/证据不足,10,1.0,0.563194
REP-012-1,小号铁夹,60,humid_hot,灰区/证据不足,11,1.0,0.526847
REP-012-1,小号铁夹,60,humid_hot,灰区/证据不足,12,1.0,0.511853
REP-012-1,小号铁夹,60,humid_hot,灰区/证据不足,13,1.0,0.478986
REP-012-1,小号铁夹,60,humid_hot,灰区/证据不足,14,1.0,0.460706
REP-012-1,小号铁夹,60,humid_hot,灰区/证据不足,15,1.0,0.430496
REP-012-1,小号铁夹,60,humid_hot,灰区/证据不足,16,1.0,0.406353
REP-012-1,小号铁夹,60,humid_hot,灰区/证据不足,17,1.0,0.372079
REP-012-1,小号铁夹,60,humid_hot,灰区/证据不足,18,1.0,0.339489
REP-012-1,小号铁夹,60,humid_hot,灰区/证据不足,19,1.0,0.3209
REP-012-1,小号铁夹,60,humid_hot,灰区/证据不足,20,1.0,0.304033
REP-012-1,小号铁夹,60,humid_hot,灰区/证据不足,21,1.0,0.283367
REP-012-1,小号铁夹,60,humid_hot,灰区/证据不足,22,1.0,0.263437
REP-012-1,小号铁夹,60,humid_hot,灰区/证据不足,23,1.0,0.239487
REP-012-1,小号铁夹,60,humid_hot,灰区/证据不足,24,1.0,0.217802
REP-012-1,小号铁夹,60,humid_hot,灰区/证据不足,25,1.0,0.198048
REP-012-1,小号铁夹,60,humid_hot,灰区/证据不足,26,1.0,0.186254
REP-012-1,小号铁夹,60,humid_hot,灰区/证据不足,27,1.0,0.169114
REP-012-1,小号铁夹,60,humid_hot,灰区/证据不足,28,1.0,0.159675
REP-012-1,小号铁夹,60,humid_hot,灰区/证据不足,29,1.0,0.149838
REP-012-1,小号铁夹,60,humid_hot,灰区/证据不足,30,1.0,0.136059
REP-012-1,小号铁夹,60,humid_hot,灰区/证据不足,31,1.0,0.126802
REP-012-1,小号铁夹,60,humid_hot,灰区/证据不足,32,1.0,0.122402
REP-012-1,小号铁夹,60,humid_hot,灰区/证据不足,33,1.0,0.11879
REP-012-1,小号铁夹,60,humid_hot,灰区/证据不足,34,1.0,0.114153
REP-012-1,小号铁夹,60,humid_hot,灰区/证据不足,35,1.0,0.103162
REP-012-1,小号铁夹,60,humid_hot,灰区/证据不足,36,1.0,0.093108
REP-012-1,小号铁夹,60,humid_hot,灰区/证据不足,37,1.0,0.086551
REP-012-1,小号铁夹,60,humid_hot,灰区/证据不足,38,1.0,0.086494
REP-012-1,小号铁夹,60,humid_hot,灰区/证据不足,39,1.0,0.076174
REP-012-1,小号铁夹,60,humid_hot,灰区/证据不足,40,1.0,0.068434
REP-012-1,小号铁夹,60,humid_hot,灰区/证据不足,41,1.0,0.064832
REP-012-1,小号铁夹,60,humid_hot,灰区/证据不足,42,1.0,0.064049
REP-012-1,小号铁夹,60,humid_hot,灰区/证据不足,43,1.0,0.064048
REP-012-1,小号铁夹,60,humid_hot,灰区/证据不足,44,1.0,0.062228
REP-012-1,小号铁夹,60,humid_hot,灰区/证据不足,45,1.0,0.060785
REP-012-1,小号铁夹,60,humid_hot,灰区/证据不足,46,1.0,0.054771
REP-012-1,小号铁夹,60,humid_hot,灰区/证据不足,47,1.0,0.049261
REP-012-1,小号铁夹,60,humid_hot,灰区/证据不足,48,1.0,0.044197
REP-012-1,小号铁夹,60,humid_hot,灰区/证据不足,49,1.0,0.041096
REP-012-1,小号铁夹,60,humid_hot,灰区/证据不足,50,1.0,0.039875
REP-012-1,小号铁夹,60,humid_hot,灰区/证据不足,51,1.0,0.035819
REP-012-1,小号铁夹,60,humid_hot,灰区/证据不足,52,1.0,0.032098
REP-012-1,小号铁夹,60,humid_hot,灰区/证据不足,53,1.0,0.028694
REP-012-1,小号铁夹,60,humid_hot,灰区/证据不足,54,1.0,0.02569
REP-012-1,小号铁夹,60,humid_hot,灰区/证据不足,55,1.0,0.02301
REP-012-1,小号铁夹,60,humid_hot,灰区/证据不足,56,1.0,0.020606
REP-012-1,小号铁夹,60,humid_hot,灰区/证据不足,57,1.0,0.018419
REP-012-1,小号铁夹,60,humid_hot,灰区/证据不足,58,1.0,0.016452
REP-012-1,小号铁夹,60,humid_hot,灰区/证据不足,59,1.0,0.015296
REP-012-1,小号铁夹,60,humid_hot,灰区/证据不足,60,1.0,0.014212
REP-013-1,普通钢筋,7,normal,支持曾遭雷击,1,1.5,1.368351
REP-013-1,普通钢筋,7,normal,支持曾遭雷击,2,1.5,1.353638
REP-013-1,普通钢筋,7,normal,支持曾遭雷击,3,1.5,1.30092
REP-013-1,普通钢筋,7,normal,支持曾遭雷击,4,1.5,1.262957
REP-013-1,普通钢筋,7,normal,支持曾遭雷击,5,1.5,1.189392
REP-013-1,普通钢筋,7,normal,支持曾遭雷击,6,1.5,1.116138
REP-013-1,普通钢筋,7,normal,支持曾遭雷击,7,1.5,1.085091
REP-013-2,普通钢筋,7,normal,灰区/证据不足,1,1.5,1.368351
REP-013-2,普通钢筋,7,normal,灰区/证据不足,2,1.5,1.353638
REP-013-2,普通钢筋,7,normal,灰区/证据不足,3,1.5,1.30092
REP-013-2,普通钢筋,7,normal,灰区/证据不足,4,1.5,1.262957
REP-013-2,普通钢筋,7,normal,灰区/证据不足,5,1.5,1.189392
REP-013-2,普通钢筋,7,normal,灰区/证据不足,6,1.5,1.116138
REP-013-2,普通钢筋,7,normal,灰区/证据不足,7,1.5,1.085091
REP-013-3,普通钢筋,7,normal,不支持曾遭雷击,1,1.5,1.368351
REP-013-3,普通钢筋,7,normal,不支持曾遭雷击,2,1.5,1.353638
REP-013-3,普通钢筋,7,normal,不支持曾遭雷击,3,1.5,1.30092
REP-013-3,普通钢筋,7,normal,不支持曾遭雷击,4,1.5,1.262957
REP-013-3,普通钢筋,7,normal,不支持曾遭雷击,5,1.5,1.189392
REP-013-3,普通钢筋,7,normal,不支持曾遭雷击,6,1.5,1.116138
REP-013-3,普通钢筋,7,normal,不支持曾遭雷击,7,1.5,1.085091
REP-014-1,普通钢筋,7,humid_hot,支持曾遭雷击,1,1.5,1.348905
REP-014-1,普通钢筋,7,humid_hot,支持曾遭雷击,2,1.5,1.280326
REP-014-1,普通钢筋,7,humid_hot,支持曾遭雷击,3,1.5,1.215034
REP-014-1,普通钢筋,7,humid_hot,支持曾遭雷击,4,1.5,1.15093
REP-014-1,普通钢筋,7,humid_hot,支持曾遭雷击,5,1.5,1.089413
REP-014-1,普通钢筋,7,humid_hot,支持曾遭雷击,6,1.5,1.073389
REP-014-1,普通钢筋,7,humid_hot,支持曾遭雷击,7,1.5,1.056829
REP-014-2,普通钢筋,7,humid_hot,灰区/证据不足,1,1.5,1.348905
REP-014-2,普通钢筋,7,humid_hot,灰区/证据不足,2,1.5,1.280326
REP-014-2,普通钢筋,7,humid_hot,灰区/证据不足,3,1.5,1.215034
REP-014-2,普通钢筋,7,humid_hot,灰区/证据不足,4,1.5,1.15093
REP-014-2,普通钢筋,7,humid_hot,灰区/证据不足,5,1.5,1.089413
REP-014-2,普通钢筋,7,humid_hot,灰区/证据不足,6,1.5,1.073389
REP-014-2,普通钢筋,7,humid_hot,灰区/证据不足,7,1.5,1.056829
REP-014-3,普通钢筋,7,humid_hot,不支持曾遭雷击,1,1.5,1.348905
REP-014-3,普通钢筋,7,humid_hot,不支持曾遭雷击,2,1.5,1.280326
REP-014-3,普通钢筋,7,humid_hot,不支持曾遭雷击,3,1.5,1.215034
REP-014-3,普通钢筋,7,humid_hot,不支持曾遭雷击,4,1.5,1.15093
REP-014-3,普通钢筋,7,humid_hot,不支持曾遭雷击,5,1.5,1.089413
REP-014-3,普通钢筋,7,humid_hot,不支持曾遭雷击,6,1.5,1.073389
REP-014-3,普通钢筋,7,humid_hot,不支持曾遭雷击,7,1.5,1.056829
REP-015-1,普通钢筋,30,normal,支持曾遭雷击,1,1.5,1.356049
REP-015-1,普通钢筋,30,normal,支持曾遭雷击,2,1.5,1.315104
REP-015-1,普通钢筋,30,normal,支持曾遭雷击,3,1.5,1.274465
REP-015-1,普通钢筋,30,normal,支持曾遭雷击,4,1.5,1.249319
REP-015-1,普通钢筋,30,normal,支持曾遭雷击,5,1.5,1.249319
REP-015-1,普通钢筋,30,normal,支持曾遭雷击,6,1.5,1.249319
REP-015-1,普通钢筋,30,normal,支持曾遭雷击,7,1.5,1.182599
REP-015-1,普通钢筋,30,normal,支持曾遭雷击,8,1.5,1.110026
REP-015-1,普通钢筋,30,normal,支持曾遭雷击,9,1.5,1.039971
REP-015-1,普通钢筋,30,normal,支持曾遭雷击,10,1.5,1.011912
REP-015-1,普通钢筋,30,normal,支持曾遭雷击,11,1.5,0.9651
REP-015-1,普通钢筋,30,normal,支持曾遭雷击,12,1.5,0.955951
REP-015-1,普通钢筋,30,normal,支持曾遭雷击,13,1.5,0.912045
REP-015-1,普通钢筋,30,normal,支持曾遭雷击,14,1.5,0.894376
REP-015-1,普通钢筋,30,normal,支持曾遭雷击,15,1.5,0.852055
REP-015-1,普通钢筋,30,normal,支持曾遭雷击,16,1.5,0.819982
REP-015-1,普通钢筋,30,normal,支持曾遭雷击,17,1.5,0.765491
REP-015-1,普通钢筋,30,normal,支持曾遭雷击,18,1.5,0.712085
REP-015-1,普通钢筋,30,normal,支持曾遭雷击,19,1.5,0.686245
REP-015-1,普通钢筋,30,normal,支持曾遭雷击,20,1.5,0.662878
REP-015-1,普通钢筋,30,normal,支持曾遭雷击,21,1.5,0.62989
REP-015-1,普通钢筋,30,normal,支持曾遭雷击,22,1.5,0.597028
REP-015-1,普通钢筋,30,normal,支持曾遭雷击,23,1.5,0.553354
REP-015-1,普通钢筋,30,normal,支持曾遭雷击,24,1.5,0.51308
REP-015-1,普通钢筋,30,normal,支持曾遭雷击,25,1.5,0.475659
REP-015-1,普通钢筋,30,normal,支持曾遭雷击,26,1.5,0.456073
REP-015-1,普通钢筋,30,normal,支持曾遭雷击,27,1.5,0.422194
REP-015-1,普通钢筋,30,normal,支持曾遭雷击,28,1.5,0.406416
REP-015-1,普通钢筋,30,normal,支持曾遭雷击,29,1.5,0.388829
REP-015-1,普通钢筋,30,normal,支持曾遭雷击,30,1.5,0.35997
REP-015-2,普通钢筋,30,normal,灰区/证据不足,1,1.5,1.356049
REP-015-2,普通钢筋,30,normal,灰区/证据不足,2,1.5,1.315104
REP-015-2,普通钢筋,30,normal,灰区/证据不足,3,1.5,1.274465
REP-015-2,普通钢筋,30,normal,灰区/证据不足,4,1.5,1.249319
REP-015-2,普通钢筋,30,normal,灰区/证据不足,5,1.5,1.249319
REP-015-2,普通钢筋,30,normal,灰区/证据不足,6,1.5,1.249319
REP-015-2,普通钢筋,30,normal,灰区/证据不足,7,1.5,1.182599
REP-015-2,普通钢筋,30,normal,灰区/证据不足,8,1.5,1.110026
REP-015-2,普通钢筋,30,normal,灰区/证据不足,9,1.5,1.039971
REP-015-2,普通钢筋,30,normal,灰区/证据不足,10,1.5,1.011912
REP-015-2,普通钢筋,30,normal,灰区/证据不足,11,1.5,0.9651
REP-015-2,普通钢筋,30,normal,灰区/证据不足,12,1.5,0.955951
REP-015-2,普通钢筋,30,normal,灰区/证据不足,13,1.5,0.912045
REP-015-2,普通钢筋,30,normal,灰区/证据不足,14,1.5,0.894376
REP-015-2,普通钢筋,30,normal,灰区/证据不足,15,1.5,0.852055
REP-015-2,普通钢筋,30,normal,灰区/证据不足,16,1.5,0.819982
REP-015-2,普通钢筋,30,normal,灰区/证据不足,17,1.5,0.765491
REP-015-2,普通钢筋,30,normal,灰区/证据不足,18,1.5,0.712085
REP-015-2,普通钢筋,30,normal,灰区/证据不足,19,1.5,0.686245
REP-015-2,普通钢筋,30,normal,灰区/证据不足,20,1.5,0.662878
REP-015-2,普通钢筋,30,normal,灰区/证据不足,21,1.5,0.62989
REP-015-2,普通钢筋,30,normal,灰区/证据不足,22,1.5,0.597028
REP-015-2,普通钢筋,30,normal,灰区/证据不足,23,1.5,0.553354
REP-015-2,普通钢筋,30,normal,灰区/证据不足,24,1.5,0.51308
REP-015-2,普通钢筋,30,normal,灰区/证据不足,25,1.5,0.475659
REP-015-2,普通钢筋,30,normal,灰区/证据不足,26,1.5,0.456073
REP-015-2,普通钢筋,30,normal,灰区/证据不足,27,1.5,0.422194
REP-015-2,普通钢筋,30,normal,灰区/证据不足,28,1.5,0.406416
REP-015-2,普通钢筋,30,normal,灰区/证据不足,29,1.5,0.388829
REP-015-2,普通钢筋,30,normal,灰区/证据不足,30,1.5,0.35997
REP-015-3,普通钢筋,30,normal,不支持曾遭雷击,1,1.5,1.356049
REP-015-3,普通钢筋,30,normal,不支持曾遭雷击,2,1.5,1.315104
REP-015-3,普通钢筋,30,normal,不支持曾遭雷击,3,1.5,1.274465
REP-015-3,普通钢筋,30,normal,不支持曾遭雷击,4,1.5,1.249319
REP-015-3,普通钢筋,30,normal,不支持曾遭雷击,5,1.5,1.249319
REP-015-3,普通钢筋,30,normal,不支持曾遭雷击,6,1.5,1.249319
REP-015-3,普通钢筋,30,normal,不支持曾遭雷击,7,1.5,1.182599
REP-015-3,普通钢筋,30,normal,不支持曾遭雷击,8,1.5,1.110026
REP-015-3,普通钢筋,30,normal,不支持曾遭雷击,9,1.5,1.039971
REP-015-3,普通钢筋,30,normal,不支持曾遭雷击,10,1.5,1.011912
REP-015-3,普通钢筋,30,normal,不支持曾遭雷击,11,1.5,0.9651
REP-015-3,普通钢筋,30,normal,不支持曾遭雷击,12,1.5,0.955951
REP-015-3,普通钢筋,30,normal,不支持曾遭雷击,13,1.5,0.912045
REP-015-3,普通钢筋,30,normal,不支持曾遭雷击,14,1.5,0.894376
REP-015-3,普通钢筋,30,normal,不支持曾遭雷击,15,1.5,0.852055
REP-015-3,普通钢筋,30,normal,不支持曾遭雷击,16,1.5,0.819982
REP-015-3,普通钢筋,30,normal,不支持曾遭雷击,17,1.5,0.765491
REP-015-3,普通钢筋,30,normal,不支持曾遭雷击,18,1.5,0.712085
REP-015-3,普通钢筋,30,normal,不支持曾遭雷击,19,1.5,0.686245
REP-015-3,普通钢筋,30,normal,不支持曾遭雷击,20,1.5,0.662878
REP-015-3,普通钢筋,30,normal,不支持曾遭雷击,21,1.5,0.62989
REP-015-3,普通钢筋,30,normal,不支持曾遭雷击,22,1.5,0.597028
REP-015-3,普通钢筋,30,normal,不支持曾遭雷击,23,1.5,0.553354
REP-015-3,普通钢筋,30,normal,不支持曾遭雷击,24,1.5,0.51308
REP-015-3,普通钢筋,30,normal,不支持曾遭雷击,25,1.5,0.475659
REP-015-3,普通钢筋,30,normal,不支持曾遭雷击,26,1.5,0.456073
REP-015-3,普通钢筋,30,normal,不支持曾遭雷击,27,1.5,0.422194
REP-015-3,普通钢筋,30,normal,不支持曾遭雷击,28,1.5,0.406416
REP-015-3,普通钢筋,30,normal,不支持曾遭雷击,29,1.5,0.388829
REP-015-3,普通钢筋,30,normal,不支持曾遭雷击,30,1.5,0.35997
REP-016-1,普通钢筋,30,humid_hot,支持曾遭雷击,1,1.5,1.380765
REP-016-1,普通钢筋,30,humid_hot,支持曾遭雷击,2,1.5,1.380765
REP-016-1,普通钢筋,30,humid_hot,支持曾遭雷击,3,1.5,1.380765
REP-016-1,普通钢筋,30,humid_hot,支持曾遭雷击,4,1.5,1.380765
REP-016-1,普通钢筋,30,humid_hot,支持曾遭雷击,5,1.5,1.324747
REP-016-1,普通钢筋,30,humid_hot,支持曾遭雷击,6,1.5,1.245969
REP-016-1,普通钢筋,30,humid_hot,支持曾遭雷击,7,1.5,1.206965
REP-016-1,普通钢筋,30,humid_hot,支持曾遭雷击,8,1.5,1.206965
REP-016-1,普通钢筋,30,humid_hot,支持曾遭雷击,9,1.5,1.153561
REP-016-1,普通钢筋,30,humid_hot,支持曾遭雷击,10,1.5,1.079971
REP-016-1,普通钢筋,30,humid_hot,支持曾遭雷击,11,1.5,1.06619
REP-016-1,普通钢筋,30,humid_hot,支持曾遭雷击,12,1.5,1.06619
REP-016-1,普通钢筋,30,humid_hot,支持曾遭雷击,13,1.5,1.06619
REP-016-1,普通钢筋,30,humid_hot,支持曾遭雷击,14,1.5,1.06619
REP-016-1,普通钢筋,30,humid_hot,支持曾遭雷击,15,1.5,1.06619
REP-016-1,普通钢筋,30,humid_hot,支持曾遭雷击,16,1.5,1.06619
REP-016-1,普通钢筋,30,humid_hot,支持曾遭雷击,17,1.5,1.037467
REP-016-1,普通钢筋,30,humid_hot,支持曾遭雷击,18,1.5,0.970005
REP-016-1,普通钢筋,30,humid_hot,支持曾遭雷击,19,1.5,0.939903
REP-016-1,普通钢筋,30,humid_hot,支持曾遭雷击,20,1.5,0.939903
REP-016-1,普通钢筋,30,humid_hot,支持曾遭雷击,21,1.5,0.889636
REP-016-1,普通钢筋,30,humid_hot,支持曾遭雷击,22,1.5,0.83077
REP-016-1,普通钢筋,30,humid_hot,支持曾遭雷击,23,1.5,0.773921
REP-016-1,普通钢筋,30,humid_hot,支持曾遭雷击,24,1.5,0.722066
REP-016-1,普通钢筋,30,humid_hot,支持曾遭雷击,25,1.5,0.673955
REP-016-1,普通钢筋,30,humid_hot,支持曾遭雷击,26,1.5,0.628947
REP-016-1,普通钢筋,30,humid_hot,支持曾遭雷击,27,1.5,0.585854
REP-016-1,普通钢筋,30,humid_hot,支持曾遭雷击,28,1.5,0.545316
REP-016-1,普通钢筋,30,humid_hot,支持曾遭雷击,29,1.5,0.528357
REP-016-1,普通钢筋,30,humid_hot,支持曾遭雷击,30,1.5,0.511552
REP-016-2,普通钢筋,30,humid_hot,灰区/证据不足,1,1.5,1.380765
REP-016-2,普通钢筋,30,humid_hot,灰区/证据不足,2,1.5,1.380765
REP-016-2,普通钢筋,30,humid_hot,灰区/证据不足,3,1.5,1.380765
REP-016-2,普通钢筋,30,humid_hot,灰区/证据不足,4,1.5,1.380765
REP-016-2,普通钢筋,30,humid_hot,灰区/证据不足,5,1.5,1.324747
REP-016-2,普通钢筋,30,humid_hot,灰区/证据不足,6,1.5,1.245969
REP-016-2,普通钢筋,30,humid_hot,灰区/证据不足,7,1.5,1.206965
REP-016-2,普通钢筋,30,humid_hot,灰区/证据不足,8,1.5,1.206965
REP-016-2,普通钢筋,30,humid_hot,灰区/证据不足,9,1.5,1.153561
REP-016-2,普通钢筋,30,humid_hot,灰区/证据不足,10,1.5,1.079971
REP-016-2,普通钢筋,30,humid_hot,灰区/证据不足,11,1.5,1.06619
REP-016-2,普通钢筋,30,humid_hot,灰区/证据不足,12,1.5,1.06619
REP-016-2,普通钢筋,30,humid_hot,灰区/证据不足,13,1.5,1.06619
REP-016-2,普通钢筋,30,humid_hot,灰区/证据不足,14,1.5,1.06619
REP-016-2,普通钢筋,30,humid_hot,灰区/证据不足,15,1.5,1.06619
REP-016-2,普通钢筋,30,humid_hot,灰区/证据不足,16,1.5,1.06619
REP-016-2,普通钢筋,30,humid_hot,灰区/证据不足,17,1.5,1.037467
REP-016-2,普通钢筋,30,humid_hot,灰区/证据不足,18,1.5,0.970005
REP-016-2,普通钢筋,30,humid_hot,灰区/证据不足,19,1.5,0.939903
REP-016-2,普通钢筋,30,humid_hot,灰区/证据不足,20,1.5,0.939903
REP-016-2,普通钢筋,30,humid_hot,灰区/证据不足,21,1.5,0.889636
REP-016-2,普通钢筋,30,humid_hot,灰区/证据不足,22,1.5,0.83077
REP-016-2,普通钢筋,30,humid_hot,灰区/证据不足,23,1.5,0.773921
REP-016-2,普通钢筋,30,humid_hot,灰区/证据不足,24,1.5,0.722066
REP-016-2,普通钢筋,30,humid_hot,灰区/证据不足,25,1.5,0.673955
REP-016-2,普通钢筋,30,humid_hot,灰区/证据不足,26,1.5,0.628947
REP-016-2,普通钢筋,30,humid_hot,灰区/证据不足,27,1.5,0.585854
REP-016-2,普通钢筋,30,humid_hot,灰区/证据不足,28,1.5,0.545316
REP-016-2,普通钢筋,30,humid_hot,灰区/证据不足,29,1.5,0.528357
REP-016-2,普通钢筋,30,humid_hot,灰区/证据不足,30,1.5,0.511552
REP-016-3,普通钢筋,30,humid_hot,不支持曾遭雷击,1,1.5,1.380765
REP-016-3,普通钢筋,30,humid_hot,不支持曾遭雷击,2,1.5,1.380765
REP-016-3,普通钢筋,30,humid_hot,不支持曾遭雷击,3,1.5,1.380765
REP-016-3,普通钢筋,30,humid_hot,不支持曾遭雷击,4,1.5,1.380765
REP-016-3,普通钢筋,30,humid_hot,不支持曾遭雷击,5,1.5,1.324747
REP-016-3,普通钢筋,30,humid_hot,不支持曾遭雷击,6,1.5,1.245969
REP-016-3,普通钢筋,30,humid_hot,不支持曾遭雷击,7,1.5,1.206965
REP-016-3,普通钢筋,30,humid_hot,不支持曾遭雷击,8,1.5,1.206965
REP-016-3,普通钢筋,30,humid_hot,不支持曾遭雷击,9,1.5,1.153561
REP-016-3,普通钢筋,30,humid_hot,不支持曾遭雷击,10,1.5,1.079971
REP-016-3,普通钢筋,30,humid_hot,不支持曾遭雷击,11,1.5,1.06619
REP-016-3,普通钢筋,30,humid_hot,不支持曾遭雷击,12,1.5,1.06619
REP-016-3,普通钢筋,30,humid_hot,不支持曾遭雷击,13,1.5,1.06619
REP-016-3,普通钢筋,30,humid_hot,不支持曾遭雷击,14,1.5,1.06619
REP-016-3,普通钢筋,30,humid_hot,不支持曾遭雷击,15,1.5,1.06619
REP-016-3,普通钢筋,30,humid_hot,不支持曾遭雷击,16,1.5,1.06619
REP-016-3,普通钢筋,30,humid_hot,不支持曾遭雷击,17,1.5,1.037467
REP-016-3,普通钢筋,30,humid_hot,不支持曾遭雷击,18,1.5,0.970005
REP-016-3,普通钢筋,30,humid_hot,不支持曾遭雷击,19,1.5,0.939903
REP-016-3,普通钢筋,30,humid_hot,不支持曾遭雷击,20,1.5,0.939903
REP-016-3,普通钢筋,30,humid_hot,不支持曾遭雷击,21,1.5,0.889636
REP-016-3,普通钢筋,30,humid_hot,不支持曾遭雷击,22,1.5,0.83077
REP-016-3,普通钢筋,30,humid_hot,不支持曾遭雷击,23,1.5,0.773921
REP-016-3,普通钢筋,30,humid_hot,不支持曾遭雷击,24,1.5,0.722066
REP-016-3,普通钢筋,30,humid_hot,不支持曾遭雷击,25,1.5,0.673955
REP-016-3,普通钢筋,30,humid_hot,不支持曾遭雷击,26,1.5,0.628947
REP-016-3,普通钢筋,30,humid_hot,不支持曾遭雷击,27,1.5,0.585854
REP-016-3,普通钢筋,30,humid_hot,不支持曾遭雷击,28,1.5,0.545316
REP-016-3,普通钢筋,30,humid_hot,不支持曾遭雷击,29,1.5,0.528357
REP-016-3,普通钢筋,30,humid_hot,不支持曾遭雷击,30,1.5,0.511552
REP-017-1,普通钢筋,60,normal,灰区/证据不足,1,1.5,1.365881
REP-017-1,普通钢筋,60,normal,灰区/证据不足,2,1.5,1.365881
REP-017-1,普通钢筋,60,normal,灰区/证据不足,3,1.5,1.352706
REP-017-1,普通钢筋,60,normal,灰区/证据不足,4,1.5,1.248517
REP-017-1,普通钢筋,60,normal,灰区/证据不足,5,1.5,1.16851
REP-017-1,普通钢筋,60,normal,灰区/证据不足,6,1.5,1.090983
REP-017-1,普通钢筋,60,normal,灰区/证据不足,7,1.5,1.048004
REP-017-1,普通钢筋,60,normal,灰区/证据不足,8,1.5,0.999661
REP-017-1,普通钢筋,60,normal,灰区/证据不足,9,1.5,0.955761
REP-017-1,普通钢筋,60,normal,灰区/证据不足,10,1.5,0.905645
REP-017-1,普通钢筋,60,normal,灰区/证据不足,11,1.5,0.84534
REP-017-1,普通钢筋,60,normal,灰区/证据不足,12,1.5,0.813858
REP-017-1,普通钢筋,60,normal,灰区/证据不足,13,1.5,0.780595
REP-017-1,普通钢筋,60,normal,灰区/证据不足,14,1.5,0.727025
REP-017-1,普通钢筋,60,normal,灰区/证据不足,15,1.5,0.676637
REP-017-1,普通钢筋,60,normal,灰区/证据不足,16,1.5,0.638357
REP-017-1,普通钢筋,60,normal,灰区/证据不足,17,1.5,0.612347
REP-017-1,普通钢筋,60,normal,灰区/证据不足,18,1.5,0.586968
REP-017-1,普通钢筋,60,normal,灰区/证据不足,19,1.5,0.569126
REP-017-1,普通钢筋,60,normal,灰区/证据不足,20,1.5,0.569126
REP-017-1,普通钢筋,60,normal,灰区/证据不足,21,1.5,0.56049
REP-017-1,普通钢筋,60,normal,灰区/证据不足,22,1.5,0.521338
REP-017-1,普通钢筋,60,normal,灰区/证据不足,23,1.5,0.48402
REP-017-1,普通钢筋,60,normal,灰区/证据不足,24,1.5,0.448539
REP-017-1,普通钢筋,60,normal,灰区/证据不足,25,1.5,0.431689
REP-017-1,普通钢筋,60,normal,灰区/证据不足,26,1.5,0.407239
REP-017-1,普通钢筋,60,normal,灰区/证据不足,27,1.5,0.398989
REP-017-1,普通钢筋,60,normal,灰区/证据不足,28,1.5,0.376523
REP-017-1,普通钢筋,60,normal,灰区/证据不足,29,1.5,0.365211
REP-017-1,普通钢筋,60,normal,灰区/证据不足,30,1.5,0.344144
REP-017-1,普通钢筋,60,normal,灰区/证据不足,31,1.5,0.327586
REP-017-1,普通钢筋,60,normal,灰区/证据不足,32,1.5,0.302489
REP-017-1,普通钢筋,60,normal,灰区/证据不足,33,1.5,0.278324
REP-017-1,普通钢筋,60,normal,灰区/证据不足,34,1.5,0.265306
REP-017-1,普通钢筋,60,normal,灰区/证据不足,35,1.5,0.253484
REP-017-1,普通钢筋,60,normal,灰区/证据不足,36,1.5,0.238248
REP-017-1,普通钢筋,60,normal,灰区/证据不足,37,1.5,0.223362
REP-017-1,普通钢筋,60,normal,灰区/证据不足,38,1.5,0.20477
REP-017-1,普通钢筋,60,normal,灰区/证据不足,39,1.5,0.187801
REP-017-1,普通钢筋,60,normal,灰区/证据不足,40,1.5,0.172209
REP-017-1,普通钢筋,60,normal,灰区/证据不足,41,1.5,0.163322
REP-017-1,普通钢筋,60,normal,灰区/证据不足,42,1.5,0.149544
REP-017-1,普通钢筋,60,normal,灰区/证据不足,43,1.5,0.142389
REP-017-1,普通钢筋,60,normal,灰区/证据不足,44,1.5,0.134746
REP-017-1,普通钢筋,60,normal,灰区/证据不足,45,1.5,0.123388
REP-017-1,普通钢筋,60,normal,灰区/证据不足,46,1.5,0.115964
REP-017-1,普通钢筋,60,normal,灰区/证据不足,47,1.5,0.112885
REP-017-1,普通钢筋,60,normal,灰区/证据不足,48,1.5,0.110479
REP-017-1,普通钢筋,60,normal,灰区/证据不足,49,1.5,0.107063
REP-017-1,普通钢筋,60,normal,灰区/证据不足,50,1.5,0.097571
REP-017-1,普通钢筋,60,normal,灰区/证据不足,51,1.5,0.088806
REP-017-1,普通钢筋,60,normal,灰区/证据不足,52,1.5,0.083248
REP-017-1,普通钢筋,60,normal,灰区/证据不足,53,1.5,0.083248
REP-017-1,普通钢筋,60,normal,灰区/证据不足,54,1.5,0.07451
REP-017-1,普通钢筋,60,normal,灰区/证据不足,55,1.5,0.067505
REP-017-1,普通钢筋,60,normal,灰区/证据不足,56,1.5,0.064491
REP-017-1,普通钢筋,60,normal,灰区/证据不足,57,1.5,0.064251
REP-017-1,普通钢筋,60,normal,灰区/证据不足,58,1.5,0.064251
REP-017-1,普通钢筋,60,normal,灰区/证据不足,59,1.5,0.063483
REP-017-1,普通钢筋,60,normal,灰区/证据不足,60,1.5,0.062534
REP-018-1,普通钢筋,60,humid_hot,灰区/证据不足,1,1.5,1.356049
REP-018-1,普通钢筋,60,humid_hot,灰区/证据不足,2,1.5,1.315104
REP-018-1,普通钢筋,60,humid_hot,灰区/证据不足,3,1.5,1.274465
REP-018-1,普通钢筋,60,humid_hot,灰区/证据不足,4,1.5,1.249319
REP-018-1,普通钢筋,60,humid_hot,灰区/证据不足,5,1.5,1.249319
REP-018-1,普通钢筋,60,humid_hot,灰区/证据不足,6,1.5,1.249319
REP-018-1,普通钢筋,60,humid_hot,灰区/证据不足,7,1.5,1.182599
REP-018-1,普通钢筋,60,humid_hot,灰区/证据不足,8,1.5,1.110026
REP-018-1,普通钢筋,60,humid_hot,灰区/证据不足,9,1.5,1.039971
REP-018-1,普通钢筋,60,humid_hot,灰区/证据不足,10,1.5,1.011912
REP-018-1,普通钢筋,60,humid_hot,灰区/证据不足,11,1.5,0.9651
REP-018-1,普通钢筋,60,humid_hot,灰区/证据不足,12,1.5,0.955951
REP-018-1,普通钢筋,60,humid_hot,灰区/证据不足,13,1.5,0.912045
REP-018-1,普通钢筋,60,humid_hot,灰区/证据不足,14,1.5,0.894376
REP-018-1,普通钢筋,60,humid_hot,灰区/证据不足,15,1.5,0.852055
REP-018-1,普通钢筋,60,humid_hot,灰区/证据不足,16,1.5,0.819982
REP-018-1,普通钢筋,60,humid_hot,灰区/证据不足,17,1.5,0.765491
REP-018-1,普通钢筋,60,humid_hot,灰区/证据不足,18,1.5,0.712085
REP-018-1,普通钢筋,60,humid_hot,灰区/证据不足,19,1.5,0.686245
REP-018-1,普通钢筋,60,humid_hot,灰区/证据不足,20,1.5,0.662878
REP-018-1,普通钢筋,60,humid_hot,灰区/证据不足,21,1.5,0.62989
REP-018-1,普通钢筋,60,humid_hot,灰区/证据不足,22,1.5,0.597028
REP-018-1,普通钢筋,60,humid_hot,灰区/证据不足,23,1.5,0.553354
REP-018-1,普通钢筋,60,humid_hot,灰区/证据不足,24,1.5,0.51308
REP-018-1,普通钢筋,60,humid_hot,灰区/证据不足,25,1.5,0.475659
REP-018-1,普通钢筋,60,humid_hot,灰区/证据不足,26,1.5,0.456073
REP-018-1,普通钢筋,60,humid_hot,灰区/证据不足,27,1.5,0.422194
REP-018-1,普通钢筋,60,humid_hot,灰区/证据不足,28,1.5,0.406416
REP-018-1,普通钢筋,60,humid_hot,灰区/证据不足,29,1.5,0.388829
REP-018-1,普通钢筋,60,humid_hot,灰区/证据不足,30,1.5,0.35997
REP-018-1,普通钢筋,60,humid_hot,灰区/证据不足,31,1.5,0.342033
REP-018-1,普通钢筋,60,humid_hot,灰区/证据不足,32,1.5,0.336615
REP-018-1,普通钢筋,60,humid_hot,灰区/证据不足,33,1.5,0.333066
REP-018-1,普通钢筋,60,humid_hot,灰区/证据不足,34,1.5,0.326316
REP-018-1,普通钢筋,60,humid_hot,灰区/证据不足,35,1.5,0.300658
REP-018-1,普通钢筋,60,humid_hot,灰区/证据不足,36,1.5,0.276659
REP-018-1,普通钢筋,60,humid_hot,灰区/证据不足,37,1.5,0.262198
REP-018-1,普通钢筋,60,humid_hot,灰区/证据不足,38,1.5,0.262198
REP-018-1,普通钢筋,60,humid_hot,灰区/证据不足,39,1.5,0.239867
REP-018-1,普通钢筋,60,humid_hot,灰区/证据不足,40,1.5,0.219705
REP-018-1,普通钢筋,60,humid_hot,灰区/证据不足,41,1.5,0.212207
REP-018-1,普通钢筋,60,humid_hot,灰区/证据不足,42,1.5,0.212207
REP-018-1,普通钢筋,60,humid_hot,灰区/证据不足,43,1.5,0.212207
REP-018-1,普通钢筋,60,humid_hot,灰区/证据不足,44,1.5,0.212207
REP-018-1,普通钢筋,60,humid_hot,灰区/证据不足,45,1.5,0.212207
REP-018-1,普通钢筋,60,humid_hot,灰区/证据不足,46,1.5,0.197486
REP-018-1,普通钢筋,60,humid_hot,灰区/证据不足,47,1.5,0.181086
REP-018-1,普通钢筋,60,humid_hot,灰区/证据不足,48,1.5,0.165647
REP-018-1,普通钢筋,60,humid_hot,灰区/证据不足,49,1.5,0.157033
REP-018-1,普通钢筋,60,humid_hot,灰区/证据不足,50,1.5,0.155344
REP-018-1,普通钢筋,60,humid_hot,灰区/证据不足,51,1.5,0.14227
REP-018-1,普通钢筋,60,humid_hot,灰区/证据不足,52,1.5,0.129981
REP-018-1,普通钢筋,60,humid_hot,灰区/证据不足,53,1.5,0.118466
REP-018-1,普通钢筋,60,humid_hot,灰区/证据不足,54,1.5,0.108136
REP-018-1,普通钢筋,60,humid_hot,灰区/证据不足,55,1.5,0.098747
REP-018-1,普通钢筋,60,humid_hot,灰区/证据不足,56,1.5,0.090158
REP-018-1,普通钢筋,60,humid_hot,灰区/证据不足,57,1.5,0.082163
REP-018-1,普通钢筋,60,humid_hot,灰区/证据不足,58,1.5,0.074823
REP-018-1,普通钢筋,60,humid_hot,灰区/证据不足,59,1.5,0.070927
REP-018-1,普通钢筋,60,humid_hot,灰区/证据不足,60,1.5,0.067185
REP-019-1,锈蚀钢筋,7,normal,支持曾遭雷击,1,1.5,1.355233
REP-019-1,锈蚀钢筋,7,normal,支持曾遭雷击,2,1.5,1.301095
REP-019-1,锈蚀钢筋,7,normal,支持曾遭雷击,3,1.5,1.213522
REP-019-1,锈蚀钢筋,7,normal,支持曾遭雷击,4,1.5,1.143341
REP-019-1,锈蚀钢筋,7,normal,支持曾遭雷击,5,1.5,1.044966
REP-019-1,锈蚀钢筋,7,normal,支持曾遭雷击,6,1.5,0.951669
REP-019-1,锈蚀钢筋,7,normal,支持曾遭雷击,7,1.5,0.897892
REP-019-2,锈蚀钢筋,7,normal,灰区/证据不足,1,1.5,1.355233
REP-019-2,锈蚀钢筋,7,normal,灰区/证据不足,2,1.5,1.301095
REP-019-2,锈蚀钢筋,7,normal,灰区/证据不足,3,1.5,1.213522
REP-019-2,锈蚀钢筋,7,normal,灰区/证据不足,4,1.5,1.143341
REP-019-2,锈蚀钢筋,7,normal,灰区/证据不足,5,1.5,1.044966
REP-019-2,锈蚀钢筋,7,normal,灰区/证据不足,6,1.5,0.951669
REP-019-2,锈蚀钢筋,7,normal,灰区/证据不足,7,1.5,0.897892
REP-019-3,锈蚀钢筋,7,normal,不支持曾遭雷击,1,1.5,1.355233
REP-019-3,锈蚀钢筋,7,normal,不支持曾遭雷击,2,1.5,1.301095
REP-019-3,锈蚀钢筋,7,normal,不支持曾遭雷击,3,1.5,1.213522
REP-019-3,锈蚀钢筋,7,normal,不支持曾遭雷击,4,1.5,1.143341
REP-019-3,锈蚀钢筋,7,normal,不支持曾遭雷击,5,1.5,1.044966
REP-019-3,锈蚀钢筋,7,normal,不支持曾遭雷击,6,1.5,0.951669
REP-019-3,锈蚀钢筋,7,normal,不支持曾遭雷击,7,1.5,0.897892
REP-020-1,锈蚀钢筋,7,humid_hot,支持曾遭雷击,1,1.5,1.335973
REP-020-1,锈蚀钢筋,7,humid_hot,支持曾遭雷击,2,1.5,1.230629
REP-020-1,锈蚀钢筋,7,humid_hot,支持曾遭雷击,3,1.5,1.133406
REP-020-1,锈蚀钢筋,7,humid_hot,支持曾遭雷击,4,1.5,1.041924
REP-020-1,锈蚀钢筋,7,humid_hot,支持曾遭雷击,5,1.5,0.957128
REP-020-1,锈蚀钢筋,7,humid_hot,支持曾遭雷击,6,1.5,0.915219
REP-020-1,锈蚀钢筋,7,humid_hot,支持曾遭雷击,7,1.5,0.874506
REP-020-2,锈蚀钢筋,7,humid_hot,灰区/证据不足,1,1.5,1.335973
REP-020-2,锈蚀钢筋,7,humid_hot,灰区/证据不足,2,1.5,1.230629
REP-020-2,锈蚀钢筋,7,humid_hot,灰区/证据不足,3,1.5,1.133406
REP-020-2,锈蚀钢筋,7,humid_hot,灰区/证据不足,4,1.5,1.041924
REP-020-2,锈蚀钢筋,7,humid_hot,灰区/证据不足,5,1.5,0.957128
REP-020-2,锈蚀钢筋,7,humid_hot,灰区/证据不足,6,1.5,0.915219
REP-020-2,锈蚀钢筋,7,humid_hot,灰区/证据不足,7,1.5,0.874506
REP-020-3,锈蚀钢筋,7,humid_hot,不支持曾遭雷击,1,1.5,1.335973
REP-020-3,锈蚀钢筋,7,humid_hot,不支持曾遭雷击,2,1.5,1.230629
REP-020-3,锈蚀钢筋,7,humid_hot,不支持曾遭雷击,3,1.5,1.133406
REP-020-3,锈蚀钢筋,7,humid_hot,不支持曾遭雷击,4,1.5,1.041924
REP-020-3,锈蚀钢筋,7,humid_hot,不支持曾遭雷击,5,1.5,0.957128
REP-020-3,锈蚀钢筋,7,humid_hot,不支持曾遭雷击,6,1.5,0.915219
REP-020-3,锈蚀钢筋,7,humid_hot,不支持曾遭雷击,7,1.5,0.874506
REP-021-1,锈蚀钢筋,30,normal,支持曾遭雷击,1,1.5,1.343048
REP-021-1,锈蚀钢筋,30,normal,支持曾遭雷击,2,1.5,1.264057
REP-021-1,锈蚀钢筋,30,normal,支持曾遭雷击,3,1.5,1.188844
REP-021-1,锈蚀钢筋,30,normal,支持曾遭雷击,4,1.5,1.130995
REP-021-1,锈蚀钢筋,30,normal,支持曾遭雷击,5,1.5,1.111686
REP-021-1,锈蚀钢筋,30,normal,支持曾遭雷击,6,1.5,1.072266
REP-021-1,锈蚀钢筋,30,normal,支持曾遭雷击,7,1.5,0.978578
REP-021-1,锈蚀钢筋,30,normal,支持曾遭雷击,8,1.5,0.891418
REP-021-1,锈蚀钢筋,30,normal,支持曾遭雷击,9,1.5,0.810513
REP-021-1,锈蚀钢筋,30,normal,支持曾遭雷击,10,1.5,0.76537
REP-021-1,锈蚀钢筋,30,normal,支持曾遭雷击,11,1.5,0.708421
REP-021-1,锈蚀钢筋,30,normal,支持曾遭雷击,12,1.5,0.680997
REP-021-1,锈蚀钢筋,30,normal,支持曾遭雷击,13,1.5,0.630545
REP-021-1,锈蚀钢筋,30,normal,支持曾遭雷击,14,1.5,0.600081
REP-021-1,锈蚀钢筋,30,normal,支持曾遭雷击,15,1.5,0.554814
REP-021-1,锈蚀钢筋,30,normal,支持曾遭雷击,16,1.5,0.518173
REP-021-1,锈蚀钢筋,30,normal,支持曾遭雷击,17,1.5,0.469462
REP-021-1,锈蚀钢筋,30,normal,支持曾遭雷击,18,1.5,0.423822
REP-021-1,锈蚀钢筋,30,normal,支持曾遭雷击,19,1.5,0.396388
REP-021-1,锈蚀钢筋,30,normal,支持曾遭雷击,20,1.5,0.371591
REP-021-1,锈蚀钢筋,30,normal,支持曾遭雷击,21,1.5,0.342678
REP-021-1,锈蚀钢筋,30,normal,支持曾遭雷击,22,1.5,0.315215
REP-021-1,锈蚀钢筋,30,normal,支持曾遭雷击,23,1.5,0.283534
REP-021-1,锈蚀钢筋,30,normal,支持曾遭雷击,24,1.5,0.25514
REP-021-1,锈蚀钢筋,30,normal,支持曾遭雷击,25,1.5,0.229551
REP-021-1,锈蚀钢筋,30,normal,支持曾遭雷击,26,1.5,0.213603
REP-021-1,锈蚀钢筋,30,normal,支持曾遭雷击,27,1.5,0.1919
REP-021-1,锈蚀钢筋,30,normal,支持曾遭雷击,28,1.5,0.179277
REP-021-1,锈蚀钢筋,30,normal,支持曾遭雷击,29,1.5,0.166457
REP-021-1,锈蚀钢筋,30,normal,支持曾遭雷击,30,1.5,0.149555
REP-021-2,锈蚀钢筋,30,normal,灰区/证据不足,1,1.5,1.343048
REP-021-2,锈蚀钢筋,30,normal,灰区/证据不足,2,1.5,1.264057
REP-021-2,锈蚀钢筋,30,normal,灰区/证据不足,3,1.5,1.188844
REP-021-2,锈蚀钢筋,30,normal,灰区/证据不足,4,1.5,1.130995
REP-021-2,锈蚀钢筋,30,normal,灰区/证据不足,5,1.5,1.111686
REP-021-2,锈蚀钢筋,30,normal,灰区/证据不足,6,1.5,1.072266
REP-021-2,锈蚀钢筋,30,normal,灰区/证据不足,7,1.5,0.978578
REP-021-2,锈蚀钢筋,30,normal,灰区/证据不足,8,1.5,0.891418
REP-021-2,锈蚀钢筋,30,normal,灰区/证据不足,9,1.5,0.810513
REP-021-2,锈蚀钢筋,30,normal,灰区/证据不足,10,1.5,0.76537
REP-021-2,锈蚀钢筋,30,normal,灰区/证据不足,11,1.5,0.708421
REP-021-2,锈蚀钢筋,30,normal,灰区/证据不足,12,1.5,0.680997
REP-021-2,锈蚀钢筋,30,normal,灰区/证据不足,13,1.5,0.630545
REP-021-2,锈蚀钢筋,30,normal,灰区/证据不足,14,1.5,0.600081
REP-021-2,锈蚀钢筋,30,normal,灰区/证据不足,15,1.5,0.554814
REP-021-2,锈蚀钢筋,30,normal,灰区/证据不足,16,1.5,0.518173
REP-021-2,锈蚀钢筋,30,normal,灰区/证据不足,17,1.5,0.469462
REP-021-2,锈蚀钢筋,30,normal,灰区/证据不足,18,1.5,0.423822
REP-021-2,锈蚀钢筋,30,normal,灰区/证据不足,19,1.5,0.396388
REP-021-2,锈蚀钢筋,30,normal,灰区/证据不足,20,1.5,0.371591
REP-021-2,锈蚀钢筋,30,normal,灰区/证据不足,21,1.5,0.342678
REP-021-2,锈蚀钢筋,30,normal,灰区/证据不足,22,1.5,0.315215
REP-021-2,锈蚀钢筋,30,normal,灰区/证据不足,23,1.5,0.283534
REP-021-2,锈蚀钢筋,30,normal,灰区/证据不足,24,1.5,0.25514
REP-021-2,锈蚀钢筋,30,normal,灰区/证据不足,25,1.5,0.229551
REP-021-2,锈蚀钢筋,30,normal,灰区/证据不足,26,1.5,0.213603
REP-021-2,锈蚀钢筋,30,normal,灰区/证据不足,27,1.5,0.1919
REP-021-2,锈蚀钢筋,30,normal,灰区/证据不足,28,1.5,0.179277
REP-021-2,锈蚀钢筋,30,normal,灰区/证据不足,29,1.5,0.166457
REP-021-2,锈蚀钢筋,30,normal,灰区/证据不足,30,1.5,0.149555
REP-021-3,锈蚀钢筋,30,normal,不支持曾遭雷击,1,1.5,1.343048
REP-021-3,锈蚀钢筋,30,normal,不支持曾遭雷击,2,1.5,1.264057
REP-021-3,锈蚀钢筋,30,normal,不支持曾遭雷击,3,1.5,1.188844
REP-021-3,锈蚀钢筋,30,normal,不支持曾遭雷击,4,1.5,1.130995
REP-021-3,锈蚀钢筋,30,normal,不支持曾遭雷击,5,1.5,1.111686
REP-021-3,锈蚀钢筋,30,normal,不支持曾遭雷击,6,1.5,1.072266
REP-021-3,锈蚀钢筋,30,normal,不支持曾遭雷击,7,1.5,0.978578
REP-021-3,锈蚀钢筋,30,normal,不支持曾遭雷击,8,1.5,0.891418
REP-021-3,锈蚀钢筋,30,normal,不支持曾遭雷击,9,1.5,0.810513
REP-021-3,锈蚀钢筋,30,normal,不支持曾遭雷击,10,1.5,0.76537
REP-021-3,锈蚀钢筋,30,normal,不支持曾遭雷击,11,1.5,0.708421
REP-021-3,锈蚀钢筋,30,normal,不支持曾遭雷击,12,1.5,0.680997
REP-021-3,锈蚀钢筋,30,normal,不支持曾遭雷击,13,1.5,0.630545
REP-021-3,锈蚀钢筋,30,normal,不支持曾遭雷击,14,1.5,0.600081
REP-021-3,锈蚀钢筋,30,normal,不支持曾遭雷击,15,1.5,0.554814
REP-021-3,锈蚀钢筋,30,normal,不支持曾遭雷击,16,1.5,0.518173
REP-021-3,锈蚀钢筋,30,normal,不支持曾遭雷击,17,1.5,0.469462
REP-021-3,锈蚀钢筋,30,normal,不支持曾遭雷击,18,1.5,0.423822
REP-021-3,锈蚀钢筋,30,normal,不支持曾遭雷击,19,1.5,0.396388
REP-021-3,锈蚀钢筋,30,normal,不支持曾遭雷击,20,1.5,0.371591
REP-021-3,锈蚀钢筋,30,normal,不支持曾遭雷击,21,1.5,0.342678
REP-021-3,锈蚀钢筋,30,normal,不支持曾遭雷击,22,1.5,0.315215
REP-021-3,锈蚀钢筋,30,normal,不支持曾遭雷击,23,1.5,0.283534
REP-021-3,锈蚀钢筋,30,normal,不支持曾遭雷击,24,1.5,0.25514
REP-021-3,锈蚀钢筋,30,normal,不支持曾遭雷击,25,1.5,0.229551
REP-021-3,锈蚀钢筋,30,normal,不支持曾遭雷击,26,1.5,0.213603
REP-021-3,锈蚀钢筋,30,normal,不支持曾遭雷击,27,1.5,0.1919
REP-021-3,锈蚀钢筋,30,normal,不支持曾遭雷击,28,1.5,0.179277
REP-021-3,锈蚀钢筋,30,normal,不支持曾遭雷击,29,1.5,0.166457
REP-021-3,锈蚀钢筋,30,normal,不支持曾遭雷击,30,1.5,0.149555
REP-022-1,锈蚀钢筋,30,humid_hot,支持曾遭雷击,1,1.5,1.367527
REP-022-1,锈蚀钢筋,30,humid_hot,支持曾遭雷击,2,1.5,1.33504
REP-022-1,锈蚀钢筋,30,humid_hot,支持曾遭雷击,3,1.5,1.310336
REP-022-1,锈蚀钢筋,30,humid_hot,支持曾遭雷击,4,1.5,1.273456
REP-022-1,锈蚀钢筋,30,humid_hot,支持曾遭雷击,5,1.5,1.163886
REP-022-1,锈蚀钢筋,30,humid_hot,支持曾遭雷击,6,1.5,1.062368
REP-022-1,锈蚀钢筋,30,humid_hot,支持曾遭雷击,7,1.5,0.998741
REP-022-1,锈蚀钢筋,30,humid_hot,支持曾遭雷击,8,1.5,0.998741
REP-022-1,锈蚀钢筋,30,humid_hot,支持曾遭雷击,9,1.5,0.89904
REP-022-1,锈蚀钢筋,30,humid_hot,支持曾遭雷击,10,1.5,0.816847
REP-022-1,锈蚀钢筋,30,humid_hot,支持曾遭雷击,11,1.5,0.782625
REP-022-1,锈蚀钢筋,30,humid_hot,支持曾遭雷击,12,1.5,0.781938
REP-022-1,锈蚀钢筋,30,humid_hot,支持曾遭雷击,13,1.5,0.781938
REP-022-1,锈蚀钢筋,30,humid_hot,支持曾遭雷击,14,1.5,0.777028
REP-022-1,锈蚀钢筋,30,humid_hot,支持曾遭雷击,15,1.5,0.767613
REP-022-1,锈蚀钢筋,30,humid_hot,支持曾遭雷击,16,1.5,0.699508
REP-022-1,锈蚀钢筋,30,humid_hot,支持曾遭雷击,17,1.5,0.63626
REP-022-1,锈蚀钢筋,30,humid_hot,支持曾遭雷击,18,1.5,0.577331
REP-022-1,锈蚀钢筋,30,humid_hot,支持曾遭雷击,19,1.5,0.542905
REP-022-1,锈蚀钢筋,30,humid_hot,支持曾遭雷击,20,1.5,0.532749
REP-022-1,锈蚀钢筋,30,humid_hot,支持曾遭雷击,21,1.5,0.483987
REP-022-1,锈蚀钢筋,30,humid_hot,支持曾遭雷击,22,1.5,0.438624
REP-022-1,锈蚀钢筋,30,humid_hot,支持曾遭雷击,23,1.5,0.396551
REP-022-1,锈蚀钢筋,30,humid_hot,支持曾遭雷击,24,1.5,0.359062
REP-022-1,锈蚀钢筋,30,humid_hot,支持曾遭雷击,25,1.5,0.325248
REP-022-1,锈蚀钢筋,30,humid_hot,支持曾遭雷击,26,1.5,0.294569
REP-022-1,锈蚀钢筋,30,humid_hot,支持曾遭雷击,27,1.5,0.266289
REP-022-1,锈蚀钢筋,30,humid_hot,支持曾遭雷击,28,1.5,0.240548
REP-022-1,锈蚀钢筋,30,humid_hot,支持曾遭雷击,29,1.5,0.226189
REP-022-1,锈蚀钢筋,30,humid_hot,支持曾遭雷击,30,1.5,0.212532
REP-022-2,锈蚀钢筋,30,humid_hot,灰区/证据不足,1,1.5,1.367527
REP-022-2,锈蚀钢筋,30,humid_hot,灰区/证据不足,2,1.5,1.33504
REP-022-2,锈蚀钢筋,30,humid_hot,灰区/证据不足,3,1.5,1.310336
REP-022-2,锈蚀钢筋,30,humid_hot,灰区/证据不足,4,1.5,1.273456
REP-022-2,锈蚀钢筋,30,humid_hot,灰区/证据不足,5,1.5,1.163886
REP-022-2,锈蚀钢筋,30,humid_hot,灰区/证据不足,6,1.5,1.062368
REP-022-2,锈蚀钢筋,30,humid_hot,灰区/证据不足,7,1.5,0.998741
REP-022-2,锈蚀钢筋,30,humid_hot,灰区/证据不足,8,1.5,0.998741
REP-022-2,锈蚀钢筋,30,humid_hot,灰区/证据不足,9,1.5,0.89904
REP-022-2,锈蚀钢筋,30,humid_hot,灰区/证据不足,10,1.5,0.816847
REP-022-2,锈蚀钢筋,30,humid_hot,灰区/证据不足,11,1.5,0.782625
REP-022-2,锈蚀钢筋,30,humid_hot,灰区/证据不足,12,1.5,0.781938
REP-022-2,锈蚀钢筋,30,humid_hot,灰区/证据不足,13,1.5,0.781938
REP-022-2,锈蚀钢筋,30,humid_hot,灰区/证据不足,14,1.5,0.777028
REP-022-2,锈蚀钢筋,30,humid_hot,灰区/证据不足,15,1.5,0.767613
REP-022-2,锈蚀钢筋,30,humid_hot,灰区/证据不足,16,1.5,0.699508
REP-022-2,锈蚀钢筋,30,humid_hot,灰区/证据不足,17,1.5,0.63626
REP-022-2,锈蚀钢筋,30,humid_hot,灰区/证据不足,18,1.5,0.577331
REP-022-2,锈蚀钢筋,30,humid_hot,灰区/证据不足,19,1.5,0.542905
REP-022-2,锈蚀钢筋,30,humid_hot,灰区/证据不足,20,1.5,0.532749
REP-022-2,锈蚀钢筋,30,humid_hot,灰区/证据不足,21,1.5,0.483987
REP-022-2,锈蚀钢筋,30,humid_hot,灰区/证据不足,22,1.5,0.438624
REP-022-2,锈蚀钢筋,30,humid_hot,灰区/证据不足,23,1.5,0.396551
REP-022-2,锈蚀钢筋,30,humid_hot,灰区/证据不足,24,1.5,0.359062
REP-022-2,锈蚀钢筋,30,humid_hot,灰区/证据不足,25,1.5,0.325248
REP-022-2,锈蚀钢筋,30,humid_hot,灰区/证据不足,26,1.5,0.294569
REP-022-2,锈蚀钢筋,30,humid_hot,灰区/证据不足,27,1.5,0.266289
REP-022-2,锈蚀钢筋,30,humid_hot,灰区/证据不足,28,1.5,0.240548
REP-022-2,锈蚀钢筋,30,humid_hot,灰区/证据不足,29,1.5,0.226189
REP-022-2,锈蚀钢筋,30,humid_hot,灰区/证据不足,30,1.5,0.212532
REP-022-3,锈蚀钢筋,30,humid_hot,不支持曾遭雷击,1,1.5,1.367527
REP-022-3,锈蚀钢筋,30,humid_hot,不支持曾遭雷击,2,1.5,1.33504
REP-022-3,锈蚀钢筋,30,humid_hot,不支持曾遭雷击,3,1.5,1.310336
REP-022-3,锈蚀钢筋,30,humid_hot,不支持曾遭雷击,4,1.5,1.273456
REP-022-3,锈蚀钢筋,30,humid_hot,不支持曾遭雷击,5,1.5,1.163886
REP-022-3,锈蚀钢筋,30,humid_hot,不支持曾遭雷击,6,1.5,1.062368
REP-022-3,锈蚀钢筋,30,humid_hot,不支持曾遭雷击,7,1.5,0.998741
REP-022-3,锈蚀钢筋,30,humid_hot,不支持曾遭雷击,8,1.5,0.998741
REP-022-3,锈蚀钢筋,30,humid_hot,不支持曾遭雷击,9,1.5,0.89904
REP-022-3,锈蚀钢筋,30,humid_hot,不支持曾遭雷击,10,1.5,0.816847
REP-022-3,锈蚀钢筋,30,humid_hot,不支持曾遭雷击,11,1.5,0.782625
REP-022-3,锈蚀钢筋,30,humid_hot,不支持曾遭雷击,12,1.5,0.781938
REP-022-3,锈蚀钢筋,30,humid_hot,不支持曾遭雷击,13,1.5,0.781938
REP-022-3,锈蚀钢筋,30,humid_hot,不支持曾遭雷击,14,1.5,0.777028
REP-022-3,锈蚀钢筋,30,humid_hot,不支持曾遭雷击,15,1.5,0.767613
REP-022-3,锈蚀钢筋,30,humid_hot,不支持曾遭雷击,16,1.5,0.699508
REP-022-3,锈蚀钢筋,30,humid_hot,不支持曾遭雷击,17,1.5,0.63626
REP-022-3,锈蚀钢筋,30,humid_hot,不支持曾遭雷击,18,1.5,0.577331
REP-022-3,锈蚀钢筋,30,humid_hot,不支持曾遭雷击,19,1.5,0.542905
REP-022-3,锈蚀钢筋,30,humid_hot,不支持曾遭雷击,20,1.5,0.532749
REP-022-3,锈蚀钢筋,30,humid_hot,不支持曾遭雷击,21,1.5,0.483987
REP-022-3,锈蚀钢筋,30,humid_hot,不支持曾遭雷击,22,1.5,0.438624
REP-022-3,锈蚀钢筋,30,humid_hot,不支持曾遭雷击,23,1.5,0.396551
REP-022-3,锈蚀钢筋,30,humid_hot,不支持曾遭雷击,24,1.5,0.359062
REP-022-3,锈蚀钢筋,30,humid_hot,不支持曾遭雷击,25,1.5,0.325248
REP-022-3,锈蚀钢筋,30,humid_hot,不支持曾遭雷击,26,1.5,0.294569
REP-022-3,锈蚀钢筋,30,humid_hot,不支持曾遭雷击,27,1.5,0.266289
REP-022-3,锈蚀钢筋,30,humid_hot,不支持曾遭雷击,28,1.5,0.240548
REP-022-3,锈蚀钢筋,30,humid_hot,不支持曾遭雷击,29,1.5,0.226189
REP-022-3,锈蚀钢筋,30,humid_hot,不支持曾遭雷击,30,1.5,0.212532
REP-023-1,锈蚀钢筋,60,normal,灰区/证据不足,1,1.5,1.352787
REP-023-1,锈蚀钢筋,60,normal,灰区/证据不足,2,1.5,1.352787
REP-023-1,锈蚀钢筋,60,normal,灰区/证据不足,3,1.5,1.261829
REP-023-1,锈蚀钢筋,60,normal,灰区/证据不足,4,1.5,1.130268
REP-023-1,锈蚀钢筋,60,normal,灰区/证据不足,5,1.5,1.026621
REP-023-1,锈蚀钢筋,60,normal,灰区/证据不足,6,1.5,0.93022
REP-023-1,锈蚀钢筋,60,normal,灰区/证据不足,7,1.5,0.867203
REP-023-1,锈蚀钢筋,60,normal,灰区/证据不足,8,1.5,0.802788
REP-023-1,锈蚀钢筋,60,normal,灰区/证据不足,9,1.5,0.744883
REP-023-1,锈蚀钢筋,60,normal,灰区/证据不足,10,1.5,0.684994
REP-023-1,锈蚀钢筋,60,normal,灰区/证据不足,11,1.5,0.620513
REP-023-1,锈蚀钢筋,60,normal,灰区/证据不足,12,1.5,0.579773
REP-023-1,锈蚀钢筋,60,normal,灰区/证据不足,13,1.5,0.539666
REP-023-1,锈蚀钢筋,60,normal,灰区/证据不足,14,1.5,0.487797
REP-023-1,锈蚀钢筋,60,normal,灰区/证据不足,15,1.5,0.440591
REP-023-1,锈蚀钢筋,60,normal,灰区/证据不足,16,1.5,0.403399
REP-023-1,锈蚀钢筋,60,normal,灰区/证据不足,17,1.5,0.375542
REP-023-1,锈蚀钢筋,60,normal,灰区/证据不足,18,1.5,0.349354
REP-023-1,锈蚀钢筋,60,normal,灰区/证据不足,19,1.5,0.328738
REP-023-1,锈蚀钢筋,60,normal,灰区/证据不足,20,1.5,0.31961
REP-023-1,锈蚀钢筋,60,normal,灰区/证据不足,21,1.5,0.304922
REP-023-1,锈蚀钢筋,60,normal,灰区/证据不足,22,1.5,0.275253
REP-023-1,锈蚀钢筋,60,normal,灰区/证据不足,23,1.5,0.248008
REP-023-1,锈蚀钢筋,60,normal,灰区/证据不足,24,1.5,0.223045
REP-023-1,锈蚀钢筋,60,normal,灰区/证据不足,25,1.5,0.208331
REP-023-1,锈蚀钢筋,60,normal,灰区/证据不足,26,1.5,0.190732
REP-023-1,锈蚀钢筋,60,normal,灰区/证据不足,27,1.5,0.181353
REP-023-1,锈蚀钢筋,60,normal,灰区/证据不足,28,1.5,0.16609
REP-023-1,锈蚀钢筋,60,normal,灰区/证据不足,29,1.5,0.156346
REP-023-1,锈蚀钢筋,60,normal,灰区/证据不足,30,1.5,0.14298
REP-023-1,锈蚀钢筋,60,normal,灰区/证据不足,31,1.5,0.132084
REP-023-1,锈蚀钢筋,60,normal,灰区/证据不足,32,1.5,0.118365
REP-023-1,锈蚀钢筋,60,normal,灰区/证据不足,33,1.5,0.105695
REP-023-1,锈蚀钢筋,60,normal,灰区/证据不足,34,1.5,0.097778
REP-023-1,锈蚀钢筋,60,normal,灰区/证据不足,35,1.5,0.090664
REP-023-1,锈蚀钢筋,60,normal,灰区/证据不足,36,1.5,0.0827
REP-023-1,锈蚀钢筋,60,normal,灰区/证据不足,37,1.5,0.075245
REP-023-1,锈蚀钢筋,60,normal,灰区/证据不足,38,1.5,0.066946
REP-023-1,锈蚀钢筋,60,normal,灰区/证据不足,39,1.5,0.059586
REP-023-1,锈蚀钢筋,60,normal,灰区/证据不足,40,1.5,0.053027
REP-023-1,锈蚀钢筋,60,normal,灰区/证据不足,41,1.5,0.048806
REP-023-1,锈蚀钢筋,60,normal,灰区/证据不足,42,1.5,0.04337
REP-023-1,锈蚀钢筋,60,normal,灰区/证据不足,43,1.5,0.040076
REP-023-1,锈蚀钢筋,60,normal,灰区/证据不足,44,1.5,0.036805
REP-023-1,锈蚀钢筋,60,normal,灰区/证据不足,45,1.5,0.032708
REP-023-1,锈蚀钢筋,60,normal,灰区/证据不足,46,1.5,0.029833
REP-023-1,锈蚀钢筋,60,normal,灰区/证据不足,47,1.5,0.028184
REP-023-1,锈蚀钢筋,60,normal,灰区/证据不足,48,1.5,0.02677
REP-023-1,锈蚀钢筋,60,normal,灰区/证据不足,49,1.5,0.025176
REP-023-1,锈蚀钢筋,60,normal,灰区/证据不足,50,1.5,0.022267
REP-023-1,锈蚀钢筋,60,normal,灰区/证据不足,51,1.5,0.019669
REP-023-1,锈蚀钢筋,60,normal,灰区/证据不足,52,1.5,0.017894
REP-023-1,锈蚀钢筋,60,normal,灰区/证据不足,53,1.5,0.017501
REP-023-1,锈蚀钢筋,60,normal,灰区/证据不足,54,1.5,0.015084
REP-023-1,锈蚀钢筋,60,normal,灰区/证据不足,55,1.5,0.013262
REP-023-1,锈蚀钢筋,60,normal,灰区/证据不足,56,1.5,0.012297
REP-023-1,锈蚀钢筋,60,normal,灰区/证据不足,57,1.5,0.011889
REP-023-1,锈蚀钢筋,60,normal,灰区/证据不足,58,1.5,0.011635
REP-023-1,锈蚀钢筋,60,normal,灰区/证据不足,59,1.5,0.011064
REP-023-1,锈蚀钢筋,60,normal,灰区/证据不足,60,1.5,0.010577
REP-024-1,锈蚀钢筋,60,humid_hot,灰区/证据不足,1,1.5,1.343048
REP-024-1,锈蚀钢筋,60,humid_hot,灰区/证据不足,2,1.5,1.264057
REP-024-1,锈蚀钢筋,60,humid_hot,灰区/证据不足,3,1.5,1.188844
REP-024-1,锈蚀钢筋,60,humid_hot,灰区/证据不足,4,1.5,1.130995
REP-024-1,锈蚀钢筋,60,humid_hot,灰区/证据不足,5,1.5,1.111686
REP-024-1,锈蚀钢筋,60,humid_hot,灰区/证据不足,6,1.5,1.072266
REP-024-1,锈蚀钢筋,60,humid_hot,灰区/证据不足,7,1.5,0.978578
REP-024-1,锈蚀钢筋,60,humid_hot,灰区/证据不足,8,1.5,0.891418
REP-024-1,锈蚀钢筋,60,humid_hot,灰区/证据不足,9,1.5,0.810513
REP-024-1,锈蚀钢筋,60,humid_hot,灰区/证据不足,10,1.5,0.76537
REP-024-1,锈蚀钢筋,60,humid_hot,灰区/证据不足,11,1.5,0.708421
REP-024-1,锈蚀钢筋,60,humid_hot,灰区/证据不足,12,1.5,0.680997
REP-024-1,锈蚀钢筋,60,humid_hot,灰区/证据不足,13,1.5,0.630545
REP-024-1,锈蚀钢筋,60,humid_hot,灰区/证据不足,14,1.5,0.600081
REP-024-1,锈蚀钢筋,60,humid_hot,灰区/证据不足,15,1.5,0.554814
REP-024-1,锈蚀钢筋,60,humid_hot,灰区/证据不足,16,1.5,0.518173
REP-024-1,锈蚀钢筋,60,humid_hot,灰区/证据不足,17,1.5,0.469462
REP-024-1,锈蚀钢筋,60,humid_hot,灰区/证据不足,18,1.5,0.423822
REP-024-1,锈蚀钢筋,60,humid_hot,灰区/证据不足,19,1.5,0.396388
REP-024-1,锈蚀钢筋,60,humid_hot,灰区/证据不足,20,1.5,0.371591
REP-024-1,锈蚀钢筋,60,humid_hot,灰区/证据不足,21,1.5,0.342678
REP-024-1,锈蚀钢筋,60,humid_hot,灰区/证据不足,22,1.5,0.315215
REP-024-1,锈蚀钢筋,60,humid_hot,灰区/证据不足,23,1.5,0.283534
REP-024-1,锈蚀钢筋,60,humid_hot,灰区/证据不足,24,1.5,0.25514
REP-024-1,锈蚀钢筋,60,humid_hot,灰区/证据不足,25,1.5,0.229551
REP-024-1,锈蚀钢筋,60,humid_hot,灰区/证据不足,26,1.5,0.213603
REP-024-1,锈蚀钢筋,60,humid_hot,灰区/证据不足,27,1.5,0.1919
REP-024-1,锈蚀钢筋,60,humid_hot,灰区/证据不足,28,1.5,0.179277
REP-024-1,锈蚀钢筋,60,humid_hot,灰区/证据不足,29,1.5,0.166457
REP-024-1,锈蚀钢筋,60,humid_hot,灰区/证据不足,30,1.5,0.149555
REP-024-1,锈蚀钢筋,60,humid_hot,灰区/证据不足,31,1.5,0.137909
REP-024-1,锈蚀钢筋,60,humid_hot,灰区/证据不足,32,1.5,0.131719
REP-024-1,锈蚀钢筋,60,humid_hot,灰区/证据不足,33,1.5,0.126484
REP-024-1,锈蚀钢筋,60,humid_hot,灰区/证据不足,34,1.5,0.120263
REP-024-1,锈蚀钢筋,60,humid_hot,灰区/证据不足,35,1.5,0.107537
REP-024-1,锈蚀钢筋,60,humid_hot,灰区/证据不足,36,1.5,0.096033
REP-024-1,锈蚀钢筋,60,humid_hot,灰区/证据不足,37,1.5,0.088327
REP-024-1,锈蚀钢筋,60,humid_hot,灰区/证据不足,38,1.5,0.087338
REP-024-1,锈蚀钢筋,60,humid_hot,灰区/证据不足,39,1.5,0.076106
REP-024-1,锈蚀钢筋,60,humid_hot,灰区/证据不足,40,1.5,0.067651
REP-024-1,锈蚀钢筋,60,humid_hot,灰区/证据不足,41,1.5,0.063414
REP-024-1,锈蚀钢筋,60,humid_hot,灰区/证据不足,42,1.5,0.061987
REP-024-1,锈蚀钢筋,60,humid_hot,灰区/证据不足,43,1.5,0.061332
REP-024-1,锈蚀钢筋,60,humid_hot,灰区/证据不足,44,1.5,0.058961
REP-024-1,锈蚀钢筋,60,humid_hot,灰区/证据不足,45,1.5,0.056986
REP-024-1,锈蚀钢筋,60,humid_hot,灰区/证据不足,46,1.5,0.050806
REP-024-1,锈蚀钢筋,60,humid_hot,灰区/证据不足,47,1.5,0.045212
REP-024-1,锈蚀钢筋,60,humid_hot,灰区/证据不足,48,1.5,0.040137
REP-024-1,锈蚀钢筋,60,humid_hot,灰区/证据不足,49,1.5,0.036927
REP-024-1,锈蚀钢筋,60,humid_hot,灰区/证据不足,50,1.5,0.035452
REP-024-1,锈蚀钢筋,60,humid_hot,灰区/证据不足,51,1.5,0.03151
REP-024-1,锈蚀钢筋,60,humid_hot,灰区/证据不足,52,1.5,0.027938
REP-024-1,锈蚀钢筋,60,humid_hot,灰区/证据不足,53,1.5,0.024712
REP-024-1,锈蚀钢筋,60,humid_hot,灰区/证据不足,54,1.5,0.021891
REP-024-1,锈蚀钢筋,60,humid_hot,灰区/证据不足,55,1.5,0.019401
REP-024-1,锈蚀钢筋,60,humid_hot,灰区/证据不足,56,1.5,0.01719
REP-024-1,锈蚀钢筋,60,humid_hot,灰区/证据不足,57,1.5,0.015204
REP-024-1,锈蚀钢筋,60,humid_hot,灰区/证据不足,58,1.5,0.013437
REP-024-1,锈蚀钢筋,60,humid_hot,灰区/证据不足,59,1.5,0.012361
REP-024-1,锈蚀钢筋,60,humid_hot,灰区/证据不足,60,1.5,0.011364
