sample_type,sample_id,delay_days,decision,warning_flag,support_probability,recheck_advice
小号铁钉,1,1,支持曾遭雷击,否,0.999833,recheck_with_site_evidence
小号铁钉,1,2,支持曾遭雷击,否,0.999685,recheck_with_site_evidence
小号铁钉,1,3,支持曾遭雷击,否,0.999438,recheck_with_site_evidence
小号铁钉,1,4,支持曾遭雷击,否,0.999539,recheck_with_site_evidence
小号铁钉,1,5,支持曾遭雷击,否,0.999644,recheck_with_site_evidence
小号铁钉,1,6,支持曾遭雷击,否,0.999636,recheck_with_site_evidence
小号铁钉,1,7,支持曾遭雷击,否,0.999678,recheck_with_site_evidence
小号铁钉,1,8,支持曾遭雷击,否,0.999635,recheck_with_site_evidence
小号铁钉,1,9,支持曾遭雷击,否,0.999703,recheck_with_site_evidence
小号铁钉,1,10,支持曾遭雷击,否,0.999822,recheck_with_site_evidence
小号铁钉,1,11,支持曾遭雷击,否,0.999915,recheck_with_site_evidence
小号铁钉,1,12,支持曾遭雷击,否,0.999956,recheck_with_site_evidence
小号铁钉,1,13,支持曾遭雷击,否,0.999899,recheck_with_site_evidence
小号铁钉,1,14,支持曾遭雷击,否,0.999895,recheck_with_site_evidence
小号铁钉,1,15,支持曾遭雷击,否,0.999913,recheck_with_site_evidence
小号铁钉,1,22,支持曾遭雷击,否,0.99917,recheck_with_site_evidence
小号铁钉,1,30,支持曾遭雷击,否,0.999525,recheck_with_site_evidence
小号铁钉,1,37,支持曾遭雷击,否,0.999412,recheck_with_site_evidence
小号铁钉,1,44,灰区/证据不足,是,0.999663,delay_too_long_add_other_evidence
小号铁钉,1,51,灰区/证据不足,是,0.999958,delay_too_long_add_other_evidence
小号铁钉,1,58,灰区/证据不足,是,0.999253,delay_too_long_add_other_evidence
小号铁钉,1,90,灰区/证据不足,是,0.999679,delay_too_long_add_other_evidence
小号铁钉,2,1,支持曾遭雷击,否,1.0,recheck_with_site_evidence
小号铁钉,2,2,支持曾遭雷击,否,1.0,recheck_with_site_evidence
小号铁钉,2,3,支持曾遭雷击,否,1.0,recheck_with_site_evidence
小号铁钉,2,4,支持曾遭雷击,否,1.0,recheck_with_site_evidence
小号铁钉,2,5,支持曾遭雷击,否,1.0,recheck_with_site_evidence
小号铁钉,2,6,支持曾遭雷击,否,1.0,recheck_with_site_evidence
小号铁钉,2,7,支持曾遭雷击,否,1.0,recheck_with_site_evidence
小号铁钉,2,8,支持曾遭雷击,否,1.0,recheck_with_site_evidence
小号铁钉,2,9,支持曾遭雷击,否,1.0,recheck_with_site_evidence
小号铁钉,2,10,支持曾遭雷击,否,1.0,recheck_with_site_evidence
小号铁钉,2,11,支持曾遭雷击,否,1.0,recheck_with_site_evidence
小号铁钉,2,12,支持曾遭雷击,否,1.0,recheck_with_site_evidence
小号铁钉,2,13,支持曾遭雷击,否,1.0,recheck_with_site_evidence
小号铁钉,2,14,支持曾遭雷击,否,1.0,recheck_with_site_evidence
小号铁钉,2,15,支持曾遭雷击,否,1.0,recheck_with_site_evidence
小号铁钉,2,22,支持曾遭雷击,否,1.0,recheck_with_site_evidence
小号铁钉,2,30,支持曾遭雷击,否,1.0,recheck_with_site_evidence
小号铁钉,2,37,支持曾遭雷击,否,1.0,recheck_with_site_evidence
小号铁钉,2,44,灰区/证据不足,是,1.0,delay_too_long_add_other_evidence
小号铁钉,2,51,灰区/证据不足,是,1.0,delay_too_long_add_other_evidence
小号铁钉,2,58,灰区/证据不足,是,1.0,delay_too_long_add_other_evidence
小号铁钉,2,90,灰区/证据不足,是,1.0,delay_too_long_add_other_evidence
小号铁钉,3,1,支持曾遭雷击,否,1.0,recheck_with_site_evidence
小号铁钉,3,2,支持曾遭雷击,否,1.0,recheck_with_site_evidence
小号铁钉,3,3,支持曾遭雷击,否,1.0,recheck_with_site_evidence
小号铁钉,3,4,支持曾遭雷击,否,1.0,recheck_with_site_evidence
小号铁钉,3,5,支持曾遭雷击,否,1.0,recheck_with_site_evidence
小号铁钉,3,6,支持曾遭雷击,否,1.0,recheck_with_site_evidence
小号铁钉,3,7,支持曾遭雷击,否,1.0,recheck_with_site_evidence
小号铁钉,3,8,支持曾遭雷击,否,1.0,recheck_with_site_evidence
小号铁钉,3,9,支持曾遭雷击,否,1.0,recheck_with_site_evidence
小号铁钉,3,10,支持曾遭雷击,否,1.0,recheck_with_site_evidence
小号铁钉,3,11,支持曾遭雷击,否,1.0,recheck_with_site_evidence
小号铁钉,3,12,支持曾遭雷击,否,1.0,recheck_with_site_evidence
小号铁钉,3,13,支持曾遭雷击,否,1.0,recheck_with_site_evidence
小号铁钉,3,14,支持曾遭雷击,否,1.0,recheck_with_site_evidence
小号铁钉,3,15,支持曾遭雷击,否,1.0,recheck_with_site_evidence
小号铁钉,3,22,支持曾遭雷击,否,0.999999,recheck_with_site_evidence
小号铁钉,3,30,支持曾遭雷击,否,1.0,recheck_with_site_evidence
小号铁钉,3,37,支持曾遭雷击,否,1.0,recheck_with_site_evidence
小号铁钉,3,44,灰区/证据不足,是,1.0,delay_too_long_add_other_evidence
小号铁钉,3,51,灰区/证据不足,是,1.0,delay_too_long_add_other_evidence
小号铁钉,3,58,灰区/证据不足,是,0.999999,delay_too_long_add_other_evidence
小号铁钉,3,90,灰区/证据不足,是,1.0,delay_too_long_add_other_evidence
小号铁钉,4,1,支持曾遭雷击,否,0.999999,recheck_with_site_evidence
小号铁钉,4,2,支持曾遭雷击,否,0.999997,recheck_with_site_evidence
小号铁钉,4,3,支持曾遭雷击,否,0.999993,recheck_with_site_evidence
小号铁钉,4,4,支持曾遭雷击,否,0.999995,recheck_with_site_evidence
小号铁钉,4,5,支持曾遭雷击,否,0.999996,recheck_with_site_evidence
小号铁钉,4,6,支持曾遭雷击,否,0.999996,recheck_with_site_evidence
小号铁钉,4,7,支持曾遭雷击,否,0.999997,recheck_with_site_evidence
小号铁钉,4,8,支持曾遭雷击,否,0.999996,recheck_with_site_evidence
小号铁钉,4,9,支持曾遭雷击,否,0.999997,recheck_with_site_evidence
小号铁钉,4,10,支持曾遭雷击,否,0.999999,recheck_with_site_evidence
小号铁钉,4,11,支持曾遭雷击,否,1.0,recheck_with_site_evidence
小号铁钉,4,12,支持曾遭雷击,否,1.0,recheck_with_site_evidence
小号铁钉,4,13,支持曾遭雷击,否,0.999999,recheck_with_site_evidence
小号铁钉,4,14,支持曾遭雷击,否,0.999999,recheck_with_site_evidence
小号铁钉,4,15,支持曾遭雷击,否,1.0,recheck_with_site_evidence
小号铁钉,4,22,支持曾遭雷击,否,0.999987,recheck_with_site_evidence
小号铁钉,4,30,支持曾遭雷击,否,0.999995,recheck_with_site_evidence
小号铁钉,4,37,支持曾遭雷击,否,0.999992,recheck_with_site_evidence
小号铁钉,4,44,灰区/证据不足,是,0.999997,delay_too_long_add_other_evidence
小号铁钉,4,51,灰区/证据不足,是,1.0,delay_too_long_add_other_evidence
小号铁钉,4,58,灰区/证据不足,是,0.99999,delay_too_long_add_other_evidence
小号铁钉,4,90,灰区/证据不足,是,0.999998,delay_too_long_add_other_evidence
小号铁钉,5,1,支持曾遭雷击,否,0.992597,recheck_with_site_evidence
小号铁钉,5,2,支持曾遭雷击,否,0.989204,recheck_with_site_evidence
小号铁钉,5,3,支持曾遭雷击,否,0.984786,recheck_with_site_evidence
小号铁钉,5,4,支持曾遭雷击,否,0.986481,recheck_with_site_evidence
小号铁钉,5,5,支持曾遭雷击,否,0.988399,recheck_with_site_evidence
小号铁钉,5,6,支持曾遭雷击,否,0.988242,recheck_with_site_evidence
小号铁钉,5,7,支持曾遭雷击,否,0.989066,recheck_with_site_evidence
小号铁钉,5,8,支持曾遭雷击,否,0.988221,recheck_with_site_evidence
小号铁钉,5,9,支持曾遭雷击,否,0.989565,recheck_with_site_evidence
小号铁钉,5,10,支持曾遭雷击,否,0.992331,recheck_with_site_evidence
小号铁钉,5,11,支持曾遭雷击,否,0.995076,recheck_with_site_evidence
小号铁钉,5,12,支持曾遭雷击,否,0.996694,recheck_with_site_evidence
小号铁钉,5,13,支持曾遭雷击,否,0.994517,recheck_with_site_evidence
小号铁钉,5,14,支持曾遭雷击,否,0.994392,recheck_with_site_evidence
小号铁钉,5,15,支持曾遭雷击,否,0.995008,recheck_with_site_evidence
小号铁钉,5,22,支持曾遭雷击,否,0.980896,recheck_with_site_evidence
小号铁钉,5,30,支持曾遭雷击,否,0.986215,recheck_with_site_evidence
小号铁钉,5,37,支持曾遭雷击,否,0.984399,recheck_with_site_evidence
小号铁钉,5,44,灰区/证据不足,是,0.988859,delay_too_long_add_other_evidence
小号铁钉,5,51,灰区/证据不足,是,0.996822,delay_too_long_add_other_evidence
小号铁钉,5,58,灰区/证据不足,是,0.982678,delay_too_long_add_other_evidence
小号铁钉,5,90,灰区/证据不足,是,0.995396,delay_too_long_add_other_evidence
小号铁钉,6,1,支持曾遭雷击,否,0.992591,recheck_with_site_evidence
小号铁钉,6,2,支持曾遭雷击,否,0.989195,recheck_with_site_evidence
小号铁钉,6,3,支持曾遭雷击,否,0.984786,recheck_with_site_evidence
小号铁钉,6,4,支持曾遭雷击,否,0.986469,recheck_with_site_evidence
小号铁钉,6,5,支持曾遭雷击,否,0.988399,recheck_with_site_evidence
小号铁钉,6,6,支持曾遭雷击,否,0.988242,recheck_with_site_evidence
小号铁钉,6,7,支持曾遭雷击,否,0.989055,recheck_with_site_evidence
小号铁钉,6,8,支持曾遭雷击,否,0.988221,recheck_with_site_evidence
小号铁钉,6,9,支持曾遭雷击,否,0.989565,recheck_with_site_evidence
小号铁钉,6,10,支持曾遭雷击,否,0.992331,recheck_with_site_evidence
小号铁钉,6,11,支持曾遭雷击,否,0.995076,recheck_with_site_evidence
小号铁钉,6,12,支持曾遭雷击,否,0.996694,recheck_with_site_evidence
小号铁钉,6,13,支持曾遭雷击,否,0.994517,recheck_with_site_evidence
小号铁钉,6,14,支持曾遭雷击,否,0.994382,recheck_with_site_evidence
小号铁钉,6,15,支持曾遭雷击,否,0.995008,recheck_with_site_evidence
小号铁钉,6,22,支持曾遭雷击,否,0.980843,recheck_with_site_evidence
小号铁钉,6,30,支持曾遭雷击,否,0.986215,recheck_with_site_evidence
小号铁钉,6,37,支持曾遭雷击,否,0.984399,recheck_with_site_evidence
小号铁钉,6,44,灰区/证据不足,是,0.988859,delay_too_long_add_other_evidence
小号铁钉,6,51,灰区/证据不足,是,0.996822,delay_too_long_add_other_evidence
小号铁钉,6,58,灰区/证据不足,是,0.982678,delay_too_long_add_other_evidence
小号铁钉,6,90,灰区/证据不足,是,0.995396,delay_too_long_add_other_evidence
小号铁钉,7,1,灰区/证据不足,否,0.971978,recheck_with_site_evidence
小号铁钉,7,2,灰区/证据不足,否,0.962853,recheck_with_site_evidence
小号铁钉,7,3,灰区/证据不足,否,0.952086,recheck_with_site_evidence
小号铁钉,7,4,灰区/证据不足,否,0.956091,recheck_with_site_evidence
小号铁钉,7,5,灰区/证据不足,否,0.960824,recheck_with_site_evidence
小号铁钉,7,6,灰区/证据不足,否,0.960441,recheck_with_site_evidence
小号铁钉,7,7,灰区/证据不足,否,0.962517,recheck_with_site_evidence
小号铁钉,7,8,灰区/证据不足,否,0.960374,recheck_with_site_evidence
小号铁钉,7,9,灰区/证据不足,否,0.963794,recheck_with_site_evidence
小号铁钉,7,10,灰区/证据不足,否,0.971222,recheck_with_site_evidence
小号铁钉,7,11,支持曾遭雷击,否,0.979371,recheck_with_site_evidence
小号铁钉,7,12,支持曾遭雷击,否,0.984692,recheck_with_site_evidence
小号铁钉,7,13,支持曾遭雷击,否,0.977641,recheck_with_site_evidence
小号铁钉,7,14,支持曾遭雷击,否,0.977209,recheck_with_site_evidence
小号铁钉,7,15,支持曾遭雷击,否,0.979142,recheck_with_site_evidence
小号铁钉,7,22,灰区/证据不足,否,0.943159,recheck_with_site_evidence
小号铁钉,7,30,灰区/证据不足,否,0.955581,recheck_with_site_evidence
小号铁钉,7,37,灰区/证据不足,否,0.951164,recheck_with_site_evidence
小号铁钉,7,44,灰区/证据不足,是,0.962003,delay_too_long_add_other_evidence
小号铁钉,7,51,灰区/证据不足,是,0.985186,delay_too_long_add_other_evidence
小号铁钉,7,58,灰区/证据不足,是,0.945528,delay_too_long_add_other_evidence
小号铁钉,7,90,灰区/证据不足,是,0.962286,delay_too_long_add_other_evidence
小号铁钉,8,1,支持曾遭雷击,否,1.0,recheck_with_site_evidence
小号铁钉,8,2,支持曾遭雷击,否,1.0,recheck_with_site_evidence
小号铁钉,8,3,支持曾遭雷击,否,1.0,recheck_with_site_evidence
小号铁钉,8,4,支持曾遭雷击,否,1.0,recheck_with_site_evidence
小号铁钉,8,5,支持曾遭雷击,否,1.0,recheck_with_site_evidence
小号铁钉,8,6,支持曾遭雷击,否,1.0,recheck_with_site_evidence
小号铁钉,8,7,支持曾遭雷击,否,1.0,recheck_with_site_evidence
小号铁钉,8,8,支持曾遭雷击,否,1.0,recheck_with_site_evidence
小号铁钉,8,9,支持曾遭雷击,否,1.0,recheck_with_site_evidence
小号铁钉,8,10,支持曾遭雷击,否,1.0,recheck_with_site_evidence
小号铁钉,8,11,支持曾遭雷击,否,1.0,recheck_with_site_evidence
小号铁钉,8,12,支持曾遭雷击,否,1.0,recheck_with_site_evidence
小号铁钉,8,13,支持曾遭雷击,否,1.0,recheck_with_site_evidence
小号铁钉,8,14,支持曾遭雷击,否,1.0,recheck_with_site_evidence
小号铁钉,8,15,支持曾遭雷击,否,1.0,recheck_with_site_evidence
小号铁钉,8,22,支持曾遭雷击,否,1.0,recheck_with_site_evidence
小号铁钉,8,30,支持曾遭雷击,否,1.0,recheck_with_site_evidence
小号铁钉,8,37,支持曾遭雷击,否,1.0,recheck_with_site_evidence
小号铁钉,8,44,灰区/证据不足,是,1.0,delay_too_long_add_other_evidence
小号铁钉,8,51,灰区/证据不足,是,1.0,delay_too_long_add_other_evidence
小号铁钉,8,58,灰区/证据不足,是,1.0,delay_too_long_add_other_evidence
小号铁钉,8,90,灰区/证据不足,是,1.0,delay_too_long_add_other_evidence
小号铁钉,9,1,支持曾遭雷击,否,0.999999,recheck_with_site_evidence
小号铁钉,9,2,支持曾遭雷击,否,0.999997,recheck_with_site_evidence
小号铁钉,9,3,支持曾遭雷击,否,0.999993,recheck_with_site_evidence
小号铁钉,9,4,支持曾遭雷击,否,0.999995,recheck_with_site_evidence
小号铁钉,9,5,支持曾遭雷击,否,0.999997,recheck_with_site_evidence
小号铁钉,9,6,支持曾遭雷击,否,0.999997,recheck_with_site_evidence
小号铁钉,9,7,支持曾遭雷击,否,0.999997,recheck_with_site_evidence
小号铁钉,9,8,支持曾遭雷击,否,0.999997,recheck_with_site_evidence
小号铁钉,9,9,支持曾遭雷击,否,0.999997,recheck_with_site_evidence
小号铁钉,9,10,支持曾遭雷击,否,0.999999,recheck_with_site_evidence
小号铁钉,9,11,支持曾遭雷击,否,1.0,recheck_with_site_evidence
小号铁钉,9,12,支持曾遭雷击,否,1.0,recheck_with_site_evidence
小号铁钉,9,13,支持曾遭雷击,否,0.999999,recheck_with_site_evidence
小号铁钉,9,14,支持曾遭雷击,否,0.999999,recheck_with_site_evidence
小号铁钉,9,15,支持曾遭雷击,否,1.0,recheck_with_site_evidence
小号铁钉,9,22,支持曾遭雷击,否,0.999988,recheck_with_site_evidence
小号铁钉,9,30,支持曾遭雷击,否,0.999995,recheck_with_site_evidence
小号铁钉,9,37,支持曾遭雷击,否,0.999993,recheck_with_site_evidence
小号铁钉,9,44,灰区/证据不足,是,0.999997,delay_too_long_add_other_evidence
小号铁钉,9,51,灰区/证据不足,是,1.0,delay_too_long_add_other_evidence
小号铁钉,9,58,灰区/证据不足,是,0.99999,delay_too_long_add_other_evidence
小号铁钉,9,90,灰区/证据不足,是,0.999998,delay_too_long_add_other_evidence
小号铁钉,10,1,支持曾遭雷击,否,1.0,recheck_with_site_evidence
小号铁钉,10,2,支持曾遭雷击,否,1.0,recheck_with_site_evidence
小号铁钉,10,3,支持曾遭雷击,否,0.999999,recheck_with_site_evidence
小号铁钉,10,4,支持曾遭雷击,否,1.0,recheck_with_site_evidence
小号铁钉,10,5,支持曾遭雷击,否,1.0,recheck_with_site_evidence
小号铁钉,10,6,支持曾遭雷击,否,1.0,recheck_with_site_evidence
小号铁钉,10,7,支持曾遭雷击,否,1.0,recheck_with_site_evidence
小号铁钉,10,8,支持曾遭雷击,否,1.0,recheck_with_site_evidence
小号铁钉,10,9,支持曾遭雷击,否,1.0,recheck_with_site_evidence
小号铁钉,10,10,支持曾遭雷击,否,1.0,recheck_with_site_evidence
小号铁钉,10,11,支持曾遭雷击,否,1.0,recheck_with_site_evidence
小号铁钉,10,12,支持曾遭雷击,否,1.0,recheck_with_site_evidence
小号铁钉,10,13,支持曾遭雷击,否,1.0,recheck_with_site_evidence
小号铁钉,10,14,支持曾遭雷击,否,1.0,recheck_with_site_evidence
小号铁钉,10,15,支持曾遭雷击,否,1.0,recheck_with_site_evidence
小号铁钉,10,22,支持曾遭雷击,否,0.999999,recheck_with_site_evidence
小号铁钉,10,30,支持曾遭雷击,否,1.0,recheck_with_site_evidence
小号铁钉,10,37,支持曾遭雷击,否,0.999999,recheck_with_site_evidence
小号铁钉,10,44,灰区/证据不足,是,1.0,delay_too_long_add_other_evidence
小号铁钉,10,51,灰区/证据不足,是,1.0,delay_too_long_add_other_evidence
小号铁钉,10,58,灰区/证据不足,是,0.999999,delay_too_long_add_other_evidence
小号铁钉,10,90,灰区/证据不足,是,1.0,delay_too_long_add_other_evidence
小号铁钉,11,1,灰区/证据不足,否,0.956156,recheck_with_site_evidence
小号铁钉,11,2,灰区/证据不足,否,0.943761,recheck_with_site_evidence
小号铁钉,11,3,灰区/证据不足,否,0.929646,recheck_with_site_evidence
小号铁钉,11,4,灰区/证据不足,否,0.934823,recheck_with_site_evidence
小号铁钉,11,5,灰区/证据不足,否,0.941085,recheck_with_site_evidence
小号铁钉,11,6,灰区/证据不足,否,0.940553,recheck_with_site_evidence
小号铁钉,11,7,灰区/证据不足,否,0.943316,recheck_with_site_evidence
小号铁钉,11,8,灰区/证据不足,否,0.940493,recheck_with_site_evidence
小号铁钉,11,9,灰区/证据不足,否,0.945034,recheck_with_site_evidence
小号铁钉,11,10,灰区/证据不足,否,0.955132,recheck_with_site_evidence
小号铁钉,11,11,灰区/证据不足,否,0.966538,recheck_with_site_evidence
小号铁钉,11,12,灰区/证据不足,否,0.97431,recheck_with_site_evidence
小号铁钉,11,13,灰区/证据不足,否,0.96405,recheck_with_site_evidence
小号铁钉,11,14,灰区/证据不足,否,0.963474,recheck_with_site_evidence
小号铁钉,11,15,灰区/证据不足,否,0.966227,recheck_with_site_evidence
小号铁钉,11,22,灰区/证据不足,否,0.918324,recheck_with_site_evidence
小号铁钉,11,30,灰区/证据不足,否,0.934185,recheck_with_site_evidence
小号铁钉,11,37,灰区/证据不足,否,0.928269,recheck_with_site_evidence
小号铁钉,11,44,灰区/证据不足,是,0.942684,delay_too_long_add_other_evidence
小号铁钉,11,51,灰区/证据不足,是,0.974628,delay_too_long_add_other_evidence
小号铁钉,11,58,灰区/证据不足,是,0.920814,delay_too_long_add_other_evidence
小号铁钉,11,90,灰区/证据不足,是,0.962286,delay_too_long_add_other_evidence
小号铁钉,12,1,支持曾遭雷击,否,1.0,recheck_with_site_evidence
小号铁钉,12,2,支持曾遭雷击,否,1.0,recheck_with_site_evidence
小号铁钉,12,3,支持曾遭雷击,否,1.0,recheck_with_site_evidence
小号铁钉,12,4,支持曾遭雷击,否,1.0,recheck_with_site_evidence
小号铁钉,12,5,支持曾遭雷击,否,1.0,recheck_with_site_evidence
小号铁钉,12,6,支持曾遭雷击,否,1.0,recheck_with_site_evidence
小号铁钉,12,7,支持曾遭雷击,否,1.0,recheck_with_site_evidence
小号铁钉,12,8,支持曾遭雷击,否,1.0,recheck_with_site_evidence
小号铁钉,12,9,支持曾遭雷击,否,1.0,recheck_with_site_evidence
小号铁钉,12,10,支持曾遭雷击,否,1.0,recheck_with_site_evidence
小号铁钉,12,11,支持曾遭雷击,否,1.0,recheck_with_site_evidence
小号铁钉,12,12,支持曾遭雷击,否,1.0,recheck_with_site_evidence
小号铁钉,12,13,支持曾遭雷击,否,1.0,recheck_with_site_evidence
小号铁钉,12,14,支持曾遭雷击,否,1.0,recheck_with_site_evidence
小号铁钉,12,15,支持曾遭雷击,否,1.0,recheck_with_site_evidence
小号铁钉,12,22,支持曾遭雷击,否,1.0,recheck_with_site_evidence
小号铁钉,12,30,支持曾遭雷击,否,1.0,recheck_with_site_evidence
小号铁钉,12,37,支持曾遭雷击,否,1.0,recheck_with_site_evidence
小号铁钉,12,44,灰区/证据不足,是,1.0,delay_too_long_add_other_evidence
小号铁钉,12,51,灰区/证据不足,是,1.0,delay_too_long_add_other_evidence
小号铁钉,12,58,灰区/证据不足,是,1.0,delay_too_long_add_other_evidence
小号铁钉,12,90,灰区/证据不足,是,1.0,delay_too_long_add_other_evidence
小号铁钉,13,1,支持曾遭雷击,否,1.0,recheck_with_site_evidence
小号铁钉,13,2,支持曾遭雷击,否,1.0,recheck_with_site_evidence
小号铁钉,13,3,支持曾遭雷击,否,1.0,recheck_with_site_evidence
小号铁钉,13,4,支持曾遭雷击,否,1.0,recheck_with_site_evidence
小号铁钉,13,5,支持曾遭雷击,否,1.0,recheck_with_site_evidence
小号铁钉,13,6,支持曾遭雷击,否,1.0,recheck_with_site_evidence
小号铁钉,13,7,支持曾遭雷击,否,1.0,recheck_with_site_evidence
小号铁钉,13,8,支持曾遭雷击,否,1.0,recheck_with_site_evidence
小号铁钉,13,9,支持曾遭雷击,否,1.0,recheck_with_site_evidence
小号铁钉,13,10,支持曾遭雷击,否,1.0,recheck_with_site_evidence
小号铁钉,13,11,支持曾遭雷击,否,1.0,recheck_with_site_evidence
小号铁钉,13,12,支持曾遭雷击,否,1.0,recheck_with_site_evidence
小号铁钉,13,13,支持曾遭雷击,否,1.0,recheck_with_site_evidence
小号铁钉,13,14,支持曾遭雷击,否,1.0,recheck_with_site_evidence
小号铁钉,13,15,支持曾遭雷击,否,1.0,recheck_with_site_evidence
小号铁钉,13,22,支持曾遭雷击,否,1.0,recheck_with_site_evidence
小号铁钉,13,30,支持曾遭雷击,否,1.0,recheck_with_site_evidence
小号铁钉,13,37,支持曾遭雷击,否,1.0,recheck_with_site_evidence
小号铁钉,13,44,灰区/证据不足,是,1.0,delay_too_long_add_other_evidence
小号铁钉,13,51,灰区/证据不足,是,1.0,delay_too_long_add_other_evidence
小号铁钉,13,58,灰区/证据不足,是,1.0,delay_too_long_add_other_evidence
小号铁钉,13,90,灰区/证据不足,是,1.0,delay_too_long_add_other_evidence
小号铁钉,14,1,支持曾遭雷击,否,0.996897,recheck_with_site_evidence
小号铁钉,14,2,支持曾遭雷击,否,0.99519,recheck_with_site_evidence
小号铁钉,14,3,支持曾遭雷击,否,0.992839,recheck_with_site_evidence
小号铁钉,14,4,支持曾遭雷击,否,0.993755,recheck_with_site_evidence
小号铁钉,14,5,支持曾遭雷击,否,0.994779,recheck_with_site_evidence
小号铁钉,14,6,支持曾遭雷击,否,0.994691,recheck_with_site_evidence
小号铁钉,14,7,支持曾遭雷击,否,0.995123,recheck_with_site_evidence
小号铁钉,14,8,支持曾遭雷击,否,0.994681,recheck_with_site_evidence
小号铁钉,14,9,支持曾遭雷击,否,0.995379,recheck_with_site_evidence
小号铁钉,14,10,支持曾遭雷击,否,0.996767,recheck_with_site_evidence
小号铁钉,14,11,支持曾遭雷击,否,0.998068,recheck_with_site_evidence
小号铁钉,14,12,支持曾遭雷击,否,0.99878,recheck_with_site_evidence
小号铁钉,14,13,支持曾遭雷击,否,0.997812,recheck_with_site_evidence
小号铁钉,14,14,支持曾遭雷击,否,0.997751,recheck_with_site_evidence
小号铁钉,14,15,支持曾遭雷击,否,0.998035,recheck_with_site_evidence
小号铁钉,14,22,支持曾遭雷击,否,0.990652,recheck_with_site_evidence
小号铁钉,14,30,支持曾遭雷击,否,0.993625,recheck_with_site_evidence
小号铁钉,14,37,支持曾遭雷击,否,0.99262,recheck_with_site_evidence
小号铁钉,14,44,灰区/证据不足,是,0.994999,delay_too_long_add_other_evidence
小号铁钉,14,51,灰区/证据不足,是,0.998812,delay_too_long_add_other_evidence
小号铁钉,14,58,灰区/证据不足,是,0.991487,delay_too_long_add_other_evidence
小号铁钉,14,90,灰区/证据不足,是,0.995396,delay_too_long_add_other_evidence
小号铁钉,15,1,支持曾遭雷击,否,0.994983,recheck_with_site_evidence
小号铁钉,15,2,支持曾遭雷击,否,0.992479,recheck_with_site_evidence
小号铁钉,15,3,支持曾遭雷击,否,0.989142,recheck_with_site_evidence
小号铁钉,15,4,支持曾遭雷击,否,0.990425,recheck_with_site_evidence
小号铁钉,15,5,支持曾遭雷击,否,0.991879,recheck_with_site_evidence
小号铁钉,15,6,支持曾遭雷击,否,0.991758,recheck_with_site_evidence
小号铁钉,15,7,支持曾遭雷击,否,0.992381,recheck_with_site_evidence
小号铁钉,15,8,支持曾遭雷击,否,0.991745,recheck_with_site_evidence
小号铁钉,15,9,支持曾遭雷击,否,0.992746,recheck_with_site_evidence
小号铁钉,15,10,支持曾遭雷击,否,0.994793,recheck_with_site_evidence
小号铁钉,15,11,支持曾遭雷击,否,0.996763,recheck_with_site_evidence
小号铁钉,15,12,支持曾遭雷击,否,0.997883,recheck_with_site_evidence
小号铁钉,15,13,支持曾遭雷击,否,0.996369,recheck_with_site_evidence
小号铁钉,15,14,支持曾遭雷击,否,0.99627,recheck_with_site_evidence
小号铁钉,15,15,支持曾遭雷击,否,0.996716,recheck_with_site_evidence
小号铁钉,15,22,支持曾遭雷击,否,0.986112,recheck_with_site_evidence
小号铁钉,15,30,支持曾遭雷击,否,0.990268,recheck_with_site_evidence
小号铁钉,15,37,支持曾遭雷击,否,0.988841,recheck_with_site_evidence
小号铁钉,15,44,灰区/证据不足,是,0.992169,delay_too_long_add_other_evidence
小号铁钉,15,51,灰区/证据不足,是,0.997972,delay_too_long_add_other_evidence
小号铁钉,15,58,灰区/证据不足,是,0.987422,delay_too_long_add_other_evidence
小号铁钉,15,90,灰区/证据不足,是,0.995396,delay_too_long_add_other_evidence
小号铁钉,16,1,支持曾遭雷击,否,0.995104,recheck_with_site_evidence
小号铁钉,16,2,支持曾遭雷击,否,0.992649,recheck_with_site_evidence
小号铁钉,16,3,支持曾遭雷击,否,0.98937,recheck_with_site_evidence
小号铁钉,16,4,支持曾遭雷击,否,0.990633,recheck_with_site_evidence
小号铁钉,16,5,支持曾遭雷击,否,0.992065,recheck_with_site_evidence
小号铁钉,16,6,支持曾遭雷击,否,0.991939,recheck_with_site_evidence
小号铁钉,16,7,支持曾遭雷击,否,0.992543,recheck_with_site_evidence
小号铁钉,16,8,支持曾遭雷击,否,0.991928,recheck_with_site_evidence
小号铁钉,16,9,支持曾遭雷击,否,0.992911,recheck_with_site_evidence
小号铁钉,16,10,支持曾遭雷击,否,0.994912,recheck_with_site_evidence
小号铁钉,16,11,支持曾遭雷击,否,0.996843,recheck_with_site_evidence
小号铁钉,16,12,支持曾遭雷击,否,0.997942,recheck_with_site_evidence
小号铁钉,16,13,支持曾遭雷击,否,0.99646,recheck_with_site_evidence
小号铁钉,16,14,支持曾遭雷击,否,0.996369,recheck_with_site_evidence
小号铁钉,16,15,支持曾遭雷击,否,0.996797,recheck_with_site_evidence
小号铁钉,16,22,支持曾遭雷击,否,0.98639,recheck_with_site_evidence
小号铁钉,16,30,支持曾遭雷击,否,0.990434,recheck_with_site_evidence
小号铁钉,16,37,支持曾遭雷击,否,0.989035,recheck_with_site_evidence
小号铁钉,16,44,灰区/证据不足,是,0.99241,delay_too_long_add_other_evidence
小号铁钉,16,51,灰区/证据不足,是,0.998037,delay_too_long_add_other_evidence
小号铁钉,16,58,灰区/证据不足,是,0.987422,delay_too_long_add_other_evidence
小号铁钉,16,90,灰区/证据不足,是,0.995396,delay_too_long_add_other_evidence
小号铁钉,17,1,支持曾遭雷击,否,0.999361,recheck_with_site_evidence
小号铁钉,17,2,支持曾遭雷击,否,0.998897,recheck_with_site_evidence
小号铁钉,17,3,支持曾遭雷击,否,0.998188,recheck_with_site_evidence
小号铁钉,17,4,支持曾遭雷击,否,0.998474,recheck_with_site_evidence
小号铁钉,17,5,支持曾遭雷击,否,0.998777,recheck_with_site_evidence
小号铁钉,17,6,支持曾遭雷击,否,0.998753,recheck_with_site_evidence
小号铁钉,17,7,支持曾遭雷击,否,0.998878,recheck_with_site_evidence
小号铁钉,17,8,支持曾遭雷击,否,0.99875,recheck_with_site_evidence
小号铁钉,17,9,支持曾遭雷击,否,0.998951,recheck_with_site_evidence
小号铁钉,17,10,支持曾遭雷击,否,0.999328,recheck_with_site_evidence
小号铁钉,17,11,支持曾遭雷击,否,0.999645,recheck_with_site_evidence
小号铁钉,17,12,支持曾遭雷击,否,0.999799,recheck_with_site_evidence
小号铁钉,17,13,支持曾遭雷击,否,0.999586,recheck_with_site_evidence
小号铁钉,17,14,支持曾遭雷击,否,0.999571,recheck_with_site_evidence
小号铁钉,17,15,支持曾遭雷击,否,0.999638,recheck_with_site_evidence
小号铁钉,17,22,支持曾遭雷击,否,0.997475,recheck_with_site_evidence
小号铁钉,17,30,支持曾遭雷击,否,0.99843,recheck_with_site_evidence
小号铁钉,17,37,支持曾遭雷击,否,0.998102,recheck_with_site_evidence
小号铁钉,17,44,灰区/证据不足,是,0.998853,delay_too_long_add_other_evidence
小号铁钉,17,51,灰区/证据不足,是,0.999807,delay_too_long_add_other_evidence
小号铁钉,17,58,灰区/证据不足,是,0.997781,delay_too_long_add_other_evidence
小号铁钉,17,90,灰区/证据不足,是,0.999679,delay_too_long_add_other_evidence
小号铁钉,18,1,支持曾遭雷击,否,0.999993,recheck_with_site_evidence
小号铁钉,18,2,支持曾遭雷击,否,0.999985,recheck_with_site_evidence
小号铁钉,18,3,支持曾遭雷击,否,0.999967,recheck_with_site_evidence
小号铁钉,18,4,支持曾遭雷击,否,0.999975,recheck_with_site_evidence
小号铁钉,18,5,支持曾遭雷击,否,0.999982,recheck_with_site_evidence
小号铁钉,18,6,支持曾遭雷击,否,0.999981,recheck_with_site_evidence
小号铁钉,18,7,支持曾遭雷击,否,0.999984,recheck_with_site_evidence
小号铁钉,18,8,支持曾遭雷击,否,0.999981,recheck_with_site_evidence
小号铁钉,18,9,支持曾遭雷击,否,0.999986,recheck_with_site_evidence
小号铁钉,18,10,支持曾遭雷击,否,0.999993,recheck_with_site_evidence
小号铁钉,18,11,支持曾遭雷击,否,0.999997,recheck_with_site_evidence
小号铁钉,18,12,支持曾遭雷击,否,0.999999,recheck_with_site_evidence
小号铁钉,18,13,支持曾遭雷击,否,0.999997,recheck_with_site_evidence
小号铁钉,18,14,支持曾遭雷击,否,0.999996,recheck_with_site_evidence
小号铁钉,18,15,支持曾遭雷击,否,0.999997,recheck_with_site_evidence
小号铁钉,18,22,支持曾遭雷击,否,0.999944,recheck_with_site_evidence
小号铁钉,18,30,支持曾遭雷击,否,0.999974,recheck_with_site_evidence
小号铁钉,18,37,支持曾遭雷击,否,0.999964,recheck_with_site_evidence
小号铁钉,18,44,灰区/证据不足,是,0.999983,delay_too_long_add_other_evidence
小号铁钉,18,51,灰区/证据不足,是,0.999999,delay_too_long_add_other_evidence
小号铁钉,18,58,灰区/证据不足,是,0.999953,delay_too_long_add_other_evidence
小号铁钉,18,90,灰区/证据不足,是,0.999987,delay_too_long_add_other_evidence
小号铁钉,19,1,支持曾遭雷击,否,0.999948,recheck_with_site_evidence
小号铁钉,19,2,支持曾遭雷击,否,0.999895,recheck_with_site_evidence
小号铁钉,19,3,支持曾遭雷击,否,0.999799,recheck_with_site_evidence
小号铁钉,19,4,支持曾遭雷击,否,0.99984,recheck_with_site_evidence
小号铁钉,19,5,支持曾遭雷击,否,0.99988,recheck_with_site_evidence
小号铁钉,19,6,支持曾遭雷击,否,0.999877,recheck_with_site_evidence
小号铁钉,19,7,支持曾遭雷击,否,0.999892,recheck_with_site_evidence
小号铁钉,19,8,支持曾遭雷击,否,0.999876,recheck_with_site_evidence
小号铁钉,19,9,支持曾遭雷击,否,0.999902,recheck_with_site_evidence
小号铁钉,19,10,支持曾遭雷击,否,0.999945,recheck_with_site_evidence
小号铁钉,19,11,支持曾遭雷击,否,0.999976,recheck_with_site_evidence
小号铁钉,19,12,支持曾遭雷击,否,0.999988,recheck_with_site_evidence
小号铁钉,19,13,支持曾遭雷击,否,0.99997,recheck_with_site_evidence
小号铁钉,19,14,支持曾遭雷击,否,0.999969,recheck_with_site_evidence
小号铁钉,19,15,支持曾遭雷击,否,0.999975,recheck_with_site_evidence
小号铁钉,19,22,支持曾遭雷击,否,0.99969,recheck_with_site_evidence
小号铁钉,19,30,支持曾遭雷击,否,0.999835,recheck_with_site_evidence
小号铁钉,19,37,支持曾遭雷击,否,0.999787,recheck_with_site_evidence
小号铁钉,19,44,灰区/证据不足,是,0.999889,delay_too_long_add_other_evidence
小号铁钉,19,51,灰区/证据不足,是,0.999989,delay_too_long_add_other_evidence
小号铁钉,19,58,灰区/证据不足,是,0.999732,delay_too_long_add_other_evidence
小号铁钉,19,90,灰区/证据不足,是,0.999931,delay_too_long_add_other_evidence
小号铁钉,20,1,支持曾遭雷击,否,0.999191,recheck_with_site_evidence
小号铁钉,20,2,支持曾遭雷击,否,0.998627,recheck_with_site_evidence
小号铁钉,20,3,支持曾遭雷击,否,0.997775,recheck_with_site_evidence
小号铁钉,20,4,支持曾遭雷击,否,0.998116,recheck_with_site_evidence
小号铁钉,20,5,支持曾遭雷击,否,0.998481,recheck_with_site_evidence
小号铁钉,20,6,支持曾遭雷击,否,0.998452,recheck_with_site_evidence
小号铁钉,20,7,支持曾遭雷击,否,0.998603,recheck_with_site_evidence
小号铁钉,20,8,支持曾遭雷击,否,0.998447,recheck_with_site_evidence
小号铁钉,20,9,支持曾遭雷击,否,0.99869,recheck_with_site_evidence
小号铁钉,20,10,支持曾遭雷击,否,0.999151,recheck_with_site_evidence
小号铁钉,20,11,支持曾遭雷击,否,0.999543,recheck_with_site_evidence
小号铁钉,20,12,支持曾遭雷击,否,0.999737,recheck_with_site_evidence
小号铁钉,20,13,支持曾遭雷击,否,0.999469,recheck_with_site_evidence
小号铁钉,20,14,支持曾遭雷击,否,0.999451,recheck_with_site_evidence
小号铁钉,20,15,支持曾遭雷击,否,0.999534,recheck_with_site_evidence
小号铁钉,20,22,支持曾遭雷击,否,0.996921,recheck_with_site_evidence
小号铁钉,20,30,支持曾遭雷击,否,0.998063,recheck_with_site_evidence
小号铁钉,20,37,支持曾遭雷击,否,0.997688,recheck_with_site_evidence
小号铁钉,20,44,灰区/证据不足,是,0.998568,delay_too_long_add_other_evidence
小号铁钉,20,51,灰区/证据不足,是,0.999748,delay_too_long_add_other_evidence
小号铁钉,20,58,灰区/证据不足,是,0.997307,delay_too_long_add_other_evidence
小号铁钉,20,90,灰区/证据不足,是,0.998699,delay_too_long_add_other_evidence
小号铁夹,1,1,支持曾遭雷击,否,0.999993,recheck_with_site_evidence
小号铁夹,1,2,支持曾遭雷击,否,0.999982,recheck_with_site_evidence
小号铁夹,1,3,支持曾遭雷击,否,0.99996,recheck_with_site_evidence
小号铁夹,1,4,支持曾遭雷击,否,0.99997,recheck_with_site_evidence
小号铁夹,1,5,支持曾遭雷击,否,0.99998,recheck_with_site_evidence
小号铁夹,1,6,支持曾遭雷击,否,0.99998,recheck_with_site_evidence
小号铁夹,1,7,支持曾遭雷击,否,0.999983,recheck_with_site_evidence
小号铁夹,1,8,支持曾遭雷击,否,0.999981,recheck_with_site_evidence
小号铁夹,1,9,支持曾遭雷击,否,0.999986,recheck_with_site_evidence
小号铁夹,1,10,支持曾遭雷击,否,0.999993,recheck_with_site_evidence
小号铁夹,1,11,支持曾遭雷击,否,0.999997,recheck_with_site_evidence
小号铁夹,1,12,支持曾遭雷击,否,0.999999,recheck_with_site_evidence
小号铁夹,1,13,支持曾遭雷击,否,0.999997,recheck_with_site_evidence
小号铁夹,1,14,支持曾遭雷击,否,0.999997,recheck_with_site_evidence
小号铁夹,1,15,支持曾遭雷击,否,0.999998,recheck_with_site_evidence
小号铁夹,1,22,支持曾遭雷击,否,0.999951,recheck_with_site_evidence
小号铁夹,1,30,支持曾遭雷击,否,0.999977,recheck_with_site_evidence
小号铁夹,1,37,支持曾遭雷击,否,0.999973,recheck_with_site_evidence
小号铁夹,1,44,灰区/证据不足,是,0.999988,delay_too_long_add_other_evidence
小号铁夹,1,51,灰区/证据不足,是,0.999999,delay_too_long_add_other_evidence
小号铁夹,1,58,灰区/证据不足,是,0.999951,delay_too_long_add_other_evidence
小号铁夹,1,90,灰区/证据不足,是,0.999993,delay_too_long_add_other_evidence
小号铁夹,2,1,支持曾遭雷击,否,0.994163,recheck_with_site_evidence
小号铁夹,2,2,支持曾遭雷击,否,0.991134,recheck_with_site_evidence
小号铁夹,2,3,支持曾遭雷击,否,0.987056,recheck_with_site_evidence
小号铁夹,2,4,支持曾遭雷击,否,0.988726,recheck_with_site_evidence
小号铁夹,2,5,支持曾遭雷击,否,0.990533,recheck_with_site_evidence
小号铁夹,2,6,支持曾遭雷击,否,0.990554,recheck_with_site_evidence
小号铁夹,2,7,支持曾遭雷击,否,0.991388,recheck_with_site_evidence
小号铁夹,2,8,支持曾遭雷击,否,0.990857,recheck_with_site_evidence
小号铁夹,2,9,支持曾遭雷击,否,0.992082,recheck_with_site_evidence
小号铁夹,2,10,支持曾遭雷击,否,0.994364,recheck_with_site_evidence
小号铁夹,2,11,支持曾遭雷击,否,0.996526,recheck_with_site_evidence
小号铁夹,2,12,支持曾遭雷击,否,0.997756,recheck_with_site_evidence
小号铁夹,2,13,支持曾遭雷击,否,0.996252,recheck_with_site_evidence
小号铁夹,2,14,支持曾遭雷击,否,0.996231,recheck_with_site_evidence
小号铁夹,2,15,支持曾遭雷击,否,0.996737,recheck_with_site_evidence
小号铁夹,2,22,支持曾遭雷击,否,0.985696,recheck_with_site_evidence
小号铁夹,2,30,支持曾遭雷击,否,0.989957,recheck_with_site_evidence
小号铁夹,2,37,支持曾遭雷击,否,0.989278,recheck_with_site_evidence
小号铁夹,2,44,灰区/证据不足,是,0.992707,delay_too_long_add_other_evidence
小号铁夹,2,51,灰区/证据不足,是,0.998223,delay_too_long_add_other_evidence
小号铁夹,2,58,灰区/证据不足,是,0.985749,delay_too_long_add_other_evidence
小号铁夹,2,90,灰区/证据不足,是,0.994899,delay_too_long_add_other_evidence
小号铁夹,3,1,支持曾遭雷击,否,0.999088,recheck_with_site_evidence
小号铁夹,3,2,支持曾遭雷击,否,0.998414,recheck_with_site_evidence
小号铁夹,3,3,支持曾遭雷击,否,0.99738,recheck_with_site_evidence
小号铁夹,3,4,支持曾遭雷击,否,0.997819,recheck_with_site_evidence
小号铁夹,3,5,支持曾遭雷击,否,0.998271,recheck_with_site_evidence
小号铁夹,3,6,支持曾遭雷击,否,0.998275,recheck_with_site_evidence
小号铁夹,3,7,支持曾遭雷击,否,0.998474,recheck_with_site_evidence
小号铁夹,3,8,支持曾遭雷击,否,0.99835,recheck_with_site_evidence
小号铁夹,3,9,支持曾遭雷击,否,0.998635,recheck_with_site_evidence
小号铁夹,3,10,支持曾遭雷击,否,0.999128,recheck_with_site_evidence
小号铁夹,3,11,支持曾遭雷击,否,0.999539,recheck_with_site_evidence
小号铁夹,3,12,支持曾遭雷击,否,0.999741,recheck_with_site_evidence
小号铁夹,3,13,支持曾遭雷击,否,0.999492,recheck_with_site_evidence
小号铁夹,3,14,支持曾遭雷击,否,0.999487,recheck_with_site_evidence
小号铁夹,3,15,支持曾遭雷击,否,0.999576,recheck_with_site_evidence
小号铁夹,3,22,支持曾遭雷击,否,0.997005,recheck_with_site_evidence
小号铁夹,3,30,支持曾遭雷击,否,0.998136,recheck_with_site_evidence
小号铁夹,3,37,支持曾遭雷击,否,0.997943,recheck_with_site_evidence
小号铁夹,3,44,灰区/证据不足,是,0.998785,delay_too_long_add_other_evidence
小号铁夹,3,51,灰区/证据不足,是,0.999802,delay_too_long_add_other_evidence
小号铁夹,3,58,灰区/证据不足,是,0.997094,delay_too_long_add_other_evidence
小号铁夹,3,90,灰区/证据不足,是,0.999248,delay_too_long_add_other_evidence
小号铁夹,4,1,支持曾遭雷击,否,0.999667,recheck_with_site_evidence
小号铁夹,4,2,支持曾遭雷击,否,0.999379,recheck_with_site_evidence
小号铁夹,4,3,支持曾遭雷击,否,0.998905,recheck_with_site_evidence
小号铁夹,4,4,支持曾遭雷击,否,0.99911,recheck_with_site_evidence
小号铁夹,4,5,支持曾遭雷击,否,0.999315,recheck_with_site_evidence
小号铁夹,4,6,支持曾遭雷击,否,0.999317,recheck_with_site_evidence
小号铁夹,4,7,支持曾遭雷击,否,0.999406,recheck_with_site_evidence
小号铁夹,4,8,支持曾遭雷击,否,0.999351,recheck_with_site_evidence
小号铁夹,4,9,支持曾遭雷击,否,0.999476,recheck_with_site_evidence
小号铁夹,4,10,支持曾遭雷击,否,0.999684,recheck_with_site_evidence
小号铁夹,4,11,支持曾遭雷击,否,0.999846,recheck_with_site_evidence
小号铁夹,4,12,支持曾遭雷击,否,0.999919,recheck_with_site_evidence
小号铁夹,4,13,支持曾遭雷击,否,0.999828,recheck_with_site_evidence
小号铁夹,4,14,支持曾遭雷击,否,0.999826,recheck_with_site_evidence
小号铁夹,4,15,支持曾遭雷击,否,0.99986,recheck_with_site_evidence
小号铁夹,4,22,支持曾遭雷击,否,0.998724,recheck_with_site_evidence
小号铁夹,4,30,支持曾遭雷击,否,0.999255,recheck_with_site_evidence
小号铁夹,4,37,支持曾遭雷击,否,0.999175,recheck_with_site_evidence
小号铁夹,4,44,灰区/证据不足,是,0.999544,delay_too_long_add_other_evidence
小号铁夹,4,51,灰区/证据不足,是,0.99994,delay_too_long_add_other_evidence
小号铁夹,4,58,灰区/证据不足,是,0.99876,delay_too_long_add_other_evidence
小号铁夹,4,90,灰区/证据不足,是,0.999248,delay_too_long_add_other_evidence
小号铁夹,5,1,支持曾遭雷击,否,0.99991,recheck_with_site_evidence
小号铁夹,5,2,支持曾遭雷击,否,0.999817,recheck_with_site_evidence
小号铁夹,5,3,支持曾遭雷击,否,0.999648,recheck_with_site_evidence
小号铁夹,5,4,支持曾遭雷击,否,0.999723,recheck_with_site_evidence
小号铁夹,5,5,支持曾遭雷击,否,0.999795,recheck_with_site_evidence
小号铁夹,5,6,支持曾遭雷击,否,0.999795,recheck_with_site_evidence
小号铁夹,5,7,支持曾遭雷击,否,0.999826,recheck_with_site_evidence
小号铁夹,5,8,支持曾遭雷击,否,0.999807,recheck_with_site_evidence
小号铁夹,5,9,支持曾遭雷击,否,0.999849,recheck_with_site_evidence
小号铁夹,5,10,支持曾遭雷击,否,0.999915,recheck_with_site_evidence
小号铁夹,5,11,支持曾遭雷击,否,0.999963,recheck_with_site_evidence
小号铁夹,5,12,支持曾遭雷击,否,0.999982,recheck_with_site_evidence
小号铁夹,5,13,支持曾遭雷击,否,0.999958,recheck_with_site_evidence
小号铁夹,5,14,支持曾遭雷击,否,0.999957,recheck_with_site_evidence
小号铁夹,5,15,支持曾遭雷击,否,0.999966,recheck_with_site_evidence
小号铁夹,5,22,支持曾遭雷击,否,0.999581,recheck_with_site_evidence
小号铁夹,5,30,支持曾遭雷击,否,0.999774,recheck_with_site_evidence
小号铁夹,5,37,支持曾遭雷击,否,0.999745,recheck_with_site_evidence
小号铁夹,5,44,灰区/证据不足,是,0.99987,delay_too_long_add_other_evidence
小号铁夹,5,51,灰区/证据不足,是,0.999987,delay_too_long_add_other_evidence
小号铁夹,5,58,灰区/证据不足,是,0.999588,delay_too_long_add_other_evidence
小号铁夹,5,90,灰区/证据不足,是,0.999918,delay_too_long_add_other_evidence
小号铁夹,6,1,支持曾遭雷击,否,1.0,recheck_with_site_evidence
小号铁夹,6,2,支持曾遭雷击,否,0.999999,recheck_with_site_evidence
小号铁夹,6,3,支持曾遭雷击,否,0.999997,recheck_with_site_evidence
小号铁夹,6,4,支持曾遭雷击,否,0.999998,recheck_with_site_evidence
小号铁夹,6,5,支持曾遭雷击,否,0.999999,recheck_with_site_evidence
小号铁夹,6,6,支持曾遭雷击,否,0.999999,recheck_with_site_evidence
小号铁夹,6,7,支持曾遭雷击,否,0.999999,recheck_with_site_evidence
小号铁夹,6,8,支持曾遭雷击,否,0.999999,recheck_with_site_evidence
小号铁夹,6,9,支持曾遭雷击,否,0.999999,recheck_with_site_evidence
小号铁夹,6,10,支持曾遭雷击,否,1.0,recheck_with_site_evidence
小号铁夹,6,11,支持曾遭雷击,否,1.0,recheck_with_site_evidence
小号铁夹,6,12,支持曾遭雷击,否,1.0,recheck_with_site_evidence
小号铁夹,6,13,支持曾遭雷击,否,1.0,recheck_with_site_evidence
小号铁夹,6,14,支持曾遭雷击,否,1.0,recheck_with_site_evidence
小号铁夹,6,15,支持曾遭雷击,否,1.0,recheck_with_site_evidence
小号铁夹,6,22,支持曾遭雷击,否,0.999997,recheck_with_site_evidence
小号铁夹,6,30,支持曾遭雷击,否,0.999999,recheck_with_site_evidence
小号铁夹,6,37,支持曾遭雷击,否,0.999998,recheck_with_site_evidence
小号铁夹,6,44,灰区/证据不足,是,0.999999,delay_too_long_add_other_evidence
小号铁夹,6,51,灰区/证据不足,是,1.0,delay_too_long_add_other_evidence
小号铁夹,6,58,灰区/证据不足,是,0.999996,delay_too_long_add_other_evidence
小号铁夹,6,90,灰区/证据不足,是,1.0,delay_too_long_add_other_evidence
小号铁夹,7,1,支持曾遭雷击,否,0.997091,recheck_with_site_evidence
小号铁夹,7,2,支持曾遭雷击,否,0.995346,recheck_with_site_evidence
小号铁夹,7,3,支持曾遭雷击,否,0.992875,recheck_with_site_evidence
小号铁夹,7,4,支持曾遭雷击,否,0.993906,recheck_with_site_evidence
小号铁夹,7,5,支持曾遭雷击,否,0.994989,recheck_with_site_evidence
小号铁夹,7,6,支持曾遭雷击,否,0.995001,recheck_with_site_evidence
小号铁夹,7,7,支持曾遭雷击,否,0.995499,recheck_with_site_evidence
小号铁夹,7,8,支持曾遭雷击,否,0.995185,recheck_with_site_evidence
小号铁夹,7,9,支持曾遭雷击,否,0.9959,recheck_with_site_evidence
小号铁夹,7,10,支持曾遭雷击,否,0.997199,recheck_with_site_evidence
小号铁夹,7,11,支持曾遭雷击,否,0.998373,recheck_with_site_evidence
小号铁夹,7,12,支持曾遭雷击,否,0.999005,recheck_with_site_evidence
小号铁夹,7,13,支持曾遭雷击,否,0.998229,recheck_with_site_evidence
小号铁夹,7,14,支持曾遭雷击,否,0.998217,recheck_with_site_evidence
小号铁夹,7,15,支持曾遭雷击,否,0.998484,recheck_with_site_evidence
小号铁夹,7,22,支持曾遭雷击,否,0.992015,recheck_with_site_evidence
小号铁夹,7,30,支持曾遭雷击,否,0.994676,recheck_with_site_evidence
小号铁夹,7,37,支持曾遭雷击,否,0.994251,recheck_with_site_evidence
小号铁夹,7,44,灰区/证据不足,是,0.996281,delay_too_long_add_other_evidence
小号铁夹,7,51,灰区/证据不足,是,0.999211,delay_too_long_add_other_evidence
小号铁夹,7,58,灰区/证据不足,是,0.99197,delay_too_long_add_other_evidence
小号铁夹,7,90,灰区/证据不足,是,0.994899,delay_too_long_add_other_evidence
小号铁夹,8,1,支持曾遭雷击,否,0.999964,recheck_with_site_evidence
小号铁夹,8,2,支持曾遭雷击,否,0.999921,recheck_with_site_evidence
小号铁夹,8,3,支持曾遭雷击,否,0.999839,recheck_with_site_evidence
小号铁夹,8,4,支持曾遭雷击,否,0.999876,recheck_with_site_evidence
小号铁夹,8,5,支持曾遭雷击,否,0.99991,recheck_with_site_evidence
小号铁夹,8,6,支持曾遭雷击,否,0.999911,recheck_with_site_evidence
小号铁夹,8,7,支持曾遭雷击,否,0.999925,recheck_with_site_evidence
小号铁夹,8,8,支持曾遭雷击,否,0.999916,recheck_with_site_evidence
小号铁夹,8,9,支持曾遭雷击,否,0.999936,recheck_with_site_evidence
小号铁夹,8,10,支持曾遭雷击,否,0.999966,recheck_with_site_evidence
小号铁夹,8,11,支持曾遭雷击,否,0.999986,recheck_with_site_evidence
小号铁夹,8,12,支持曾遭雷击,否,0.999994,recheck_with_site_evidence
小号铁夹,8,13,支持曾遭雷击,否,0.999984,recheck_with_site_evidence
小号铁夹,8,14,支持曾遭雷击,否,0.999984,recheck_with_site_evidence
小号铁夹,8,15,支持曾遭雷击,否,0.999987,recheck_with_site_evidence
小号铁夹,8,22,支持曾遭雷击,否,0.999806,recheck_with_site_evidence
小号铁夹,8,30,支持曾遭雷击,否,0.9999,recheck_with_site_evidence
小号铁夹,8,37,支持曾遭雷击,否,0.999887,recheck_with_site_evidence
小号铁夹,8,44,灰区/证据不足,是,0.999946,delay_too_long_add_other_evidence
小号铁夹,8,51,灰区/证据不足,是,0.999996,delay_too_long_add_other_evidence
小号铁夹,8,58,灰区/证据不足,是,0.999811,delay_too_long_add_other_evidence
小号铁夹,8,90,灰区/证据不足,是,0.999918,delay_too_long_add_other_evidence
小号铁夹,9,1,支持曾遭雷击,否,0.99999,recheck_with_site_evidence
小号铁夹,9,2,支持曾遭雷击,否,0.999976,recheck_with_site_evidence
小号铁夹,9,3,支持曾遭雷击,否,0.999947,recheck_with_site_evidence
小号铁夹,9,4,支持曾遭雷击,否,0.99996,recheck_with_site_evidence
小号铁夹,9,5,支持曾遭雷击,否,0.999972,recheck_with_site_evidence
小号铁夹,9,6,支持曾遭雷击,否,0.999972,recheck_with_site_evidence
小号铁夹,9,7,支持曾遭雷击,否,0.999977,recheck_with_site_evidence
小号铁夹,9,8,支持曾遭雷击,否,0.999974,recheck_with_site_evidence
小号铁夹,9,9,支持曾遭雷击,否,0.999981,recheck_with_site_evidence
小号铁夹,9,10,支持曾遭雷击,否,0.99999,recheck_with_site_evidence
小号铁夹,9,11,支持曾遭雷击,否,0.999996,recheck_with_site_evidence
小号铁夹,9,12,支持曾遭雷击,否,0.999999,recheck_with_site_evidence
小号铁夹,9,13,支持曾遭雷击,否,0.999996,recheck_with_site_evidence
小号铁夹,9,14,支持曾遭雷击,否,0.999996,recheck_with_site_evidence
小号铁夹,9,15,支持曾遭雷击,否,0.999997,recheck_with_site_evidence
小号铁夹,9,22,支持曾遭雷击,否,0.999935,recheck_with_site_evidence
小号铁夹,9,30,支持曾遭雷击,否,0.999969,recheck_with_site_evidence
小号铁夹,9,37,支持曾遭雷击,否,0.999964,recheck_with_site_evidence
小号铁夹,9,44,灰区/证据不足,是,0.999984,delay_too_long_add_other_evidence
小号铁夹,9,51,灰区/证据不足,是,0.999999,delay_too_long_add_other_evidence
小号铁夹,9,58,灰区/证据不足,是,0.999932,delay_too_long_add_other_evidence
小号铁夹,9,90,灰区/证据不足,是,0.999993,delay_too_long_add_other_evidence
小号铁夹,10,1,支持曾遭雷击,否,0.984397,recheck_with_site_evidence
小号铁夹,10,2,支持曾遭雷击,否,0.977993,recheck_with_site_evidence
小号铁夹,10,3,灰区/证据不足,否,0.969973,recheck_with_site_evidence
小号铁夹,10,4,灰区/证据不足,否,0.973185,recheck_with_site_evidence
小号铁夹,10,5,支持曾遭雷击,否,0.97678,recheck_with_site_evidence
小号铁夹,10,6,支持曾遭雷击,否,0.976822,recheck_with_site_evidence
小号铁夹,10,7,支持曾遭雷击,否,0.978524,recheck_with_site_evidence
小号铁夹,10,8,支持曾遭雷击,否,0.97744,recheck_with_site_evidence
小号铁夹,10,9,支持曾遭雷击,否,0.979927,recheck_with_site_evidence
小号铁夹,10,10,支持曾遭雷击,否,0.984827,recheck_with_site_evidence
小号铁夹,10,11,支持曾遭雷击,否,0.989816,recheck_with_site_evidence
小号铁夹,10,12,支持曾遭雷击,否,0.992913,recheck_with_site_evidence
小号铁夹,10,13,支持曾遭雷击,否,0.989175,recheck_with_site_evidence
小号铁夹,10,14,支持曾遭雷击,否,0.989115,recheck_with_site_evidence
小号铁夹,10,15,支持曾遭雷击,否,0.990335,recheck_with_site_evidence
小号铁夹,10,22,灰区/证据不足,否,0.967347,recheck_with_site_evidence
小号铁夹,10,30,支持曾遭雷击,否,0.975643,recheck_with_site_evidence
小号铁夹,10,37,灰区/证据不足,否,0.974132,recheck_with_site_evidence
小号铁夹,10,44,灰区/证据不足,是,0.981328,delay_too_long_add_other_evidence
小号铁夹,10,51,灰区/证据不足,是,0.994005,delay_too_long_add_other_evidence
小号铁夹,10,58,灰区/证据不足,是,0.966746,delay_too_long_add_other_evidence
小号铁夹,10,90,灰区/证据不足,是,0.974685,delay_too_long_add_other_evidence
小号铁夹,11,1,支持曾遭雷击,否,0.999992,recheck_with_site_evidence
小号铁夹,11,2,支持曾遭雷击,否,0.999981,recheck_with_site_evidence
小号铁夹,11,3,支持曾遭雷击,否,0.999958,recheck_with_site_evidence
小号铁夹,11,4,支持曾遭雷击,否,0.999968,recheck_with_site_evidence
小号铁夹,11,5,支持曾遭雷击,否,0.999978,recheck_with_site_evidence
小号铁夹,11,6,支持曾遭雷击,否,0.999978,recheck_with_site_evidence
小号铁夹,11,7,支持曾遭雷击,否,0.999982,recheck_with_site_evidence
小号铁夹,11,8,支持曾遭雷击,否,0.99998,recheck_with_site_evidence
小号铁夹,11,9,支持曾遭雷击,否,0.999985,recheck_with_site_evidence
小号铁夹,11,10,支持曾遭雷击,否,0.999993,recheck_with_site_evidence
小号铁夹,11,11,支持曾遭雷击,否,0.999997,recheck_with_site_evidence
小号铁夹,11,12,支持曾遭雷击,否,0.999999,recheck_with_site_evidence
小号铁夹,11,13,支持曾遭雷击,否,0.999997,recheck_with_site_evidence
小号铁夹,11,14,支持曾遭雷击,否,0.999997,recheck_with_site_evidence
小号铁夹,11,15,支持曾遭雷击,否,0.999998,recheck_with_site_evidence
小号铁夹,11,22,支持曾遭雷击,否,0.999947,recheck_with_site_evidence
小号铁夹,11,30,支持曾遭雷击,否,0.999975,recheck_with_site_evidence
小号铁夹,11,37,支持曾遭雷击,否,0.999971,recheck_with_site_evidence
小号铁夹,11,44,灰区/证据不足,是,0.999987,delay_too_long_add_other_evidence
小号铁夹,11,51,灰区/证据不足,是,0.999999,delay_too_long_add_other_evidence
小号铁夹,11,58,灰区/证据不足,是,0.999945,delay_too_long_add_other_evidence
小号铁夹,11,90,灰区/证据不足,是,0.999993,delay_too_long_add_other_evidence
小号铁夹,12,1,支持曾遭雷击,否,0.9959,recheck_with_site_evidence
小号铁夹,12,2,支持曾遭雷击,否,0.993608,recheck_with_site_evidence
小号铁夹,12,3,支持曾遭雷击,否,0.990438,recheck_with_site_evidence
小号铁夹,12,4,支持曾遭雷击,否,0.991745,recheck_with_site_evidence
小号铁夹,12,5,支持曾遭雷击,否,0.993143,recheck_with_site_evidence
小号铁夹,12,6,支持曾遭雷击,否,0.993159,recheck_with_site_evidence
小号铁夹,12,7,支持曾遭雷击,否,0.993806,recheck_with_site_evidence
小号铁夹,12,8,支持曾遭雷击,否,0.993394,recheck_with_site_evidence
小号铁夹,12,9,支持曾遭雷击,否,0.994329,recheck_with_site_evidence
小号铁夹,12,10,支持曾遭雷击,否,0.996044,recheck_with_site_evidence
小号铁夹,12,11,支持曾遭雷击,否,0.997635,recheck_with_site_evidence
小号铁夹,12,12,支持曾遭雷击,否,0.998514,recheck_with_site_evidence
小号铁夹,12,13,支持曾遭雷击,否,0.997439,recheck_with_site_evidence
小号铁夹,12,14,支持曾遭雷击,否,0.997425,recheck_with_site_evidence
小号铁夹,12,15,支持曾遭雷击,否,0.997785,recheck_with_site_evidence
小号铁夹,12,22,支持曾遭雷击,否,0.989363,recheck_with_site_evidence
小号铁夹,12,30,支持曾遭雷击,否,0.992746,recheck_with_site_evidence
小号铁夹,12,37,支持曾遭雷击,否,0.99219,recheck_with_site_evidence
小号铁夹,12,44,灰区/证据不足,是,0.994865,delay_too_long_add_other_evidence
小号铁夹,12,51,灰区/证据不足,是,0.998834,delay_too_long_add_other_evidence
小号铁夹,12,58,灰区/证据不足,是,0.989249,delay_too_long_add_other_evidence
小号铁夹,12,90,灰区/证据不足,是,0.994899,delay_too_long_add_other_evidence
小号铁夹,13,1,支持曾遭雷击,否,0.987069,recheck_with_site_evidence
小号铁夹,13,2,支持曾遭雷击,否,0.981491,recheck_with_site_evidence
小号铁夹,13,3,灰区/证据不足,否,0.974418,recheck_with_site_evidence
小号铁夹,13,4,支持曾遭雷击,否,0.977264,recheck_with_site_evidence
小号铁夹,13,5,支持曾遭雷击,否,0.980428,recheck_with_site_evidence
小号铁夹,13,6,支持曾遭雷击,否,0.980462,recheck_with_site_evidence
小号铁夹,13,7,支持曾遭雷击,否,0.981957,recheck_with_site_evidence
小号铁夹,13,8,支持曾遭雷击,否,0.981011,recheck_with_site_evidence
小号铁夹,13,9,支持曾遭雷击,否,0.983197,recheck_with_site_evidence
小号铁夹,13,10,支持曾遭雷击,否,0.987432,recheck_with_site_evidence
小号铁夹,13,11,支持曾遭雷击,否,0.991712,recheck_with_site_evidence
小号铁夹,13,12,支持曾遭雷击,否,0.994318,recheck_with_site_evidence
小号铁夹,13,13,支持曾遭雷击,否,0.991162,recheck_with_site_evidence
小号铁夹,13,14,支持曾遭雷击,否,0.991107,recheck_with_site_evidence
小号铁夹,13,15,支持曾遭雷击,否,0.992151,recheck_with_site_evidence
小号铁夹,13,22,灰区/证据不足,否,0.972142,recheck_with_site_evidence
小号铁夹,13,30,支持曾遭雷击,否,0.97945,recheck_with_site_evidence
小号铁夹,13,37,支持曾遭雷击,否,0.978126,recheck_with_site_evidence
小号铁夹,13,44,灰区/证据不足,是,0.984555,delay_too_long_add_other_evidence
小号铁夹,13,51,灰区/证据不足,是,0.995212,delay_too_long_add_other_evidence
小号铁夹,13,58,灰区/证据不足,是,0.972395,delay_too_long_add_other_evidence
小号铁夹,13,90,灰区/证据不足,是,0.974685,delay_too_long_add_other_evidence
小号铁夹,14,1,支持曾遭雷击,否,1.0,recheck_with_site_evidence
小号铁夹,14,2,支持曾遭雷击,否,1.0,recheck_with_site_evidence
小号铁夹,14,3,支持曾遭雷击,否,1.0,recheck_with_site_evidence
小号铁夹,14,4,支持曾遭雷击,否,1.0,recheck_with_site_evidence
小号铁夹,14,5,支持曾遭雷击,否,1.0,recheck_with_site_evidence
小号铁夹,14,6,支持曾遭雷击,否,1.0,recheck_with_site_evidence
小号铁夹,14,7,支持曾遭雷击,否,1.0,recheck_with_site_evidence
小号铁夹,14,8,支持曾遭雷击,否,1.0,recheck_with_site_evidence
小号铁夹,14,9,支持曾遭雷击,否,1.0,recheck_with_site_evidence
小号铁夹,14,10,支持曾遭雷击,否,1.0,recheck_with_site_evidence
小号铁夹,14,11,支持曾遭雷击,否,1.0,recheck_with_site_evidence
小号铁夹,14,12,支持曾遭雷击,否,1.0,recheck_with_site_evidence
小号铁夹,14,13,支持曾遭雷击,否,1.0,recheck_with_site_evidence
小号铁夹,14,14,支持曾遭雷击,否,1.0,recheck_with_site_evidence
小号铁夹,14,15,支持曾遭雷击,否,1.0,recheck_with_site_evidence
小号铁夹,14,22,支持曾遭雷击,否,1.0,recheck_with_site_evidence
小号铁夹,14,30,支持曾遭雷击,否,1.0,recheck_with_site_evidence
小号铁夹,14,37,支持曾遭雷击,否,1.0,recheck_with_site_evidence
小号铁夹,14,44,灰区/证据不足,是,1.0,delay_too_long_add_other_evidence
小号铁夹,14,51,灰区/证据不足,是,1.0,delay_too_long_add_other_evidence
小号铁夹,14,58,灰区/证据不足,是,1.0,delay_too_long_add_other_evidence
小号铁夹,14,90,灰区/证据不足,是,1.0,delay_too_long_add_other_evidence
小号铁夹,15,1,支持曾遭雷击,否,1.0,recheck_with_site_evidence
小号铁夹,15,2,支持曾遭雷击,否,1.0,recheck_with_site_evidence
小号铁夹,15,3,支持曾遭雷击,否,1.0,recheck_with_site_evidence
小号铁夹,15,4,支持曾遭雷击,否,1.0,recheck_with_site_evidence
小号铁夹,15,5,支持曾遭雷击,否,1.0,recheck_with_site_evidence
小号铁夹,15,6,支持曾遭雷击,否,1.0,recheck_with_site_evidence
小号铁夹,15,7,支持曾遭雷击,否,1.0,recheck_with_site_evidence
小号铁夹,15,8,支持曾遭雷击,否,1.0,recheck_with_site_evidence
小号铁夹,15,9,支持曾遭雷击,否,1.0,recheck_with_site_evidence
小号铁夹,15,10,支持曾遭雷击,否,1.0,recheck_with_site_evidence
小号铁夹,15,11,支持曾遭雷击,否,1.0,recheck_with_site_evidence
小号铁夹,15,12,支持曾遭雷击,否,1.0,recheck_with_site_evidence
小号铁夹,15,13,支持曾遭雷击,否,1.0,recheck_with_site_evidence
小号铁夹,15,14,支持曾遭雷击,否,1.0,recheck_with_site_evidence
小号铁夹,15,15,支持曾遭雷击,否,1.0,recheck_with_site_evidence
小号铁夹,15,22,支持曾遭雷击,否,1.0,recheck_with_site_evidence
小号铁夹,15,30,支持曾遭雷击,否,1.0,recheck_with_site_evidence
小号铁夹,15,37,支持曾遭雷击,否,1.0,recheck_with_site_evidence
小号铁夹,15,44,灰区/证据不足,是,1.0,delay_too_long_add_other_evidence
小号铁夹,15,51,灰区/证据不足,是,1.0,delay_too_long_add_other_evidence
小号铁夹,15,58,灰区/证据不足,是,1.0,delay_too_long_add_other_evidence
小号铁夹,15,90,灰区/证据不足,是,1.0,delay_too_long_add_other_evidence
小号铁夹,16,1,支持曾遭雷击,否,1.0,recheck_with_site_evidence
小号铁夹,16,2,支持曾遭雷击,否,0.999999,recheck_with_site_evidence
小号铁夹,16,3,支持曾遭雷击,否,0.999998,recheck_with_site_evidence
小号铁夹,16,4,支持曾遭雷击,否,0.999999,recheck_with_site_evidence
小号铁夹,16,5,支持曾遭雷击,否,0.999999,recheck_with_site_evidence
小号铁夹,16,6,支持曾遭雷击,否,0.999999,recheck_with_site_evidence
小号铁夹,16,7,支持曾遭雷击,否,0.999999,recheck_with_site_evidence
小号铁夹,16,8,支持曾遭雷击,否,0.999999,recheck_with_site_evidence
小号铁夹,16,9,支持曾遭雷击,否,1.0,recheck_with_site_evidence
小号铁夹,16,10,支持曾遭雷击,否,1.0,recheck_with_site_evidence
小号铁夹,16,11,支持曾遭雷击,否,1.0,recheck_with_site_evidence
小号铁夹,16,12,支持曾遭雷击,否,1.0,recheck_with_site_evidence
小号铁夹,16,13,支持曾遭雷击,否,1.0,recheck_with_site_evidence
小号铁夹,16,14,支持曾遭雷击,否,1.0,recheck_with_site_evidence
小号铁夹,16,15,支持曾遭雷击,否,1.0,recheck_with_site_evidence
小号铁夹,16,22,支持曾遭雷击,否,0.999998,recheck_with_site_evidence
小号铁夹,16,30,支持曾遭雷击,否,0.999999,recheck_with_site_evidence
小号铁夹,16,37,支持曾遭雷击,否,0.999999,recheck_with_site_evidence
小号铁夹,16,44,灰区/证据不足,是,1.0,delay_too_long_add_other_evidence
小号铁夹,16,51,灰区/证据不足,是,1.0,delay_too_long_add_other_evidence
小号铁夹,16,58,灰区/证据不足,是,0.999998,delay_too_long_add_other_evidence
小号铁夹,16,90,灰区/证据不足,是,1.0,delay_too_long_add_other_evidence
小号铁夹,17,1,支持曾遭雷击,否,0.999227,recheck_with_site_evidence
小号铁夹,17,2,支持曾遭雷击,否,0.998639,recheck_with_site_evidence
小号铁夹,17,3,支持曾遭雷击,否,0.997726,recheck_with_site_evidence
小号铁夹,17,4,支持曾遭雷击,否,0.998114,recheck_with_site_evidence
小号铁夹,17,5,支持曾遭雷击,否,0.998512,recheck_with_site_evidence
小号铁夹,17,6,支持曾遭雷击,否,0.998516,recheck_with_site_evidence
小号铁夹,17,7,支持曾遭雷击,否,0.998692,recheck_with_site_evidence
小号铁夹,17,8,支持曾遭雷击,否,0.998582,recheck_with_site_evidence
小号铁夹,17,9,支持曾遭雷击,否,0.998832,recheck_with_site_evidence
小号铁夹,17,10,支持曾遭雷击,否,0.999261,recheck_with_site_evidence
小号铁夹,17,11,支持曾遭雷击,否,0.999615,recheck_with_site_evidence
小号铁夹,17,12,支持曾遭雷击,否,0.999786,recheck_with_site_evidence
小号铁夹,17,13,支持曾遭雷击,否,0.999574,recheck_with_site_evidence
小号铁夹,17,14,支持曾遭雷击,否,0.99957,recheck_with_site_evidence
小号铁夹,17,15,支持曾遭雷击,否,0.999645,recheck_with_site_evidence
小号铁夹,17,22,支持曾遭雷击,否,0.997394,recheck_with_site_evidence
小号铁夹,17,30,支持曾遭雷击,否,0.998391,recheck_with_site_evidence
小号铁夹,17,37,支持曾遭雷击,否,0.998225,recheck_with_site_evidence
小号铁夹,17,44,灰区/证据不足,是,0.998963,delay_too_long_add_other_evidence
小号铁夹,17,51,灰区/证据不足,是,0.999837,delay_too_long_add_other_evidence
小号铁夹,17,58,灰区/证据不足,是,0.997324,delay_too_long_add_other_evidence
小号铁夹,17,90,灰区/证据不足,是,0.999248,delay_too_long_add_other_evidence
小号铁夹,18,1,支持曾遭雷击,否,0.990795,recheck_with_site_evidence
小号铁夹,18,2,支持曾遭雷击,否,0.986477,recheck_with_site_evidence
小号铁夹,18,3,支持曾遭雷击,否,0.980863,recheck_with_site_evidence
小号铁夹,18,4,支持曾遭雷击,否,0.98314,recheck_with_site_evidence
小号铁夹,18,5,支持曾遭雷击,否,0.98564,recheck_with_site_evidence
小号铁夹,18,6,支持曾遭雷击,否,0.985665,recheck_with_site_evidence
小号铁夹,18,7,支持曾遭雷击,否,0.986834,recheck_with_site_evidence
小号铁夹,18,8,支持曾遭雷击,否,0.986095,recheck_with_site_evidence
小号铁夹,18,9,支持曾遭雷击,否,0.987811,recheck_with_site_evidence
小号铁夹,18,10,支持曾遭雷击,否,0.991073,recheck_with_site_evidence
小号铁夹,18,11,支持曾遭雷击,否,0.994279,recheck_with_site_evidence
小号铁夹,18,12,支持曾遭雷击,否,0.99618,recheck_with_site_evidence
小号铁夹,18,13,支持曾遭雷击,否,0.993878,recheck_with_site_evidence
小号铁夹,18,14,支持曾遭雷击,否,0.993834,recheck_with_site_evidence
小号铁夹,18,15,支持曾遭雷击,否,0.994601,recheck_with_site_evidence
小号铁夹,18,22,支持曾遭雷击,否,0.979045,recheck_with_site_evidence
小号铁夹,18,30,支持曾遭雷击,否,0.984917,recheck_with_site_evidence
小号铁夹,18,37,支持曾遭雷击,否,0.983933,recheck_with_site_evidence
小号铁夹,18,44,灰区/证据不足,是,0.988797,delay_too_long_add_other_evidence
小号铁夹,18,51,灰区/证据不足,是,0.996871,delay_too_long_add_other_evidence
小号铁夹,18,58,灰区/证据不足,是,0.97865,delay_too_long_add_other_evidence
小号铁夹,18,90,灰区/证据不足,是,0.974685,delay_too_long_add_other_evidence
小号铁夹,19,1,支持曾遭雷击,否,0.999998,recheck_with_site_evidence
小号铁夹,19,2,支持曾遭雷击,否,0.999994,recheck_with_site_evidence
小号铁夹,19,3,支持曾遭雷击,否,0.999987,recheck_with_site_evidence
小号铁夹,19,4,支持曾遭雷击,否,0.99999,recheck_with_site_evidence
小号铁夹,19,5,支持曾遭雷击,否,0.999994,recheck_with_site_evidence
小号铁夹,19,6,支持曾遭雷击,否,0.999994,recheck_with_site_evidence
小号铁夹,19,7,支持曾遭雷击,否,0.999995,recheck_with_site_evidence
小号铁夹,19,8,支持曾遭雷击,否,0.999994,recheck_with_site_evidence
小号铁夹,19,9,支持曾遭雷击,否,0.999996,recheck_with_site_evidence
小号铁夹,19,10,支持曾遭雷击,否,0.999998,recheck_with_site_evidence
小号铁夹,19,11,支持曾遭雷击,否,0.999999,recheck_with_site_evidence
小号铁夹,19,12,支持曾遭雷击,否,1.0,recheck_with_site_evidence
小号铁夹,19,13,支持曾遭雷击,否,0.999999,recheck_with_site_evidence
小号铁夹,19,14,支持曾遭雷击,否,0.999999,recheck_with_site_evidence
小号铁夹,19,15,支持曾遭雷击,否,0.999999,recheck_with_site_evidence
小号铁夹,19,22,支持曾遭雷击,否,0.999983,recheck_with_site_evidence
小号铁夹,19,30,支持曾遭雷击,否,0.999993,recheck_with_site_evidence
小号铁夹,19,37,支持曾遭雷击,否,0.999991,recheck_with_site_evidence
小号铁夹,19,44,灰区/证据不足,是,0.999997,delay_too_long_add_other_evidence
小号铁夹,19,51,灰区/证据不足,是,1.0,delay_too_long_add_other_evidence
小号铁夹,19,58,灰区/证据不足,是,0.999984,delay_too_long_add_other_evidence
小号铁夹,19,90,灰区/证据不足,是,0.999993,delay_too_long_add_other_evidence
小号铁夹,20,1,支持曾遭雷击,否,0.999886,recheck_with_site_evidence
小号铁夹,20,2,支持曾遭雷击,否,0.999771,recheck_with_site_evidence
小号铁夹,20,3,支持曾遭雷击,否,0.999567,recheck_with_site_evidence
小号铁夹,20,4,支持曾遭雷击,否,0.999657,recheck_with_site_evidence
小号铁夹,20,5,支持曾遭雷击,否,0.999744,recheck_with_site_evidence
小号铁夹,20,6,支持曾遭雷击,否,0.999745,recheck_with_site_evidence
小号铁夹,20,7,支持曾遭雷击,否,0.999782,recheck_with_site_evidence
小号铁夹,20,8,支持曾遭雷击,否,0.999759,recheck_with_site_evidence
小号铁夹,20,9,支持曾遭雷击,否,0.99981,recheck_with_site_evidence
小号铁夹,20,10,支持曾遭雷击,否,0.999892,recheck_with_site_evidence
小号铁夹,20,11,支持曾遭雷击,否,0.999952,recheck_with_site_evidence
小号铁夹,20,12,支持曾遭雷击,否,0.999976,recheck_with_site_evidence
小号铁夹,20,13,支持曾遭雷击,否,0.999945,recheck_with_site_evidence
小号铁夹,20,14,支持曾遭雷击,否,0.999945,recheck_with_site_evidence
小号铁夹,20,15,支持曾遭雷击,否,0.999956,recheck_with_site_evidence
小号铁夹,20,22,支持曾遭雷击,否,0.999486,recheck_with_site_evidence
小号铁夹,20,30,支持曾遭雷击,否,0.999718,recheck_with_site_evidence
小号铁夹,20,37,支持曾遭雷击,否,0.999685,recheck_with_site_evidence
小号铁夹,20,44,灰区/证据不足,是,0.999836,delay_too_long_add_other_evidence
小号铁夹,20,51,灰区/证据不足,是,0.999983,delay_too_long_add_other_evidence
小号铁夹,20,58,灰区/证据不足,是,0.999502,delay_too_long_add_other_evidence
小号铁夹,20,90,灰区/证据不足,是,0.999918,delay_too_long_add_other_evidence
普通钢筋,1,1,灰区/证据不足,否,0.941525,recheck_with_site_evidence
普通钢筋,1,2,灰区/证据不足,否,0.929817,recheck_with_site_evidence
普通钢筋,1,3,灰区/证据不足,否,0.917113,recheck_with_site_evidence
普通钢筋,1,4,灰区/证据不足,否,0.92028,recheck_with_site_evidence
普通钢筋,1,5,灰区/证据不足,否,0.925151,recheck_with_site_evidence
普通钢筋,1,6,灰区/证据不足,否,0.922031,recheck_with_site_evidence
普通钢筋,1,7,灰区/证据不足,否,0.922787,recheck_with_site_evidence
普通钢筋,1,8,灰区/证据不足,否,0.916444,recheck_with_site_evidence
普通钢筋,1,9,灰区/证据不足,否,0.919839,recheck_with_site_evidence
普通钢筋,1,10,灰区/证据不足,否,0.930978,recheck_with_site_evidence
普通钢筋,1,11,灰区/证据不足,否,0.945004,recheck_with_site_evidence
普通钢筋,1,12,灰区/证据不足,否,0.954783,recheck_with_site_evidence
普通钢筋,1,13,灰区/证据不足,否,0.937231,recheck_with_site_evidence
普通钢筋,1,14,灰区/证据不足,否,0.934154,recheck_with_site_evidence
普通钢筋,1,15,灰区/证据不足,否,0.936374,recheck_with_site_evidence
普通钢筋,1,22,灰区/证据不足,否,0.87471,recheck_with_site_evidence
普通钢筋,1,30,灰区/证据不足,否,0.893198,recheck_with_site_evidence
普通钢筋,1,37,灰区/证据不足,否,0.871075,recheck_with_site_evidence
普通钢筋,1,44,灰区/证据不足,否,0.885725,recheck_with_site_evidence
普通钢筋,1,51,灰区/证据不足,是,0.936099,delay_too_long_add_other_evidence
普通钢筋,1,58,灰区/证据不足,是,0.891026,delay_too_long_add_other_evidence
普通钢筋,1,90,灰区/证据不足,是,0.963962,delay_too_long_add_other_evidence
普通钢筋,2,1,支持曾遭雷击,否,0.999963,recheck_with_site_evidence
普通钢筋,2,2,支持曾遭雷击,否,0.999934,recheck_with_site_evidence
普通钢筋,2,3,支持曾遭雷击,否,0.999887,recheck_with_site_evidence
普通钢筋,2,4,支持曾遭雷击,否,0.999901,recheck_with_site_evidence
普通钢筋,2,5,支持曾遭雷击,否,0.999919,recheck_with_site_evidence
普通钢筋,2,6,支持曾遭雷击,否,0.999908,recheck_with_site_evidence
普通钢筋,2,7,支持曾遭雷击,否,0.99991,recheck_with_site_evidence
普通钢筋,2,8,支持曾遭雷击,否,0.999884,recheck_with_site_evidence
普通钢筋,2,9,支持曾遭雷击,否,0.999899,recheck_with_site_evidence
普通钢筋,2,10,支持曾遭雷击,否,0.999938,recheck_with_site_evidence
普通钢筋,2,11,支持曾遭雷击,否,0.99997,recheck_with_site_evidence
普通钢筋,2,12,支持曾遭雷击,否,0.999984,recheck_with_site_evidence
普通钢筋,2,13,支持曾遭雷击,否,0.999954,recheck_with_site_evidence
普通钢筋,2,14,支持曾遭雷击,否,0.999946,recheck_with_site_evidence
普通钢筋,2,15,支持曾遭雷击,否,0.999952,recheck_with_site_evidence
普通钢筋,2,22,支持曾遭雷击,否,0.999557,recheck_with_site_evidence
普通钢筋,2,30,支持曾遭雷击,否,0.99974,recheck_with_site_evidence
普通钢筋,2,37,支持曾遭雷击,否,0.999514,recheck_with_site_evidence
普通钢筋,2,44,支持曾遭雷击,否,0.999675,recheck_with_site_evidence
普通钢筋,2,51,灰区/证据不足,是,0.999951,delay_too_long_add_other_evidence
普通钢筋,2,58,灰区/证据不足,是,0.999718,delay_too_long_add_other_evidence
普通钢筋,2,90,灰区/证据不足,是,0.999993,delay_too_long_add_other_evidence
普通钢筋,3,1,灰区/证据不足,否,0.837708,recheck_with_site_evidence
普通钢筋,3,2,灰区/证据不足,否,0.817186,recheck_with_site_evidence
普通钢筋,3,3,灰区/证据不足,否,0.79622,recheck_with_site_evidence
普通钢筋,3,4,灰区/证据不足,否,0.801399,recheck_with_site_evidence
普通钢筋,3,5,灰区/证据不足,否,0.809362,recheck_with_site_evidence
普通钢筋,3,6,灰区/证据不足,否,0.804193,recheck_with_site_evidence
普通钢筋,3,7,灰区/证据不足,否,0.805474,recheck_with_site_evidence
普通钢筋,3,8,灰区/证据不足,否,0.795194,recheck_with_site_evidence
普通钢筋,3,9,灰区/证据不足,否,0.800645,recheck_with_site_evidence
普通钢筋,3,10,灰区/证据不足,否,0.819192,recheck_with_site_evidence
普通钢筋,3,11,灰区/证据不足,否,0.84412,recheck_with_site_evidence
普通钢筋,3,12,灰区/证据不足,否,0.86283,recheck_with_site_evidence
普通钢筋,3,13,灰区/证据不足,否,0.830018,recheck_with_site_evidence
普通钢筋,3,14,灰区/证据不足,否,0.824623,recheck_with_site_evidence
普通钢筋,3,15,灰区/证据不足,否,0.828438,recheck_with_site_evidence
普通钢筋,3,22,灰区/证据不足,否,0.733694,recheck_with_site_evidence
普通钢筋,3,30,灰区/证据不足,否,0.759824,recheck_with_site_evidence
普通钢筋,3,37,灰区/证据不足,否,0.728922,recheck_with_site_evidence
普通钢筋,3,44,灰区/证据不足,否,0.748936,recheck_with_site_evidence
普通钢筋,3,51,灰区/证据不足,是,0.827792,delay_too_long_add_other_evidence
普通钢筋,3,58,灰区/证据不足,是,0.755816,delay_too_long_add_other_evidence
普通钢筋,3,90,灰区/证据不足,是,0.886332,delay_too_long_add_other_evidence
普通钢筋,4,1,支持曾遭雷击,否,1.0,recheck_with_site_evidence
普通钢筋,4,2,支持曾遭雷击,否,1.0,recheck_with_site_evidence
普通钢筋,4,3,支持曾遭雷击,否,1.0,recheck_with_site_evidence
普通钢筋,4,4,支持曾遭雷击,否,1.0,recheck_with_site_evidence
普通钢筋,4,5,支持曾遭雷击,否,1.0,recheck_with_site_evidence
普通钢筋,4,6,支持曾遭雷击,否,1.0,recheck_with_site_evidence
普通钢筋,4,7,支持曾遭雷击,否,1.0,recheck_with_site_evidence
普通钢筋,4,8,支持曾遭雷击,否,1.0,recheck_with_site_evidence
普通钢筋,4,9,支持曾遭雷击,否,1.0,recheck_with_site_evidence
普通钢筋,4,10,支持曾遭雷击,否,1.0,recheck_with_site_evidence
普通钢筋,4,11,支持曾遭雷击,否,1.0,recheck_with_site_evidence
普通钢筋,4,12,支持曾遭雷击,否,1.0,recheck_with_site_evidence
普通钢筋,4,13,支持曾遭雷击,否,1.0,recheck_with_site_evidence
普通钢筋,4,14,支持曾遭雷击,否,1.0,recheck_with_site_evidence
普通钢筋,4,15,支持曾遭雷击,否,1.0,recheck_with_site_evidence
普通钢筋,4,22,支持曾遭雷击,否,1.0,recheck_with_site_evidence
普通钢筋,4,30,支持曾遭雷击,否,1.0,recheck_with_site_evidence
普通钢筋,4,37,支持曾遭雷击,否,1.0,recheck_with_site_evidence
普通钢筋,4,44,支持曾遭雷击,否,1.0,recheck_with_site_evidence
普通钢筋,4,51,灰区/证据不足,是,1.0,delay_too_long_add_other_evidence
普通钢筋,4,58,灰区/证据不足,是,1.0,delay_too_long_add_other_evidence
普通钢筋,4,90,灰区/证据不足,是,1.0,delay_too_long_add_other_evidence
普通钢筋,5,1,支持曾遭雷击,否,0.993123,recheck_with_site_evidence
普通钢筋,5,2,支持曾遭雷击,否,0.990647,recheck_with_site_evidence
普通钢筋,5,3,支持曾遭雷击,否,0.987597,recheck_with_site_evidence
普通钢筋,5,4,支持曾遭雷击,否,0.9884,recheck_with_site_evidence
普通钢筋,5,5,支持曾遭雷击,否,0.989575,recheck_with_site_evidence
普通钢筋,5,6,支持曾遭雷击,否,0.988823,recheck_with_site_evidence
普通钢筋,5,7,支持曾遭雷击,否,0.989007,recheck_with_site_evidence
普通钢筋,5,8,支持曾遭雷击,否,0.987438,recheck_with_site_evidence
普通钢筋,5,9,支持曾遭雷击,否,0.988287,recheck_with_site_evidence
普通钢筋,5,10,支持曾遭雷击,否,0.990907,recheck_with_site_evidence
普通钢筋,5,11,支持曾遭雷击,否,0.9938,recheck_with_site_evidence
普通钢筋,5,12,支持曾遭雷击,否,0.995531,recheck_with_site_evidence
普通钢筋,5,13,支持曾遭雷击,否,0.992252,recheck_with_site_evidence
普通钢筋,5,14,支持曾遭雷击,否,0.991604,recheck_with_site_evidence
普通钢筋,5,15,支持曾遭雷击,否,0.992068,recheck_with_site_evidence
普通钢筋,5,22,灰区/证据不足,否,0.974921,recheck_with_site_evidence
普通钢筋,5,30,支持曾遭雷击,否,0.980892,recheck_with_site_evidence
普通钢筋,5,37,灰区/证据不足,否,0.973645,recheck_with_site_evidence
普通钢筋,5,44,支持曾遭雷击,否,0.978547,recheck_with_site_evidence
普通钢筋,5,51,灰区/证据不足,是,0.992061,delay_too_long_add_other_evidence
普通钢筋,5,58,灰区/证据不足,是,0.980078,delay_too_long_add_other_evidence
普通钢筋,5,90,灰区/证据不足,是,0.996966,delay_too_long_add_other_evidence
普通钢筋,6,1,支持曾遭雷击,否,1.0,recheck_with_site_evidence
普通钢筋,6,2,支持曾遭雷击,否,0.999999,recheck_with_site_evidence
普通钢筋,6,3,支持曾遭雷击,否,0.999999,recheck_with_site_evidence
普通钢筋,6,4,支持曾遭雷击,否,0.999999,recheck_with_site_evidence
普通钢筋,6,5,支持曾遭雷击,否,0.999999,recheck_with_site_evidence
普通钢筋,6,6,支持曾遭雷击,否,0.999999,recheck_with_site_evidence
普通钢筋,6,7,支持曾遭雷击,否,0.999999,recheck_with_site_evidence
普通钢筋,6,8,支持曾遭雷击,否,0.999998,recheck_with_site_evidence
普通钢筋,6,9,支持曾遭雷击,否,0.999999,recheck_with_site_evidence
普通钢筋,6,10,支持曾遭雷击,否,0.999999,recheck_with_site_evidence
普通钢筋,6,11,支持曾遭雷击,否,1.0,recheck_with_site_evidence
普通钢筋,6,12,支持曾遭雷击,否,1.0,recheck_with_site_evidence
普通钢筋,6,13,支持曾遭雷击,否,1.0,recheck_with_site_evidence
普通钢筋,6,14,支持曾遭雷击,否,0.999999,recheck_with_site_evidence
普通钢筋,6,15,支持曾遭雷击,否,1.0,recheck_with_site_evidence
普通钢筋,6,22,支持曾遭雷击,否,0.99999,recheck_with_site_evidence
普通钢筋,6,30,支持曾遭雷击,否,0.999995,recheck_with_site_evidence
普通钢筋,6,37,支持曾遭雷击,否,0.999988,recheck_with_site_evidence
普通钢筋,6,44,支持曾遭雷击,否,0.999993,recheck_with_site_evidence
普通钢筋,6,51,灰区/证据不足,是,1.0,delay_too_long_add_other_evidence
普通钢筋,6,58,灰区/证据不足,是,0.999995,delay_too_long_add_other_evidence
普通钢筋,6,90,灰区/证据不足,是,1.0,delay_too_long_add_other_evidence
普通钢筋,7,1,支持曾遭雷击,否,0.997489,recheck_with_site_evidence
普通钢筋,7,2,支持曾遭雷击,否,0.996385,recheck_with_site_evidence
普通钢筋,7,3,支持曾遭雷击,否,0.994953,recheck_with_site_evidence
普通钢筋,7,4,支持曾遭雷击,否,0.995337,recheck_with_site_evidence
普通钢筋,7,5,支持曾遭雷击,否,0.99589,recheck_with_site_evidence
普通钢筋,7,6,支持曾遭雷击,否,0.995538,recheck_with_site_evidence
普通钢筋,7,7,支持曾遭雷击,否,0.995625,recheck_with_site_evidence
普通钢筋,7,8,支持曾遭雷击,否,0.994874,recheck_with_site_evidence
普通钢筋,7,9,支持曾遭雷击,否,0.995284,recheck_with_site_evidence
普通钢筋,7,10,支持曾遭雷击,否,0.996505,recheck_with_site_evidence
普通钢筋,7,11,支持曾遭雷击,否,0.997778,recheck_with_site_evidence
普通钢筋,7,12,支持曾遭雷击,否,0.99849,recheck_with_site_evidence
普通钢筋,7,13,支持曾遭雷击,否,0.997106,recheck_with_site_evidence
普通钢筋,7,14,支持曾遭雷击,否,0.996819,recheck_with_site_evidence
普通钢筋,7,15,支持曾遭雷击,否,0.997028,recheck_with_site_evidence
普通钢筋,7,22,支持曾遭雷击,否,0.988352,recheck_with_site_evidence
普通钢筋,7,30,支持曾遭雷击,否,0.991562,recheck_with_site_evidence
普通钢筋,7,37,支持曾遭雷击,否,0.987644,recheck_with_site_evidence
普通钢筋,7,44,支持曾遭雷击,否,0.990333,recheck_with_site_evidence
普通钢筋,7,51,灰区/证据不足,是,0.997019,delay_too_long_add_other_evidence
普通钢筋,7,58,灰区/证据不足,是,0.991166,delay_too_long_add_other_evidence
普通钢筋,7,90,灰区/证据不足,是,0.999038,delay_too_long_add_other_evidence
普通钢筋,8,1,支持曾遭雷击,否,0.999981,recheck_with_site_evidence
普通钢筋,8,2,支持曾遭雷击,否,0.999965,recheck_with_site_evidence
普通钢筋,8,3,支持曾遭雷击,否,0.999938,recheck_with_site_evidence
普通钢筋,8,4,支持曾遭雷击,否,0.999946,recheck_with_site_evidence
普通钢筋,8,5,支持曾遭雷击,否,0.999956,recheck_with_site_evidence
普通钢筋,8,6,支持曾遭雷击,否,0.99995,recheck_with_site_evidence
普通钢筋,8,7,支持曾遭雷击,否,0.999951,recheck_with_site_evidence
普通钢筋,8,8,支持曾遭雷击,否,0.999936,recheck_with_site_evidence
普通钢筋,8,9,支持曾遭雷击,否,0.999945,recheck_with_site_evidence
普通钢筋,8,10,支持曾遭雷击,否,0.999967,recheck_with_site_evidence
普通钢筋,8,11,支持曾遭雷击,否,0.999985,recheck_with_site_evidence
普通钢筋,8,12,支持曾遭雷击,否,0.999992,recheck_with_site_evidence
普通钢筋,8,13,支持曾遭雷击,否,0.999976,recheck_with_site_evidence
普通钢筋,8,14,支持曾遭雷击,否,0.999972,recheck_with_site_evidence
普通钢筋,8,15,支持曾遭雷击,否,0.999975,recheck_with_site_evidence
普通钢筋,8,22,支持曾遭雷击,否,0.999735,recheck_with_site_evidence
普通钢筋,8,30,支持曾遭雷击,否,0.999849,recheck_with_site_evidence
普通钢筋,8,37,支持曾遭雷击,否,0.999707,recheck_with_site_evidence
普通钢筋,8,44,支持曾遭雷击,否,0.999808,recheck_with_site_evidence
普通钢筋,8,51,灰区/证据不足,是,0.999975,delay_too_long_add_other_evidence
普通钢筋,8,58,灰区/证据不足,是,0.999836,delay_too_long_add_other_evidence
普通钢筋,8,90,灰区/证据不足,是,0.999997,delay_too_long_add_other_evidence
普通钢筋,9,1,支持曾遭雷击,否,0.999991,recheck_with_site_evidence
普通钢筋,9,2,支持曾遭雷击,否,0.999982,recheck_with_site_evidence
普通钢筋,9,3,支持曾遭雷击,否,0.999968,recheck_with_site_evidence
普通钢筋,9,4,支持曾遭雷击,否,0.999972,recheck_with_site_evidence
普通钢筋,9,5,支持曾遭雷击,否,0.999978,recheck_with_site_evidence
普通钢筋,9,6,支持曾遭雷击,否,0.999974,recheck_with_site_evidence
普通钢筋,9,7,支持曾遭雷击,否,0.999975,recheck_with_site_evidence
普通钢筋,9,8,支持曾遭雷击,否,0.999967,recheck_with_site_evidence
普通钢筋,9,9,支持曾遭雷击,否,0.999971,recheck_with_site_evidence
普通钢筋,9,10,支持曾遭雷击,否,0.999983,recheck_with_site_evidence
普通钢筋,9,11,支持曾遭雷击,否,0.999993,recheck_with_site_evidence
普通钢筋,9,12,支持曾遭雷击,否,0.999996,recheck_with_site_evidence
普通钢筋,9,13,支持曾遭雷击,否,0.999988,recheck_with_site_evidence
普通钢筋,9,14,支持曾遭雷击,否,0.999986,recheck_with_site_evidence
普通钢筋,9,15,支持曾遭雷击,否,0.999988,recheck_with_site_evidence
普通钢筋,9,22,支持曾遭雷击,否,0.99985,recheck_with_site_evidence
普通钢筋,9,30,支持曾遭雷击,否,0.999917,recheck_with_site_evidence
普通钢筋,9,37,支持曾遭雷击,否,0.999833,recheck_with_site_evidence
普通钢筋,9,44,支持曾遭雷击,否,0.999893,recheck_with_site_evidence
普通钢筋,9,51,灰区/证据不足,是,0.999988,delay_too_long_add_other_evidence
普通钢筋,9,58,灰区/证据不足,是,0.999911,delay_too_long_add_other_evidence
普通钢筋,9,90,灰区/证据不足,是,0.999998,delay_too_long_add_other_evidence
普通钢筋,10,1,支持曾遭雷击,否,0.976226,recheck_with_site_evidence
普通钢筋,10,2,灰区/证据不足,否,0.969887,recheck_with_site_evidence
普通钢筋,10,3,灰区/证据不足,否,0.962644,recheck_with_site_evidence
普通钢筋,10,4,灰区/证据不足,否,0.964484,recheck_with_site_evidence
普通钢筋,10,5,灰区/证据不足,否,0.967284,recheck_with_site_evidence
普通钢筋,10,6,灰区/证据不足,否,0.965493,recheck_with_site_evidence
普通钢筋,10,7,灰区/证据不足,否,0.965939,recheck_with_site_evidence
普通钢筋,10,8,灰区/证据不足,否,0.962263,recheck_with_site_evidence
普通钢筋,10,9,灰区/证据不足,否,0.964232,recheck_with_site_evidence
普通钢筋,10,10,灰区/证据不足,否,0.970548,recheck_with_site_evidence
普通钢筋,10,11,支持曾遭雷击,否,0.978045,recheck_with_site_evidence
普通钢筋,10,12,支持曾遭雷击,否,0.982943,recheck_with_site_evidence
普通钢筋,10,13,灰区/证据不足,否,0.973948,recheck_with_site_evidence
普通钢筋,10,14,灰区/证据不足,否,0.972284,recheck_with_site_evidence
普通钢筋,10,15,灰区/证据不足,否,0.973483,recheck_with_site_evidence
普通钢筋,10,22,灰区/证据不足,否,0.936025,recheck_with_site_evidence
普通钢筋,10,30,灰区/证据不足,否,0.948027,recheck_with_site_evidence
普通钢筋,10,37,灰区/证据不足,否,0.933746,recheck_with_site_evidence
普通钢筋,10,44,灰区/证据不足,否,0.943236,recheck_with_site_evidence
普通钢筋,10,51,灰区/证据不足,是,0.973468,delay_too_long_add_other_evidence
普通钢筋,10,58,灰区/证据不足,是,0.946189,delay_too_long_add_other_evidence
普通钢筋,10,90,灰区/证据不足,是,0.987376,delay_too_long_add_other_evidence
锈蚀钢筋,1,1,支持曾遭雷击,否,1.0,recheck_with_site_evidence
锈蚀钢筋,1,2,支持曾遭雷击,否,1.0,recheck_with_site_evidence
锈蚀钢筋,1,3,支持曾遭雷击,否,1.0,recheck_with_site_evidence
锈蚀钢筋,1,4,支持曾遭雷击,否,1.0,recheck_with_site_evidence
锈蚀钢筋,1,5,支持曾遭雷击,否,1.0,recheck_with_site_evidence
锈蚀钢筋,1,6,支持曾遭雷击,否,1.0,recheck_with_site_evidence
锈蚀钢筋,1,7,支持曾遭雷击,否,1.0,recheck_with_site_evidence
锈蚀钢筋,1,8,支持曾遭雷击,否,1.0,recheck_with_site_evidence
锈蚀钢筋,1,9,支持曾遭雷击,否,1.0,recheck_with_site_evidence
锈蚀钢筋,1,10,支持曾遭雷击,否,1.0,recheck_with_site_evidence
锈蚀钢筋,1,11,支持曾遭雷击,否,1.0,recheck_with_site_evidence
锈蚀钢筋,1,12,支持曾遭雷击,否,1.0,recheck_with_site_evidence
锈蚀钢筋,1,13,支持曾遭雷击,否,1.0,recheck_with_site_evidence
锈蚀钢筋,1,14,支持曾遭雷击,否,1.0,recheck_with_site_evidence
锈蚀钢筋,1,15,支持曾遭雷击,否,1.0,recheck_with_site_evidence
锈蚀钢筋,1,22,支持曾遭雷击,否,1.0,recheck_with_site_evidence
锈蚀钢筋,1,30,支持曾遭雷击,否,1.0,recheck_with_site_evidence
锈蚀钢筋,1,37,灰区/证据不足,是,1.0,delay_too_long_add_other_evidence
锈蚀钢筋,1,44,灰区/证据不足,是,1.0,delay_too_long_add_other_evidence
锈蚀钢筋,1,51,灰区/证据不足,是,1.0,delay_too_long_add_other_evidence
锈蚀钢筋,1,58,灰区/证据不足,是,1.0,delay_too_long_add_other_evidence
锈蚀钢筋,1,90,灰区/证据不足,是,1.0,delay_too_long_add_other_evidence
锈蚀钢筋,2,1,支持曾遭雷击,否,1.0,recheck_with_site_evidence
锈蚀钢筋,2,2,支持曾遭雷击,否,1.0,recheck_with_site_evidence
锈蚀钢筋,2,3,支持曾遭雷击,否,0.999999,recheck_with_site_evidence
锈蚀钢筋,2,4,支持曾遭雷击,否,1.0,recheck_with_site_evidence
锈蚀钢筋,2,5,支持曾遭雷击,否,1.0,recheck_with_site_evidence
锈蚀钢筋,2,6,支持曾遭雷击,否,1.0,recheck_with_site_evidence
锈蚀钢筋,2,7,支持曾遭雷击,否,1.0,recheck_with_site_evidence
锈蚀钢筋,2,8,支持曾遭雷击,否,1.0,recheck_with_site_evidence
锈蚀钢筋,2,9,支持曾遭雷击,否,1.0,recheck_with_site_evidence
锈蚀钢筋,2,10,支持曾遭雷击,否,1.0,recheck_with_site_evidence
锈蚀钢筋,2,11,支持曾遭雷击,否,1.0,recheck_with_site_evidence
锈蚀钢筋,2,12,支持曾遭雷击,否,1.0,recheck_with_site_evidence
锈蚀钢筋,2,13,支持曾遭雷击,否,1.0,recheck_with_site_evidence
锈蚀钢筋,2,14,支持曾遭雷击,否,1.0,recheck_with_site_evidence
锈蚀钢筋,2,15,支持曾遭雷击,否,1.0,recheck_with_site_evidence
锈蚀钢筋,2,22,支持曾遭雷击,否,1.0,recheck_with_site_evidence
锈蚀钢筋,2,30,支持曾遭雷击,否,1.0,recheck_with_site_evidence
锈蚀钢筋,2,37,灰区/证据不足,是,1.0,delay_too_long_add_other_evidence
锈蚀钢筋,2,44,灰区/证据不足,是,1.0,delay_too_long_add_other_evidence
锈蚀钢筋,2,51,灰区/证据不足,是,1.0,delay_too_long_add_other_evidence
锈蚀钢筋,2,58,灰区/证据不足,是,0.999999,delay_too_long_add_other_evidence
锈蚀钢筋,2,90,灰区/证据不足,是,1.0,delay_too_long_add_other_evidence
锈蚀钢筋,3,1,支持曾遭雷击,否,1.0,recheck_with_site_evidence
锈蚀钢筋,3,2,支持曾遭雷击,否,1.0,recheck_with_site_evidence
锈蚀钢筋,3,3,支持曾遭雷击,否,1.0,recheck_with_site_evidence
锈蚀钢筋,3,4,支持曾遭雷击,否,1.0,recheck_with_site_evidence
锈蚀钢筋,3,5,支持曾遭雷击,否,1.0,recheck_with_site_evidence
锈蚀钢筋,3,6,支持曾遭雷击,否,1.0,recheck_with_site_evidence
锈蚀钢筋,3,7,支持曾遭雷击,否,1.0,recheck_with_site_evidence
锈蚀钢筋,3,8,支持曾遭雷击,否,1.0,recheck_with_site_evidence
锈蚀钢筋,3,9,支持曾遭雷击,否,1.0,recheck_with_site_evidence
锈蚀钢筋,3,10,支持曾遭雷击,否,1.0,recheck_with_site_evidence
锈蚀钢筋,3,11,支持曾遭雷击,否,1.0,recheck_with_site_evidence
锈蚀钢筋,3,12,支持曾遭雷击,否,1.0,recheck_with_site_evidence
锈蚀钢筋,3,13,支持曾遭雷击,否,1.0,recheck_with_site_evidence
锈蚀钢筋,3,14,支持曾遭雷击,否,1.0,recheck_with_site_evidence
锈蚀钢筋,3,15,支持曾遭雷击,否,1.0,recheck_with_site_evidence
锈蚀钢筋,3,22,支持曾遭雷击,否,1.0,recheck_with_site_evidence
锈蚀钢筋,3,30,支持曾遭雷击,否,1.0,recheck_with_site_evidence
锈蚀钢筋,3,37,灰区/证据不足,是,1.0,delay_too_long_add_other_evidence
锈蚀钢筋,3,44,灰区/证据不足,是,1.0,delay_too_long_add_other_evidence
锈蚀钢筋,3,51,灰区/证据不足,是,1.0,delay_too_long_add_other_evidence
锈蚀钢筋,3,58,灰区/证据不足,是,1.0,delay_too_long_add_other_evidence
锈蚀钢筋,3,90,灰区/证据不足,是,1.0,delay_too_long_add_other_evidence
锈蚀钢筋,4,1,支持曾遭雷击,否,1.0,recheck_with_site_evidence
锈蚀钢筋,4,2,支持曾遭雷击,否,1.0,recheck_with_site_evidence
锈蚀钢筋,4,3,支持曾遭雷击,否,1.0,recheck_with_site_evidence
锈蚀钢筋,4,4,支持曾遭雷击,否,1.0,recheck_with_site_evidence
锈蚀钢筋,4,5,支持曾遭雷击,否,1.0,recheck_with_site_evidence
锈蚀钢筋,4,6,支持曾遭雷击,否,1.0,recheck_with_site_evidence
锈蚀钢筋,4,7,支持曾遭雷击,否,1.0,recheck_with_site_evidence
锈蚀钢筋,4,8,支持曾遭雷击,否,1.0,recheck_with_site_evidence
锈蚀钢筋,4,9,支持曾遭雷击,否,1.0,recheck_with_site_evidence
锈蚀钢筋,4,10,支持曾遭雷击,否,1.0,recheck_with_site_evidence
锈蚀钢筋,4,11,支持曾遭雷击,否,1.0,recheck_with_site_evidence
锈蚀钢筋,4,12,支持曾遭雷击,否,1.0,recheck_with_site_evidence
锈蚀钢筋,4,13,支持曾遭雷击,否,1.0,recheck_with_site_evidence
锈蚀钢筋,4,14,支持曾遭雷击,否,1.0,recheck_with_site_evidence
锈蚀钢筋,4,15,支持曾遭雷击,否,1.0,recheck_with_site_evidence
锈蚀钢筋,4,22,支持曾遭雷击,否,1.0,recheck_with_site_evidence
锈蚀钢筋,4,30,支持曾遭雷击,否,1.0,recheck_with_site_evidence
锈蚀钢筋,4,37,灰区/证据不足,是,1.0,delay_too_long_add_other_evidence
锈蚀钢筋,4,44,灰区/证据不足,是,1.0,delay_too_long_add_other_evidence
锈蚀钢筋,4,51,灰区/证据不足,是,1.0,delay_too_long_add_other_evidence
锈蚀钢筋,4,58,灰区/证据不足,是,1.0,delay_too_long_add_other_evidence
锈蚀钢筋,4,90,灰区/证据不足,是,1.0,delay_too_long_add_other_evidence
锈蚀钢筋,5,1,支持曾遭雷击,否,0.999995,recheck_with_site_evidence
锈蚀钢筋,5,2,支持曾遭雷击,否,0.999985,recheck_with_site_evidence
锈蚀钢筋,5,3,支持曾遭雷击,否,0.999963,recheck_with_site_evidence
锈蚀钢筋,5,4,支持曾遭雷击,否,0.999975,recheck_with_site_evidence
锈蚀钢筋,5,5,支持曾遭雷击,否,0.999984,recheck_with_site_evidence
锈蚀钢筋,5,6,支持曾遭雷击,否,0.999986,recheck_with_site_evidence
锈蚀钢筋,5,7,支持曾遭雷击,否,0.999989,recheck_with_site_evidence
锈蚀钢筋,5,8,支持曾遭雷击,否,0.999989,recheck_with_site_evidence
锈蚀钢筋,5,9,支持曾遭雷击,否,0.999993,recheck_with_site_evidence
锈蚀钢筋,5,10,支持曾遭雷击,否,0.999997,recheck_with_site_evidence
锈蚀钢筋,5,11,支持曾遭雷击,否,0.999999,recheck_with_site_evidence
锈蚀钢筋,5,12,支持曾遭雷击,否,1.0,recheck_with_site_evidence
锈蚀钢筋,5,13,支持曾遭雷击,否,0.999999,recheck_with_site_evidence
锈蚀钢筋,5,14,支持曾遭雷击,否,0.999999,recheck_with_site_evidence
锈蚀钢筋,5,15,支持曾遭雷击,否,0.999999,recheck_with_site_evidence
锈蚀钢筋,5,22,支持曾遭雷击,否,0.999979,recheck_with_site_evidence
锈蚀钢筋,5,30,支持曾遭雷击,否,0.999991,recheck_with_site_evidence
锈蚀钢筋,5,37,灰区/证据不足,是,0.999993,delay_too_long_add_other_evidence
锈蚀钢筋,5,44,灰区/证据不足,是,0.999998,delay_too_long_add_other_evidence
锈蚀钢筋,5,51,灰区/证据不足,是,1.0,delay_too_long_add_other_evidence
锈蚀钢筋,5,58,灰区/证据不足,是,0.999972,delay_too_long_add_other_evidence
锈蚀钢筋,5,90,灰区/证据不足,是,0.99996,delay_too_long_add_other_evidence
锈蚀钢筋,6,1,支持曾遭雷击,否,1.0,recheck_with_site_evidence
锈蚀钢筋,6,2,支持曾遭雷击,否,1.0,recheck_with_site_evidence
锈蚀钢筋,6,3,支持曾遭雷击,否,1.0,recheck_with_site_evidence
锈蚀钢筋,6,4,支持曾遭雷击,否,1.0,recheck_with_site_evidence
锈蚀钢筋,6,5,支持曾遭雷击,否,1.0,recheck_with_site_evidence
锈蚀钢筋,6,6,支持曾遭雷击,否,1.0,recheck_with_site_evidence
锈蚀钢筋,6,7,支持曾遭雷击,否,1.0,recheck_with_site_evidence
锈蚀钢筋,6,8,支持曾遭雷击,否,1.0,recheck_with_site_evidence
锈蚀钢筋,6,9,支持曾遭雷击,否,1.0,recheck_with_site_evidence
锈蚀钢筋,6,10,支持曾遭雷击,否,1.0,recheck_with_site_evidence
锈蚀钢筋,6,11,支持曾遭雷击,否,1.0,recheck_with_site_evidence
锈蚀钢筋,6,12,支持曾遭雷击,否,1.0,recheck_with_site_evidence
锈蚀钢筋,6,13,支持曾遭雷击,否,1.0,recheck_with_site_evidence
锈蚀钢筋,6,14,支持曾遭雷击,否,1.0,recheck_with_site_evidence
锈蚀钢筋,6,15,支持曾遭雷击,否,1.0,recheck_with_site_evidence
锈蚀钢筋,6,22,支持曾遭雷击,否,1.0,recheck_with_site_evidence
锈蚀钢筋,6,30,支持曾遭雷击,否,1.0,recheck_with_site_evidence
锈蚀钢筋,6,37,灰区/证据不足,是,1.0,delay_too_long_add_other_evidence
锈蚀钢筋,6,44,灰区/证据不足,是,1.0,delay_too_long_add_other_evidence
锈蚀钢筋,6,51,灰区/证据不足,是,1.0,delay_too_long_add_other_evidence
锈蚀钢筋,6,58,灰区/证据不足,是,1.0,delay_too_long_add_other_evidence
锈蚀钢筋,6,90,灰区/证据不足,是,1.0,delay_too_long_add_other_evidence
锈蚀钢筋,7,1,灰区/证据不足,否,0.958564,recheck_with_site_evidence
锈蚀钢筋,7,2,灰区/证据不足,否,0.943885,recheck_with_site_evidence
锈蚀钢筋,7,3,灰区/证据不足,否,0.926408,recheck_with_site_evidence
锈蚀钢筋,7,4,灰区/证据不足,否,0.934168,recheck_with_site_evidence
锈蚀钢筋,7,5,灰区/证据不足,否,0.942408,recheck_with_site_evidence
锈蚀钢筋,7,6,灰区/证据不足,否,0.943971,recheck_with_site_evidence
锈蚀钢筋,7,7,灰区/证据不足,否,0.948647,recheck_with_site_evidence
锈蚀钢筋,7,8,灰区/证据不足,否,0.948166,recheck_with_site_evidence
锈蚀钢筋,7,9,灰区/证据不足,否,0.95395,recheck_with_site_evidence
锈蚀钢筋,7,10,灰区/证据不足,否,0.9641,recheck_with_site_evidence
锈蚀钢筋,7,11,灰区/证据不足,否,0.974645,recheck_with_site_evidence
锈蚀钢筋,7,12,支持曾遭雷击,否,0.981695,recheck_with_site_evidence
锈蚀钢筋,7,13,支持曾遭雷击,否,0.975045,recheck_with_site_evidence
锈蚀钢筋,7,14,支持曾遭雷击,否,0.975729,recheck_with_site_evidence
锈蚀钢筋,7,15,支持曾遭雷击,否,0.978679,recheck_with_site_evidence
锈蚀钢筋,7,22,灰区/证据不足,否,0.937781,recheck_with_site_evidence
锈蚀钢筋,7,30,灰区/证据不足,否,0.952055,recheck_with_site_evidence
锈蚀钢筋,7,37,灰区/证据不足,是,0.955305,delay_too_long_add_other_evidence
锈蚀钢筋,7,44,灰区/证据不足,是,0.968382,delay_too_long_add_other_evidence
锈蚀钢筋,7,51,灰区/证据不足,是,0.989174,delay_too_long_add_other_evidence
锈蚀钢筋,7,58,灰区/证据不足,是,0.929409,delay_too_long_add_other_evidence
锈蚀钢筋,7,90,灰区/证据不足,是,0.969692,delay_too_long_add_other_evidence
锈蚀钢筋,8,1,支持曾遭雷击,否,0.989679,recheck_with_site_evidence
锈蚀钢筋,8,2,支持曾遭雷击,否,0.984206,recheck_with_site_evidence
锈蚀钢筋,8,3,支持曾遭雷击,否,0.976887,recheck_with_site_evidence
锈蚀钢筋,8,4,支持曾遭雷击,否,0.98024,recheck_with_site_evidence
锈蚀钢筋,8,5,支持曾遭雷击,否,0.983628,recheck_with_site_evidence
锈蚀钢筋,8,6,支持曾遭雷击,否,0.984257,recheck_with_site_evidence
锈蚀钢筋,8,7,支持曾遭雷击,否,0.986062,recheck_with_site_evidence
锈蚀钢筋,8,8,支持曾遭雷击,否,0.98588,recheck_with_site_evidence
锈蚀钢筋,8,9,支持曾遭雷击,否,0.98804,recheck_with_site_evidence
锈蚀钢筋,8,10,支持曾遭雷击,否,0.991555,recheck_with_site_evidence
锈蚀钢筋,8,11,支持曾遭雷击,否,0.994795,recheck_with_site_evidence
锈蚀钢筋,8,12,支持曾遭雷击,否,0.996684,recheck_with_site_evidence
锈蚀钢筋,8,13,支持曾遭雷击,否,0.994905,recheck_with_site_evidence
锈蚀钢筋,8,14,支持曾遭雷击,否,0.995101,recheck_with_site_evidence
锈蚀钢筋,8,15,支持曾遭雷击,否,0.995904,recheck_with_site_evidence
锈蚀钢筋,8,22,支持曾遭雷击,否,0.981757,recheck_with_site_evidence
锈蚀钢筋,8,30,支持曾遭雷击,否,0.987364,recheck_with_site_evidence
锈蚀钢筋,8,37,灰区/证据不足,是,0.988568,delay_too_long_add_other_evidence
锈蚀钢筋,8,44,灰区/证据不足,是,0.992887,delay_too_long_add_other_evidence
锈蚀钢筋,8,51,灰区/证据不足,是,0.998321,delay_too_long_add_other_evidence
锈蚀钢筋,8,58,灰区/证据不足,是,0.979476,delay_too_long_add_other_evidence
锈蚀钢筋,8,90,灰区/证据不足,是,0.969692,delay_too_long_add_other_evidence
锈蚀钢筋,9,1,灰区/证据不足,否,0.933044,recheck_with_site_evidence
锈蚀钢筋,9,2,灰区/证据不足,否,0.913153,recheck_with_site_evidence
锈蚀钢筋,9,3,灰区/证据不足,否,0.890496,recheck_with_site_evidence
锈蚀钢筋,9,4,灰区/证据不足,否,0.900456,recheck_with_site_evidence
锈蚀钢筋,9,5,灰区/证据不足,否,0.911245,recheck_with_site_evidence
锈蚀钢筋,9,6,灰区/证据不足,否,0.913285,recheck_with_site_evidence
锈蚀钢筋,9,7,灰区/证据不足,否,0.919531,recheck_with_site_evidence
锈蚀钢筋,9,8,灰区/证据不足,否,0.918889,recheck_with_site_evidence
锈蚀钢筋,9,9,灰区/证据不足,否,0.926722,recheck_with_site_evidence
锈蚀钢筋,9,10,灰区/证据不足,否,0.94082,recheck_with_site_evidence
锈蚀钢筋,9,11,灰区/证据不足,否,0.956071,recheck_with_site_evidence
锈蚀钢筋,9,12,灰区/证据不足,否,0.96682,recheck_with_site_evidence
锈蚀钢筋,9,13,灰区/证据不足,否,0.956657,recheck_with_site_evidence
锈蚀钢筋,9,14,灰区/证据不足,否,0.957725,recheck_with_site_evidence
锈蚀钢筋,9,15,灰区/证据不足,否,0.962179,recheck_with_site_evidence
锈蚀钢筋,9,22,灰区/证据不足,否,0.905181,recheck_with_site_evidence
锈蚀钢筋,9,30,灰区/证据不足,否,0.924275,recheck_with_site_evidence
锈蚀钢筋,9,37,灰区/证据不足,是,0.928445,delay_too_long_add_other_evidence
锈蚀钢筋,9,44,灰区/证据不足,是,0.946664,delay_too_long_add_other_evidence
锈蚀钢筋,9,51,灰区/证据不足,是,0.97867,delay_too_long_add_other_evidence
锈蚀钢筋,9,58,灰区/证据不足,是,0.897627,delay_too_long_add_other_evidence
锈蚀钢筋,9,90,灰区/证据不足,是,0.788617,delay_too_long_add_other_evidence
锈蚀钢筋,10,1,支持曾遭雷击,否,0.99866,recheck_with_site_evidence
锈蚀钢筋,10,2,支持曾遭雷击,否,0.997569,recheck_with_site_evidence
锈蚀钢筋,10,3,支持曾遭雷击,否,0.995845,recheck_with_site_evidence
锈蚀钢筋,10,4,支持曾遭雷击,否,0.996668,recheck_with_site_evidence
锈蚀钢筋,10,5,支持曾遭雷击,否,0.997443,recheck_with_site_evidence
锈蚀钢筋,10,6,支持曾遭雷击,否,0.997579,recheck_with_site_evidence
锈蚀钢筋,10,7,支持曾遭雷击,否,0.997959,recheck_with_site_evidence
锈蚀钢筋,10,8,支持曾遭雷击,否,0.997922,recheck_with_site_evidence
锈蚀钢筋,10,9,支持曾遭雷击,否,0.998353,recheck_with_site_evidence
锈蚀钢筋,10,10,支持曾遭雷击,否,0.998987,recheck_with_site_evidence
锈蚀钢筋,10,11,支持曾遭雷击,否,0.999483,recheck_with_site_evidence
锈蚀钢筋,10,12,支持曾遭雷击,否,0.999723,recheck_with_site_evidence
锈蚀钢筋,10,13,支持曾遭雷击,否,0.999498,recheck_with_site_evidence
锈蚀钢筋,10,14,支持曾遭雷击,否,0.999526,recheck_with_site_evidence
锈蚀钢筋,10,15,支持曾遭雷击,否,0.99963,recheck_with_site_evidence
锈蚀钢筋,10,22,支持曾遭雷击,否,0.997027,recheck_with_site_evidence
锈蚀钢筋,10,30,支持曾遭雷击,否,0.998215,recheck_with_site_evidence
锈蚀钢筋,10,37,灰区/证据不足,是,0.998456,delay_too_long_add_other_evidence
锈蚀钢筋,10,44,灰区/证据不足,是,0.999188,delay_too_long_add_other_evidence
锈蚀钢筋,10,51,灰区/证据不足,是,0.999893,delay_too_long_add_other_evidence
锈蚀钢筋,10,58,灰区/证据不足,是,0.996247,delay_too_long_add_other_evidence
锈蚀钢筋,10,90,灰区/证据不足,是,0.998281,delay_too_long_add_other_evidence
